2024-11-26 08:39:34,156 [INFO] WebApp:186 - Connection restablished
2024-11-26 09:04:35,722 [INFO] Activator:176 - 


2024-11-26 09:04:35,723 [INFO] Activator:177 - !SESSION log4j initialized
2024-11-26 09:04:39,464 [INFO] LogOutputStream:77 - [STDOUT_REDIRECT] 
2024-11-26 09:04:40,802 [INFO] ApplicationProperties:184 - Using Application install path: /opt/st/stm32cubeide_1.16.1/plugins/com.st.stm32cube.common.mx_6.12.1.202409122256
2024-11-26 09:04:40,818 [INFO] DbMcusXml:78 - Set database path to: /opt/st/stm32cubeide_1.16.1/plugins/com.st.stm32cube.common.mx_6.12.1.202409122256//db//mcu/
2024-11-26 09:04:40,818 [INFO] ApiDb:274 - Set plugin database path to: /opt/st/stm32cubeide_1.16.1/plugins/com.st.stm32cube.common.mx_6.12.1.202409122256//db//plugins/boardmanager/
2024-11-26 09:04:40,818 [WARN] ApiDb:259 - Overriding images path with different value:  => /opt/st/stm32cubeide_1.16.1/plugins/com.st.stm32cube.common.mx_6.12.1.202409122256//db//plugins/mcufinder/images/
2024-11-26 09:04:40,824 [INFO] ApiDb:250 - Set database path to: /home/sharad/.stmcufinder/plugins/mcufinder//mcu/
2024-11-26 09:04:40,825 [INFO] DbMcusAds:125 - Set database path to: /home/sharad/.stmcufinder/plugins/mcufinder//mcu/
2024-11-26 09:04:40,827 [INFO] CrossReferenceDbSqlite:203 - Set database path to: /home/sharad/.stmcufinder/plugins/mcufinder//mcu/cs/
2024-11-26 09:04:40,913 [INFO] RulesReader:64 - Compatibility file has been processed (297 Rules)
2024-11-26 09:04:40,963 [INFO] DbMcusXml:78 - Set database path to: /opt/st/stm32cubeide_1.16.1/plugins/com.st.stm32cube.common.mx_6.12.1.202409122256//db//mcu/
2024-11-26 09:04:40,963 [INFO] ApiDb:274 - Set plugin database path to: /opt/st/stm32cubeide_1.16.1/plugins/com.st.stm32cube.common.mx_6.12.1.202409122256//db//plugins/boardmanager/
2024-11-26 09:04:40,964 [INFO] ApiDb:261 - Set plugin images path to: /opt/st/stm32cubeide_1.16.1/plugins/com.st.stm32cube.common.mx_6.12.1.202409122256//db//plugins/mcufinder/images/
2024-11-26 09:04:40,964 [WARN] DbFile:41 - Overriding database path with different value: /home/sharad/.stmcufinder/plugins/mcufinder/ => /home/sharad/.stmcufinder/plugins/mcufinder
2024-11-26 09:04:40,964 [INFO] ApiDb:250 - Set database path to: /home/sharad/.stmcufinder/plugins/mcufinder//mcu/
2024-11-26 09:04:40,964 [WARN] DbFile:41 - Overriding database path with different value: /home/sharad/.stmcufinder/plugins/mcufinder/ => /home/sharad/.stmcufinder/plugins/mcufinder
2024-11-26 09:04:40,964 [INFO] DbMcusAds:125 - Set database path to: /home/sharad/.stmcufinder/plugins/mcufinder//mcu/
2024-11-26 09:04:40,964 [WARN] DbFile:41 - Overriding database path with different value: /home/sharad/.stmcufinder/plugins/mcufinder/ => /home/sharad/.stmcufinder/plugins/mcufinder
2024-11-26 09:04:40,965 [WARN] DbFile:41 - Overriding database path with different value: /home/sharad/.stmcufinder/plugins/mcufinder/ => /home/sharad/.stmcufinder/plugins/mcufinder
2024-11-26 09:04:40,965 [INFO] CrossReferenceDbSqlite:203 - Set database path to: /home/sharad/.stmcufinder/plugins/mcufinder//mcu/cs/
2024-11-26 09:04:41,022 [INFO] MainPanel:268 - HeapMemory: 268435456
2024-11-26 09:04:41,120 [INFO] DbMcusXml:78 - Set database path to: /opt/st/stm32cubeide_1.16.1/plugins/com.st.stm32cube.common.mx_6.12.1.202409122256//db//mcu/
2024-11-26 09:04:41,120 [INFO] ApiDb:274 - Set plugin database path to: /opt/st/stm32cubeide_1.16.1/plugins/com.st.stm32cube.common.mx_6.12.1.202409122256//db//plugins/boardmanager/
2024-11-26 09:04:41,121 [INFO] ApiDb:261 - Set plugin images path to: /opt/st/stm32cubeide_1.16.1/plugins/com.st.stm32cube.common.mx_6.12.1.202409122256//db//plugins/mcufinder/images/
2024-11-26 09:04:41,121 [WARN] DbFile:41 - Overriding database path with different value: /home/sharad/.stmcufinder/plugins/mcufinder/ => /home/sharad/.stmcufinder/plugins/mcufinder
2024-11-26 09:04:41,121 [INFO] ApiDb:250 - Set database path to: /home/sharad/.stmcufinder/plugins/mcufinder//mcu/
2024-11-26 09:04:41,121 [WARN] DbFile:41 - Overriding database path with different value: /home/sharad/.stmcufinder/plugins/mcufinder/ => /home/sharad/.stmcufinder/plugins/mcufinder
2024-11-26 09:04:41,121 [INFO] DbMcusAds:125 - Set database path to: /home/sharad/.stmcufinder/plugins/mcufinder//mcu/
2024-11-26 09:04:41,121 [WARN] DbFile:41 - Overriding database path with different value: /home/sharad/.stmcufinder/plugins/mcufinder/ => /home/sharad/.stmcufinder/plugins/mcufinder
2024-11-26 09:04:41,121 [WARN] DbFile:41 - Overriding database path with different value: /home/sharad/.stmcufinder/plugins/mcufinder/ => /home/sharad/.stmcufinder/plugins/mcufinder
2024-11-26 09:04:41,122 [INFO] CrossReferenceDbSqlite:203 - Set database path to: /home/sharad/.stmcufinder/plugins/mcufinder//mcu/cs/
2024-11-26 09:04:41,134 [INFO] ApplicationProperties:184 - Using Application install path: /opt/st/stm32cubeide_1.16.1/plugins/com.st.stm32cube.common.mx_6.12.1.202409122256
2024-11-26 09:04:41,135 [INFO] PluginManage:196 - Search for loadable plugins [exclusion list=, ]
2024-11-26 09:04:41,136 [INFO] PluginManage:310 - Check plugin analytics
2024-11-26 09:04:41,244 [INFO] AnalyticsPlugin:253 - Accepted Software Licenses: 
2024-11-26 09:04:41,244 [INFO] AnalyticsPlugin:255 - Accepted CMSIS Pack Licenses: 
2024-11-26 09:04:41,244 [INFO] AnalyticsPlugin:257 - Accepted Firmware Licenses: FW.F4.1.28.0
2024-11-26 09:04:41,246 [INFO] PluginManage:359 - Loaded plugin analytics (category:tool,tabindex:-1)
2024-11-26 09:04:41,246 [INFO] PluginManage:310 - Check plugin cadmodel
2024-11-26 09:04:41,250 [INFO] CADModel:105 - Init CAD model plugin
2024-11-26 09:04:41,251 [INFO] PluginManage:359 - Loaded plugin cadmodel (category:power,tabindex:5)
2024-11-26 09:04:41,251 [INFO] PluginManage:310 - Check plugin clock
2024-11-26 09:04:41,260 [INFO] PluginManage:359 - Loaded plugin clock (category:base,tabindex:2)
2024-11-26 09:04:41,260 [INFO] PluginManage:310 - Check plugin ddr
2024-11-26 09:04:41,262 [INFO] PluginManage:359 - Loaded plugin ddr (category:tool,tabindex:6)
2024-11-26 09:04:41,262 [INFO] PluginManage:310 - Check plugin filemanager
2024-11-26 09:04:41,367 [INFO] PluginManage:359 - Loaded plugin filemanager (category:base,tabindex:10)
2024-11-26 09:04:41,367 [INFO] PluginManage:310 - Check plugin ipmanager
2024-11-26 09:04:41,372 [INFO] PluginManage:359 - Loaded plugin ipmanager (category:base,tabindex:5)
2024-11-26 09:04:41,372 [INFO] PluginManage:310 - Check plugin lpbam
2024-11-26 09:04:41,381 [INFO] PluginManage:359 - Loaded plugin lpbam (category:base,tabindex:0)
2024-11-26 09:04:41,382 [INFO] PluginManage:310 - Check plugin memorymap
2024-11-26 09:04:41,393 [INFO] PluginManage:359 - Loaded plugin memorymap (category:base,tabindex:4)
2024-11-26 09:04:41,393 [INFO] PluginManage:310 - Check plugin pinoutandconfiguration
2024-11-26 09:04:41,400 [INFO] PluginManage:359 - Loaded plugin pinoutandconfiguration (category:base,tabindex:1)
2024-11-26 09:04:41,401 [INFO] PluginManage:310 - Check plugin pinoutconfig
2024-11-26 09:04:41,478 [WARN] SupportedApi:132 - Cannot load RTOS API schema: s4s-elt-must-match.1: The content of 'definitions' must match (annotation?, (simpleType | complexType)?, (unique | key | keyref)*)). A problem was found starting at: attribute.
2024-11-26 09:04:41,584 [INFO] PluginManage:359 - Loaded plugin pinoutconfig (category:base,tabindex:0)
2024-11-26 09:04:41,584 [INFO] PluginManage:310 - Check plugin power
2024-11-26 09:04:41,591 [INFO] PluginManage:359 - Loaded plugin power (category:power,tabindex:4)
2024-11-26 09:04:41,591 [INFO] PluginManage:310 - Check plugin projectmanager
2024-11-26 09:04:41,603 [INFO] PluginManage:359 - Loaded plugin projectmanager (category:projectmanager,tabindex:4)
2024-11-26 09:04:41,604 [INFO] PluginManage:310 - Check plugin rif
2024-11-26 09:04:41,610 [INFO] PluginManage:359 - Loaded plugin rif (category:base,tabindex:3)
2024-11-26 09:04:41,611 [INFO] PluginManage:310 - Check plugin thirdparty
2024-11-26 09:04:41,699 [INFO] PluginManage:359 - Loaded plugin thirdparty (category:base,tabindex:-1)
2024-11-26 09:04:41,699 [WARN] IntegrityCheckThread:84 - waiting for thirdparty lock release [integrity check]
2024-11-26 09:04:41,700 [INFO] PluginManage:310 - Check plugin tools
2024-11-26 09:04:41,700 [INFO] IntegrityCheckThread:86 - entering critical section [integrity check]
2024-11-26 09:04:41,700 [INFO] ThirdPartyUpdaterWithRetryManager:70 - Updater plugin not ready yet. [1/15]
2024-11-26 09:04:41,701 [INFO] PluginManage:359 - Loaded plugin tools (category:base,tabindex:7)
2024-11-26 09:04:41,702 [INFO] PluginManage:310 - Check plugin tutovideos
2024-11-26 09:04:41,865 [INFO] PluginManage:359 - Loaded plugin tutovideos (category:base,tabindex:-1)
2024-11-26 09:04:41,865 [INFO] PluginManage:310 - Check plugin updater
2024-11-26 09:04:41,878 [INFO] PluginManage:359 - Loaded plugin updater (category:base,tabindex:12)
2024-11-26 09:04:41,878 [INFO] PluginManage:310 - Check plugin userauth
2024-11-26 09:04:41,882 [INFO] UserAuth:113 - Init User Auth plugin
2024-11-26 09:04:41,883 [INFO] PluginManage:359 - Loaded plugin userauth (category:base,tabindex:14)
2024-11-26 09:04:41,883 [INFO] PluginManage:283 - PluginManage : Loaded plugins [18]
2024-11-26 09:04:42,011 [INFO] PinOutPanel:1561 - setPackage(No Configuration,No Configuration)
2024-11-26 09:04:42,066 [INFO] CADModel:165 - CPN selected for project level
2024-11-26 09:04:42,067 [INFO] CADModel:114 - Register for checkConnection events
2024-11-26 09:04:42,074 [INFO] IPUIPlugin:80 - create IPUIPlugin
2024-11-26 09:04:42,075 [INFO] PluginManager:220 - loadIPPluginJar : add gtzc
2024-11-26 09:04:42,076 [INFO] IPUIPlugin:80 - create IPUIPlugin
2024-11-26 09:04:42,076 [INFO] PluginManager:220 - loadIPPluginJar : add comp
2024-11-26 09:04:42,080 [INFO] IPUIPlugin:80 - create IPUIPlugin
2024-11-26 09:04:42,080 [INFO] PluginManager:220 - loadIPPluginJar : add hash
2024-11-26 09:04:42,082 [INFO] IPUIPlugin:80 - create IPUIPlugin
2024-11-26 09:04:42,082 [INFO] PluginManager:220 - loadIPPluginJar : add dma3
2024-11-26 09:04:42,084 [INFO] IPUIPlugin:80 - create IPUIPlugin
2024-11-26 09:04:42,085 [INFO] PluginManager:220 - loadIPPluginJar : add touchsensing
2024-11-26 09:04:42,086 [INFO] IPUIPlugin:80 - create IPUIPlugin
2024-11-26 09:04:42,087 [INFO] PluginManager:220 - loadIPPluginJar : add lorawan
2024-11-26 09:04:42,088 [INFO] IPUIPlugin:80 - create IPUIPlugin
2024-11-26 09:04:42,088 [INFO] PluginManager:220 - loadIPPluginJar : add ts
2024-11-26 09:04:42,089 [INFO] IPUIPlugin:80 - create IPUIPlugin
2024-11-26 09:04:42,089 [INFO] PluginManager:220 - loadIPPluginJar : add genericplugin
2024-11-26 09:04:42,090 [INFO] IPUIPlugin:80 - create IPUIPlugin
2024-11-26 09:04:42,091 [INFO] PluginManager:220 - loadIPPluginJar : add tracer_emb
2024-11-26 09:04:42,093 [INFO] IPUIPlugin:80 - create IPUIPlugin
2024-11-26 09:04:42,093 [INFO] PluginManager:220 - loadIPPluginJar : add extmemmanager
2024-11-26 09:04:42,094 [INFO] IPUIPlugin:80 - create IPUIPlugin
2024-11-26 09:04:42,095 [INFO] PluginManager:220 - loadIPPluginJar : add can
2024-11-26 09:04:42,097 [INFO] IPUIPlugin:80 - create IPUIPlugin
2024-11-26 09:04:42,098 [INFO] PluginManager:220 - loadIPPluginJar : add nvic
2024-11-26 09:04:42,102 [INFO] IPUIPlugin:80 - create IPUIPlugin
2024-11-26 09:04:42,102 [INFO] PluginManager:220 - loadIPPluginJar : add adc
2024-11-26 09:04:42,104 [INFO] IPUIPlugin:80 - create IPUIPlugin
2024-11-26 09:04:42,104 [INFO] PluginManager:220 - loadIPPluginJar : add i3c
2024-11-26 09:04:42,104 [INFO] IPUIPlugin:80 - create IPUIPlugin
2024-11-26 09:04:42,105 [INFO] PluginManager:220 - loadIPPluginJar : add ltdc
2024-11-26 09:04:42,107 [INFO] IPUIPlugin:80 - create IPUIPlugin
2024-11-26 09:04:42,107 [INFO] PluginManager:220 - loadIPPluginJar : add openamp
2024-11-26 09:04:42,109 [INFO] IPUIPlugin:80 - create IPUIPlugin
2024-11-26 09:04:42,109 [INFO] PluginManager:220 - loadIPPluginJar : add i2c
2024-11-26 09:04:42,111 [INFO] IPUIPlugin:80 - create IPUIPlugin
2024-11-26 09:04:42,111 [INFO] PluginManager:220 - loadIPPluginJar : add pdm2pcm
2024-11-26 09:04:42,113 [INFO] IPUIPlugin:80 - create IPUIPlugin
2024-11-26 09:04:42,113 [INFO] PluginManager:220 - loadIPPluginJar : add fmc
2024-11-26 09:04:42,115 [INFO] IPUIPlugin:80 - create IPUIPlugin
2024-11-26 09:04:42,115 [INFO] PluginManager:220 - loadIPPluginJar : add spi
2024-11-26 09:04:42,116 [INFO] IPUIPlugin:80 - create IPUIPlugin
2024-11-26 09:04:42,116 [INFO] PluginManager:220 - loadIPPluginJar : add fatfs
2024-11-26 09:04:42,117 [INFO] IPUIPlugin:80 - create IPUIPlugin
2024-11-26 09:04:42,117 [INFO] PluginManager:220 - loadIPPluginJar : add dfsdm
2024-11-26 09:04:42,122 [INFO] IPUIPlugin:80 - create IPUIPlugin
2024-11-26 09:04:42,122 [INFO] PluginManager:220 - loadIPPluginJar : add linkedlist
2024-11-26 09:04:42,124 [INFO] IPUIPlugin:80 - create IPUIPlugin
2024-11-26 09:04:42,124 [INFO] PluginManager:220 - loadIPPluginJar : add tim
2024-11-26 09:04:42,126 [INFO] IPUIPlugin:80 - create IPUIPlugin
2024-11-26 09:04:42,126 [INFO] PluginManager:220 - loadIPPluginJar : add quadspi
2024-11-26 09:04:42,128 [INFO] IPUIPlugin:80 - create IPUIPlugin
2024-11-26 09:04:42,128 [INFO] PluginManager:220 - loadIPPluginJar : add ddr_ctrl_phy
2024-11-26 09:04:42,133 [INFO] IPUIPlugin:80 - create IPUIPlugin
2024-11-26 09:04:42,135 [INFO] PluginManager:220 - loadIPPluginJar : add plateformsettings
2024-11-26 09:04:42,139 [INFO] IPUIPlugin:80 - create IPUIPlugin
2024-11-26 09:04:42,139 [INFO] PluginManager:220 - loadIPPluginJar : add mdma
2024-11-26 09:04:42,143 [INFO] IPUIPlugin:80 - create IPUIPlugin
2024-11-26 09:04:42,143 [INFO] PluginManager:220 - loadIPPluginJar : add stm32_wpan
2024-11-26 09:04:42,147 [INFO] IPUIPlugin:80 - create IPUIPlugin
2024-11-26 09:04:42,147 [INFO] PluginManager:220 - loadIPPluginJar : add freertos
2024-11-26 09:04:42,151 [INFO] IPUIPlugin:80 - create IPUIPlugin
2024-11-26 09:04:42,151 [INFO] PluginManager:220 - loadIPPluginJar : add dma
2024-11-26 09:04:42,152 [INFO] IPUIPlugin:80 - create IPUIPlugin
2024-11-26 09:04:42,153 [INFO] PluginManager:220 - loadIPPluginJar : add cryp
2024-11-26 09:04:42,154 [INFO] IPUIPlugin:80 - create IPUIPlugin
2024-11-26 09:04:42,154 [INFO] PluginManager:220 - loadIPPluginJar : add gfxmmu
2024-11-26 09:04:42,156 [INFO] IPUIPlugin:80 - create IPUIPlugin
2024-11-26 09:04:42,156 [INFO] PluginManager:220 - loadIPPluginJar : add sai
2024-11-26 09:04:42,157 [INFO] IPUIPlugin:80 - create IPUIPlugin
2024-11-26 09:04:42,158 [INFO] PluginManager:220 - loadIPPluginJar : add ucpd
2024-11-26 09:04:42,160 [INFO] IPUIPlugin:80 - create IPUIPlugin
2024-11-26 09:04:42,160 [INFO] PluginManager:220 - loadIPPluginJar : add usart
2024-11-26 09:04:42,162 [INFO] IPUIPlugin:80 - create IPUIPlugin
2024-11-26 09:04:42,162 [INFO] PluginManager:220 - loadIPPluginJar : add aes
2024-11-26 09:04:42,163 [INFO] IPUIPlugin:80 - create IPUIPlugin
2024-11-26 09:04:42,163 [INFO] PluginManager:220 - loadIPPluginJar : add i2s
2024-11-26 09:04:42,167 [INFO] IPUIPlugin:80 - create IPUIPlugin
2024-11-26 09:04:42,167 [INFO] PluginManager:220 - loadIPPluginJar : add gpio
2024-11-26 09:04:42,170 [INFO] IPUIPlugin:80 - create IPUIPlugin
2024-11-26 09:04:42,170 [INFO] PluginManager:220 - loadIPPluginJar : add gic
2024-11-26 09:04:42,173 [INFO] IPUIPlugin:80 - create IPUIPlugin
2024-11-26 09:04:42,173 [INFO] PluginManager:220 - loadIPPluginJar : add ipddr
2024-11-26 09:04:42,174 [INFO] IPUIPlugin:80 - create IPUIPlugin
2024-11-26 09:04:42,175 [INFO] PluginManager:220 - loadIPPluginJar : add tsc
2024-11-26 09:04:42,177 [INFO] IPUIPlugin:80 - create IPUIPlugin
2024-11-26 09:04:42,178 [INFO] PluginManager:220 - loadIPPluginJar : add resmgrutility
2024-11-26 09:04:42,179 [INFO] IPUIPlugin:80 - create IPUIPlugin
2024-11-26 09:04:42,179 [INFO] PluginManager:220 - loadIPPluginJar : add usbx
2024-11-26 09:04:42,181 [INFO] IPUIPlugin:80 - create IPUIPlugin
2024-11-26 09:04:42,181 [INFO] PluginManager:220 - loadIPPluginJar : add radio
2024-11-26 09:04:42,182 [INFO] IPUIPlugin:80 - create IPUIPlugin
2024-11-26 09:04:42,183 [INFO] PluginManager:220 - loadIPPluginJar : add opamp
2024-11-26 09:04:42,276 [INFO] CADModel:165 - CPN selected for project level
2024-11-26 09:04:42,276 [INFO] CADModel:114 - Register for checkConnection events
2024-11-26 09:04:42,276 [FATAL] Updater:334 - Updater called before beeing initialized
2024-11-26 09:04:42,277 [ERROR] CADModel:125 - Updater not yet initialized, retry later 
2024-11-26 09:04:42,356 [INFO] CADModel:165 - CPN selected for project level
2024-11-26 09:04:42,357 [INFO] CADModel:114 - Register for checkConnection events
2024-11-26 09:04:42,357 [FATAL] Updater:334 - Updater called before beeing initialized
2024-11-26 09:04:42,357 [ERROR] CADModel:125 - Updater not yet initialized, retry later 
2024-11-26 09:04:42,359 [FATAL] Updater:334 - Updater called before beeing initialized
2024-11-26 09:04:42,410 [FATAL] Updater:334 - Updater called before beeing initialized
2024-11-26 09:04:42,412 [INFO] DbMcusAds:53 - JSON generation date=Fri Sep 20 18:34:38 IST 2024 (1726837478367)
2024-11-26 09:04:42,413 [FATAL] Updater:334 - Updater called before beeing initialized
2024-11-26 09:04:42,438 [WARN] DetailPanel:346 - Failed to get advertising image, set to default
2024-11-26 09:04:42,503 [FATAL] Updater:334 - Updater called before beeing initialized
2024-11-26 09:04:42,504 [FATAL] Updater:334 - Updater called before beeing initialized
2024-11-26 09:04:42,504 [FATAL] Updater:334 - Updater called before beeing initialized
2024-11-26 09:04:42,504 [WARN] DetailPanel:346 - Failed to get advertising image, set to default
2024-11-26 09:04:42,505 [FATAL] Updater:334 - Updater called before beeing initialized
2024-11-26 09:04:42,530 [ERROR] Updater:1164 - MainUpdater not yet initialized. External WinMGr cannot be set.
2024-11-26 09:04:42,532 [INFO] Updater:1100 - Updater Version found : 6.12.1
2024-11-26 09:04:42,546 [INFO] ApplicationProperties:184 - Using Application install path: /opt/st/stm32cubeide_1.16.1/plugins/com.st.stm32cube.common.mx_6.12.1.202409122256
2024-11-26 09:04:42,837 [INFO] MainUpdater:2873 - connection check result : 10
2024-11-26 09:04:42,838 [INFO] MainUpdater:290 - Updater Check For Update Now.
2024-11-26 09:04:42,838 [INFO] MicroXplorer:498 - Change Database Version : DB.6.0.121
2024-11-26 09:04:42,843 [INFO] McuFinderGlobals:63 - Set McuFinder mode to 2 (CubeIDE integrated)
2024-11-26 09:04:42,844 [INFO] UserAuth:417 - Internet connection configuration mode: 1
2024-11-26 09:04:42,855 [INFO] JxBrowserEngine:152 - Initiate JxBrowser Engine with user profile folder
2024-11-26 09:04:42,998 [INFO] CheckServerUpdateThread:120 - End of CheckServer Thread
2024-11-26 09:04:43,590 [INFO] WebApp:167 - Instantiating new browser for Auth
2024-11-26 09:04:44,224 [INFO] WebApp:448 - Apply proxy settings
2024-11-26 09:04:44,224 [INFO] WebApp:533 - Chromium requires no authentication
2024-11-26 09:04:44,230 [INFO] WebApp:476 - Direct internet connection detected
2024-11-26 09:04:44,243 [INFO] WebApp:869 - Register for checkConnection events
2024-11-26 09:04:44,244 [INFO] WebApp:448 - Apply proxy settings
2024-11-26 09:04:44,244 [INFO] WebApp:533 - Chromium requires no authentication
2024-11-26 09:04:44,244 [INFO] WebApp:476 - Direct internet connection detected
2024-11-26 09:04:44,344 [INFO] WebApp:220 - Starting web application
2024-11-26 09:04:44,345 [INFO] WebApp:578 - Web application path used /opt/st/stm32cubeide_1.16.1/plugins/com.st.stm32cube.common.mx_6.12.1.202409122256/db/plugins/mcufinder/reactClient1/index.html
2024-11-26 09:04:44,423 [INFO] UserAuth:417 - Internet connection configuration mode: 1
2024-11-26 09:04:44,595 [INFO] WebApp:186 - Connection restablished
2024-11-26 09:04:44,798 [WARN] PackLoader:240 - Cannot read IP mode file for STMicroelectronics.FP-SNS-MOTENVWB1.1.4.0
2024-11-26 09:04:44,804 [WARN] PackLoader:240 - Cannot read IP mode file for STMicroelectronics.FP-ATR-ASTRA1.2.0.1
2024-11-26 09:04:44,810 [WARN] PackLoader:240 - Cannot read IP mode file for STMicroelectronics.X-CUBE-SMBUS.2.1.0
2024-11-26 09:04:44,815 [WARN] PackLoader:240 - Cannot read IP mode file for STMicroelectronics.X-CUBE-WB05N.1.1.0
2024-11-26 09:04:44,834 [WARN] PackLoader:240 - Cannot read IP mode file for STMicroelectronics.X-CUBE-AZRTOS-F7.1.1.0
2024-11-26 09:04:44,883 [WARN] PackLoader:240 - Cannot read IP mode file for STMicroelectronics.X-CUBE-MEMS1.11.0.0
2024-11-26 09:04:45,075 [WARN] PackLoader:240 - Cannot read IP mode file for STMicroelectronics.FP-SNS-FLIGHT1.5.0.2
2024-11-26 09:04:45,084 [WARN] PackLoader:240 - Cannot read IP mode file for STMicroelectronics.X-CUBE-DISPLAY.3.0.0
2024-11-26 09:04:45,096 [WARN] PackLoader:240 - Cannot read IP mode file for STMicroelectronics.X-CUBE-BLE1.7.0.0
2024-11-26 09:04:45,103 [WARN] PackLoader:240 - Cannot read IP mode file for STMicroelectronics.X-CUBE-NFC10.1.0.0
2024-11-26 09:04:45,111 [WARN] PackLoader:240 - Cannot read IP mode file for emotas.I-CUBE-CANOPEN.1.3.0
2024-11-26 09:04:45,120 [WARN] PackLoader:240 - Cannot read IP mode file for STMicroelectronics.X-CUBE-BLEMGR.3.1.0
2024-11-26 09:04:45,126 [WARN] PackLoader:240 - Cannot read IP mode file for STMicroelectronics.FP-SNS-SMARTAG2.1.2.0
2024-11-26 09:04:45,136 [INFO] LogOutputStream:77 - [STDOUT_REDIRECT] 1 : Invalid condition id : UX_CORESTACK_Condition cause : null
2024-11-26 09:04:45,137 [INFO] LogOutputStream:77 - [STDOUT_REDIRECT] 1 : Invalid condition id : UX_CORESTACK_Condition cause : null
2024-11-26 09:04:45,137 [INFO] LogOutputStream:77 - [STDOUT_REDIRECT] 1 : Invalid condition id : UX_CORESTACK_Condition cause : null
2024-11-26 09:04:45,137 [INFO] LogOutputStream:77 - [STDOUT_REDIRECT] 1 : Invalid condition id : UX_CORESTACK_Condition cause : null
2024-11-26 09:04:45,138 [INFO] LogOutputStream:77 - [STDOUT_REDIRECT] 1 : Invalid condition id : UX_CORESTACK_Condition cause : null
2024-11-26 09:04:45,141 [WARN] PackLoader:240 - Cannot read IP mode file for STMicroelectronics.X-CUBE-AZRTOS-WL.2.0.0
2024-11-26 09:04:45,147 [WARN] PackLoader:240 - Cannot read IP mode file for STMicroelectronics.FP-SNS-MOTENV1.5.0.0
2024-11-26 09:04:45,153 [WARN] PackLoader:240 - Cannot read IP mode file for wolfSSL.I-CUBE-wolfMQTT.1.19.0
2024-11-26 09:04:45,159 [WARN] PackLoader:240 - Cannot read IP mode file for WES.I-CUBE-Cesium.1.3.0
2024-11-26 09:04:45,163 [WARN] PackLoader:240 - Cannot read IP mode file for STMicroelectronics.X-CUBE-BLE2.3.3.0
2024-11-26 09:04:45,167 [WARN] PackLoader:240 - Cannot read IP mode file for STMicroelectronics.X-CUBE-NFC9.1.0.0
2024-11-26 09:04:45,174 [WARN] PackLoader:240 - Cannot read IP mode file for STMicroelectronics.X-CUBE-TCPP.4.1.0
2024-11-26 09:04:45,186 [WARN] PackLoader:240 - Cannot read IP mode file for STMicroelectronics.X-CUBE-AZRTOS-G0.1.1.0
2024-11-26 09:04:45,200 [WARN] PackLoader:240 - Cannot read IP mode file for STMicroelectronics.X-CUBE-SAFEA1.1.2.2
2024-11-26 09:04:45,206 [WARN] PackLoader:240 - Cannot read IP mode file for STMicroelectronics.X-CUBE-NFC4.3.0.0
2024-11-26 09:04:45,216 [WARN] PackLoader:240 - Cannot read IP mode file for EmbeddedOffice.I-CUBE-FS-RTOS.1.0.1
2024-11-26 09:04:45,217 [ERROR] ConditionMgr:805 - Attr not supported : Dmpu
2024-11-26 09:04:45,217 [ERROR] ConditionMgr:805 - Attr not supported : Dmpu
2024-11-26 09:04:45,217 [ERROR] ConditionMgr:805 - Attr not supported : Dmpu
2024-11-26 09:04:45,218 [ERROR] ConditionMgr:805 - Attr not supported : Dmpu
2024-11-26 09:04:45,218 [ERROR] ConditionMgr:805 - Attr not supported : Dmpu
2024-11-26 09:04:45,218 [ERROR] ConditionMgr:805 - Attr not supported : Dmpu
2024-11-26 09:04:45,218 [ERROR] ConditionMgr:805 - Attr not supported : Dmpu
2024-11-26 09:04:45,218 [ERROR] ConditionMgr:805 - Attr not supported : Dmpu
2024-11-26 09:04:45,218 [ERROR] ConditionMgr:805 - Attr not supported : Dmpu
2024-11-26 09:04:45,219 [ERROR] ConditionMgr:805 - Attr not supported : Dmpu
2024-11-26 09:04:45,219 [ERROR] ConditionMgr:805 - Attr not supported : Dmpu
2024-11-26 09:04:45,219 [ERROR] ConditionMgr:805 - Attr not supported : Dmpu
2024-11-26 09:04:45,219 [ERROR] ConditionMgr:805 - Attr not supported : Dmpu
2024-11-26 09:04:45,219 [ERROR] ConditionMgr:805 - Attr not supported : Dmpu
2024-11-26 09:04:45,219 [ERROR] ConditionMgr:805 - Attr not supported : Dmpu
2024-11-26 09:04:45,220 [ERROR] ConditionMgr:805 - Attr not supported : Dmpu
2024-11-26 09:04:45,220 [ERROR] ConditionMgr:805 - Attr not supported : Dmpu
2024-11-26 09:04:45,220 [ERROR] ConditionMgr:805 - Attr not supported : Dmpu
2024-11-26 09:04:45,220 [ERROR] ConditionMgr:805 - Attr not supported : Dmpu
2024-11-26 09:04:45,220 [ERROR] ConditionMgr:805 - Attr not supported : Dmpu
2024-11-26 09:04:45,221 [ERROR] ConditionMgr:805 - Attr not supported : Dmpu
2024-11-26 09:04:45,221 [ERROR] ConditionMgr:805 - Attr not supported : Dmpu
2024-11-26 09:04:45,221 [ERROR] ConditionMgr:805 - Attr not supported : Dmpu
2024-11-26 09:04:45,221 [ERROR] ConditionMgr:805 - Attr not supported : Dmpu
2024-11-26 09:04:45,221 [ERROR] ConditionMgr:805 - Attr not supported : Dmpu
2024-11-26 09:04:45,221 [ERROR] ConditionMgr:805 - Attr not supported : Dmpu
2024-11-26 09:04:45,221 [ERROR] ConditionMgr:805 - Attr not supported : Dmpu
2024-11-26 09:04:45,221 [ERROR] ConditionMgr:805 - Attr not supported : Dmpu
2024-11-26 09:04:45,222 [ERROR] ConditionMgr:805 - Attr not supported : Dmpu
2024-11-26 09:04:45,222 [ERROR] ConditionMgr:805 - Attr not supported : Dmpu
2024-11-26 09:04:45,222 [ERROR] ConditionMgr:805 - Attr not supported : Dmpu
2024-11-26 09:04:45,222 [ERROR] ConditionMgr:805 - Attr not supported : Dmpu
2024-11-26 09:04:45,223 [ERROR] ConditionMgr:805 - Attr not supported : Dmpu
2024-11-26 09:04:45,223 [ERROR] ConditionMgr:805 - Attr not supported : Dmpu
2024-11-26 09:04:45,224 [ERROR] ConditionMgr:805 - Attr not supported : Dmpu
2024-11-26 09:04:45,224 [ERROR] ConditionMgr:805 - Attr not supported : Dmpu
2024-11-26 09:04:45,224 [ERROR] ConditionMgr:805 - Attr not supported : Dmpu
2024-11-26 09:04:45,224 [ERROR] ConditionMgr:805 - Attr not supported : Dmpu
2024-11-26 09:04:45,224 [ERROR] ConditionMgr:805 - Attr not supported : Dmpu
2024-11-26 09:04:45,224 [ERROR] ConditionMgr:805 - Attr not supported : Dmpu
2024-11-26 09:04:45,225 [ERROR] ConditionMgr:805 - Attr not supported : Dmpu
2024-11-26 09:04:45,225 [ERROR] ConditionMgr:805 - Attr not supported : Dmpu
2024-11-26 09:04:45,225 [ERROR] ConditionMgr:805 - Attr not supported : Dmpu
2024-11-26 09:04:45,225 [ERROR] ConditionMgr:805 - Attr not supported : Dmpu
2024-11-26 09:04:45,226 [ERROR] ConditionMgr:805 - Attr not supported : Dmpu
2024-11-26 09:04:45,226 [ERROR] ConditionMgr:805 - Attr not supported : Dmpu
2024-11-26 09:04:45,226 [ERROR] ConditionMgr:805 - Attr not supported : Dmpu
2024-11-26 09:04:45,226 [ERROR] ConditionMgr:805 - Attr not supported : Dmpu
2024-11-26 09:04:45,226 [ERROR] ConditionMgr:805 - Attr not supported : Dmpu
2024-11-26 09:04:45,227 [ERROR] ConditionMgr:805 - Attr not supported : Dmpu
2024-11-26 09:04:45,227 [ERROR] ConditionMgr:805 - Attr not supported : Dmpu
2024-11-26 09:04:45,227 [ERROR] ConditionMgr:805 - Attr not supported : Dmpu
2024-11-26 09:04:45,227 [ERROR] ConditionMgr:805 - Attr not supported : Dmpu
2024-11-26 09:04:45,227 [ERROR] ConditionMgr:805 - Attr not supported : Dmpu
2024-11-26 09:04:45,227 [ERROR] ConditionMgr:805 - Attr not supported : Dmpu
2024-11-26 09:04:45,227 [ERROR] ConditionMgr:805 - Attr not supported : Dmpu
2024-11-26 09:04:45,228 [ERROR] ConditionMgr:805 - Attr not supported : Dmpu
2024-11-26 09:04:45,228 [ERROR] ConditionMgr:805 - Attr not supported : Dmpu
2024-11-26 09:04:45,228 [ERROR] ConditionMgr:805 - Attr not supported : Dmpu
2024-11-26 09:04:45,228 [ERROR] ConditionMgr:805 - Attr not supported : Dmpu
2024-11-26 09:04:45,228 [ERROR] ConditionMgr:805 - Attr not supported : Dmpu
2024-11-26 09:04:45,228 [ERROR] ConditionMgr:805 - Attr not supported : Dmpu
2024-11-26 09:04:45,228 [ERROR] ConditionMgr:805 - Attr not supported : Dmpu
2024-11-26 09:04:45,228 [ERROR] ConditionMgr:805 - Attr not supported : Dmpu
2024-11-26 09:04:45,232 [WARN] PackLoader:240 - Cannot read IP mode file for RealThread.X-CUBE-RT-Thread_Nano.4.1.1
2024-11-26 09:04:45,236 [WARN] PackLoader:240 - Cannot read IP mode file for STMicroelectronics.FP-ATR-SIGFOX1.3.2.0
2024-11-26 09:04:45,240 [WARN] ConditionMgr:438 - getConditionDescription Invalid condition id : Cortex-A Device cause : null
2024-11-26 09:04:45,252 [WARN] ConditionMgr:1039 - genDependencies : Invalid condition id : Cortex-A Device cause : null
2024-11-26 09:04:45,253 [WARN] ConditionMgr:1039 - genDependencies : Invalid condition id : Cortex-A Device cause : null
2024-11-26 09:04:45,253 [WARN] ConditionMgr:1039 - genDependencies : Invalid condition id : Cortex-A Device cause : null
2024-11-26 09:04:45,258 [WARN] PackLoader:240 - Cannot read IP mode file for STMicroelectronics.X-CUBE-EEPRMA1.5.1.0
2024-11-26 09:04:45,268 [WARN] PackLoader:240 - Cannot read IP mode file for wolfSSL.I-CUBE-wolfSSL.5.7.4
2024-11-26 09:04:45,273 [WARN] PackLoader:240 - Cannot read IP mode file for ITTIA_DB.I-CUBE-ITTIADB.8.9.0
2024-11-26 09:04:45,298 [WARN] PackLoader:240 - Cannot read IP mode file for SEGGER.I-CUBE-embOS.1.3.1
2024-11-26 09:04:45,360 [WARN] PackLoader:240 - Cannot read IP mode file for STMicroelectronics.X-CUBE-ALGOBUILD.1.4.0
2024-11-26 09:04:45,365 [WARN] PackLoader:240 - Cannot read IP mode file for STMicroelectronics.X-CUBE-AI.9.1.0
2024-11-26 09:04:45,378 [WARN] PackLoader:240 - Cannot read IP mode file for STMicroelectronics.X-CUBE-AZRTOS-F4.1.1.0
2024-11-26 09:04:45,383 [WARN] PackLoader:240 - Cannot read IP mode file for STMicroelectronics.X-CUBE-ISPU.2.1.0
2024-11-26 09:04:45,387 [WARN] PackLoader:240 - Cannot read IP mode file for STMicroelectronics.X-CUBE-FREERTOS.1.2.0
2024-11-26 09:04:45,397 [WARN] PackLoader:240 - Cannot read IP mode file for STMicroelectronics.X-CUBE-AZRTOS-L5.2.0.0
2024-11-26 09:04:45,403 [WARN] PackLoader:240 - Cannot read IP mode file for STMicroelectronics.X-CUBE-NFC6.3.1.0
2024-11-26 09:04:45,410 [WARN] PackLoader:240 - Cannot read IP mode file for STMicroelectronics.X-CUBE-DPower.1.2.0
2024-11-26 09:04:45,414 [WARN] PackLoader:240 - Cannot read IP mode file for STMicroelectronics.X-CUBE-NFC7.1.0.1
2024-11-26 09:04:45,424 [WARN] ConditionMgr:438 - getConditionDescription Invalid condition id : LAN8742 Phy interface Condition cause : null
2024-11-26 09:04:45,425 [WARN] PackLoader:240 - Cannot read IP mode file for STMicroelectronics.X-CUBE-AZRTOS-L4.2.0.0
2024-11-26 09:04:45,426 [WARN] ConditionMgr:1039 - genDependencies : Invalid condition id : LAN8742 Phy interface Condition cause : null
2024-11-26 09:04:45,427 [WARN] ConditionMgr:1039 - genDependencies : Invalid condition id : LAN8742 Phy interface Condition cause : null
2024-11-26 09:04:45,427 [WARN] ConditionMgr:1039 - genDependencies : Invalid condition id : LAN8742 Phy interface Condition cause : null
2024-11-26 09:04:45,432 [WARN] PackLoader:240 - Cannot read IP mode file for STMicroelectronics.X-CUBE-SFXS2LP1.4.0.0
2024-11-26 09:04:45,449 [WARN] PackLoader:240 - Cannot read IP mode file for STMicroelectronics.X-CUBE-AZRTOS-H7.3.3.0
2024-11-26 09:04:45,462 [WARN] PackLoader:240 - Cannot read IP mode file for STMicroelectronics.X-CUBE-IPS.3.0.0
2024-11-26 09:04:45,480 [WARN] ConditionMgr:438 - getConditionDescription Invalid condition id : UX DEVICE CLASS RTOS Condition cause : null
2024-11-26 09:04:45,480 [WARN] ConditionMgr:438 - getConditionDescription Invalid condition id : UX DEVICE CLASS RTOS Condition cause : null
2024-11-26 09:04:45,482 [WARN] PackLoader:240 - Cannot read IP mode file for STMicroelectronics.X-CUBE-AZRTOS-WB.2.0.0
2024-11-26 09:04:45,483 [WARN] ConditionMgr:1039 - genDependencies : Invalid condition id : UX DEVICE CLASS RTOS Condition cause : null
2024-11-26 09:04:45,484 [WARN] ConditionMgr:1039 - genDependencies : Invalid condition id : UX DEVICE CLASS RTOS Condition cause : null
2024-11-26 09:04:45,484 [WARN] ConditionMgr:1039 - genDependencies : Invalid condition id : UX DEVICE CLASS RTOS Condition cause : null
2024-11-26 09:04:45,485 [WARN] ConditionMgr:1039 - genDependencies : Invalid condition id : UX DEVICE CLASS RTOS Condition cause : null
2024-11-26 09:04:45,485 [WARN] ConditionMgr:1039 - genDependencies : Invalid condition id : UX DEVICE CLASS RTOS Condition cause : null
2024-11-26 09:04:45,495 [WARN] PackLoader:240 - Cannot read IP mode file for STMicroelectronics.X-CUBE-GNSS1.7.0.0
2024-11-26 09:04:45,502 [WARN] PackLoader:240 - Cannot read IP mode file for STMicroelectronics.FP-SNS-STBOX1.2.0.0
2024-11-26 09:04:45,515 [WARN] PackLoader:240 - Cannot read IP mode file for STMicroelectronics.X-CUBE-SUBG2.5.0.0
2024-11-26 09:04:45,526 [WARN] PackLoader:240 - Cannot read IP mode file for Cesanta.I-CUBE-Mongoose.7.13.0
2024-11-26 09:04:45,537 [WARN] PackLoader:240 - Cannot read IP mode file for STMicroelectronics.X-CUBE-AZRTOS-G4.2.0.0
2024-11-26 09:04:45,543 [WARN] PackLoader:240 - Cannot read IP mode file for STMicroelectronics.X-CUBE-ALS.1.0.2
2024-11-26 09:04:45,548 [WARN] PackLoader:240 - Cannot read IP mode file for STMicroelectronics.X-CUBE-TOUCHGFX.4.24.1
2024-11-26 09:04:45,550 [WARN] PackLoader:240 - Cannot read IP mode file for wolfSSL.I-CUBE-wolfTPM.3.4.0
2024-11-26 09:04:45,554 [WARN] PackLoader:240 - Cannot read IP mode file for portGmbH.I-Cube-SoM-uGOAL.1.1.0
2024-11-26 09:04:45,564 [WARN] PackLoader:240 - Cannot read IP mode file for STMicroelectronics.X-CUBE-AZRTOS-H7RS.1.0.0
2024-11-26 09:04:45,572 [WARN] PackLoader:240 - Cannot read IP mode file for STMicroelectronics.X-CUBE-TOF1.3.4.2
2024-11-26 09:04:45,596 [WARN] PackLoader:240 - Cannot read IP mode file for Infineon.AIROC-Wi-Fi-Bluetooth-STM32.1.6.1
2024-11-26 09:04:45,602 [WARN] PackLoader:240 - Cannot read IP mode file for wolfSSL.I-CUBE-wolfSSH.1.4.17
2024-11-26 09:04:45,603 [INFO] ThirdParty:978 - Integrity check success = true
2024-11-26 09:04:45,603 [INFO] IntegrityCheckThread:100 - exiting critical section [integrity check]
2024-11-26 09:04:45,603 [INFO] IntegrityCheckThread:103 - End integrity checks thread
2024-11-26 11:25:57,113 [INFO] McuFinderGlobals:63 - Set McuFinder mode to 2 (CubeIDE integrated)
2024-11-26 11:25:57,116 [INFO] MainUpdater:2873 - connection check result : 10
2024-11-26 11:25:57,116 [INFO] MainUpdater:2873 - connection check result : 10
2024-11-26 11:25:57,152 [INFO] RulesReader:64 - Compatibility file has been processed (297 Rules)
2024-11-26 11:25:57,162 [INFO] RulesReader:64 - Compatibility file has been processed (297 Rules)
2024-11-26 11:25:57,165 [INFO] MicroXplorer:468 - Change Database Path : 
2024-11-26 11:25:57,166 [INFO] MicroXplorer:498 - Change Database Version : DB.6.0.121
2024-11-26 11:25:57,171 [WARN] ThirdParty:871 - waiting for thirdparty lock release [close project]
2024-11-26 11:25:57,172 [INFO] ThirdParty:873 - entering critical section [close project]
2024-11-26 11:25:57,173 [INFO] ThirdParty:883 - exiting critical section [close project]
2024-11-26 11:25:57,175 [INFO] PinOutPanel:1561 - setPackage(No Configuration,No Configuration)
2024-11-26 11:25:57,178 [INFO] UtilMem:75 - Begin LoadConfig() Used Memory: 478848120 Bytes (633339904)
2024-11-26 11:25:57,180 [INFO] MicroXplorer:468 - Change Database Path : 
2024-11-26 11:25:57,180 [INFO] MicroXplorer:498 - Change Database Version : DB.6.0.121
2024-11-26 11:25:57,180 [INFO] OpenFileManager:332 - Change cursor
2024-11-26 11:25:57,207 [INFO] Mcu:2032 - Initializing MCU STM32F411V(C-E)Tx STM32F411VETx STM32F411VET6
2024-11-26 11:25:57,892 [INFO] Context:742 - Trying to add GPIOservice into a context  which must be forbidden
2024-11-26 11:25:58,246 [INFO] RtosManager:555 - Registered RTOS mode: class=CMSIS, group=RTOS, mode=CMSIS_V1, owner=FREERTOS
2024-11-26 11:25:58,247 [INFO] RtosManager:555 - Registered RTOS mode: class=CMSIS, group=RTOS2, mode=CMSIS_V2, owner=FREERTOS
2024-11-26 11:25:58,247 [INFO] RtosManager:555 - Registered RTOS mode: class=RTOS, group=Core, mode=CMSIS_V1, owner=FREERTOS
2024-11-26 11:25:58,247 [INFO] RtosManager:555 - Registered RTOS mode: class=RTOS, group=Core, mode=CMSIS_V2, owner=FREERTOS
2024-11-26 11:25:58,247 [WARN] ModelIntegratedComponent:184 - Missing modes for component STMicroelectronics:FreeRTOS:0.0.1:STMicroelectronics:RTOS:FreeRTOS:Core:::10.2.0:
2024-11-26 11:25:58,253 [WARN] ModelIntegratedComponent:182 - Modes not found for component STMicroelectronics:USB_HOST:1.0.0:STMicroelectronics:USB::USB Host:Audio HS::1.0:USB_HOST_1_0_RESTRICTED_HS
2024-11-26 11:25:58,253 [WARN] ModelIntegratedComponent:188 - Modes not found for component STMicroelectronics:USB_HOST:1.0.0:STMicroelectronics:USB::USB Host:Audio HS::1.0:USB_HOST_1_0_RESTRICTED_HS
2024-11-26 11:25:58,253 [WARN] ModelIntegratedComponent:182 - Modes not found for component STMicroelectronics:USB_HOST:1.0.0:STMicroelectronics:USB::USB Host:CDC HS::1.0:USB_HOST_1_0_RESTRICTED_HS
2024-11-26 11:25:58,254 [WARN] ModelIntegratedComponent:188 - Modes not found for component STMicroelectronics:USB_HOST:1.0.0:STMicroelectronics:USB::USB Host:CDC HS::1.0:USB_HOST_1_0_RESTRICTED_HS
2024-11-26 11:25:58,254 [WARN] ModelIntegratedComponent:182 - Modes not found for component STMicroelectronics:USB_HOST:1.0.0:STMicroelectronics:USB::USB Host:MSC HS::1.0:USB_HOST_1_0_RESTRICTED_HS
2024-11-26 11:25:58,254 [WARN] ModelIntegratedComponent:188 - Modes not found for component STMicroelectronics:USB_HOST:1.0.0:STMicroelectronics:USB::USB Host:MSC HS::1.0:USB_HOST_1_0_RESTRICTED_HS
2024-11-26 11:25:58,254 [WARN] ModelIntegratedComponent:182 - Modes not found for component STMicroelectronics:USB_HOST:1.0.0:STMicroelectronics:USB::USB Host:HID HS::1.0:USB_HOST_1_0_RESTRICTED_HS
2024-11-26 11:25:58,254 [WARN] ModelIntegratedComponent:188 - Modes not found for component STMicroelectronics:USB_HOST:1.0.0:STMicroelectronics:USB::USB Host:HID HS::1.0:USB_HOST_1_0_RESTRICTED_HS
2024-11-26 11:25:58,254 [WARN] ModelIntegratedComponent:182 - Modes not found for component STMicroelectronics:USB_HOST:1.0.0:STMicroelectronics:USB::USB Host:MTP HS::1.0:USB_HOST_1_0_RESTRICTED_HS
2024-11-26 11:25:58,254 [WARN] ModelIntegratedComponent:188 - Modes not found for component STMicroelectronics:USB_HOST:1.0.0:STMicroelectronics:USB::USB Host:MTP HS::1.0:USB_HOST_1_0_RESTRICTED_HS
2024-11-26 11:25:58,259 [WARN] ModelIntegratedComponent:63 - No mode defined for component null
2024-11-26 11:25:58,259 [WARN] ModelIntegratedComponent:63 - No mode defined for component null
2024-11-26 11:25:58,259 [WARN] ModelIntegratedComponent:63 - No mode defined for component null
2024-11-26 11:25:58,259 [WARN] ModelIntegratedComponent:63 - No mode defined for component null
2024-11-26 11:25:58,259 [WARN] ModelIntegratedComponent:63 - No mode defined for component null
2024-11-26 11:25:58,260 [WARN] ModelIntegratedComponent:63 - No mode defined for component null
2024-11-26 11:25:58,260 [WARN] ModelIntegratedComponent:63 - No mode defined for component null
2024-11-26 11:25:58,260 [WARN] ModelIntegratedComponent:63 - No mode defined for component null
2024-11-26 11:25:58,260 [WARN] ModelIntegratedComponent:63 - No mode defined for component null
2024-11-26 11:25:58,260 [WARN] ModelIntegratedComponent:63 - No mode defined for component null
2024-11-26 11:25:58,260 [WARN] ModelIntegratedComponent:63 - No mode defined for component null
2024-11-26 11:25:58,260 [WARN] ModelIntegratedComponent:63 - No mode defined for component null
2024-11-26 11:25:58,261 [WARN] ModelIntegratedComponent:63 - No mode defined for component null
2024-11-26 11:25:58,261 [WARN] ModelIntegratedComponent:63 - No mode defined for component null
2024-11-26 11:25:58,261 [WARN] ModelIntegratedComponent:63 - No mode defined for component null
2024-11-26 11:25:58,261 [WARN] ModelIntegratedComponent:63 - No mode defined for component null
2024-11-26 11:25:58,261 [WARN] ModelIntegratedComponent:63 - No mode defined for component null
2024-11-26 11:25:58,261 [WARN] ModelIntegratedComponent:63 - No mode defined for component null
2024-11-26 11:25:58,261 [WARN] ModelIntegratedComponent:63 - No mode defined for component null
2024-11-26 11:25:58,261 [WARN] ModelIntegratedComponent:63 - No mode defined for component null
2024-11-26 11:25:58,262 [WARN] ModelIntegratedComponent:63 - No mode defined for component null
2024-11-26 11:25:58,262 [WARN] ModelIntegratedComponent:63 - No mode defined for component null
2024-11-26 11:25:58,262 [WARN] ModelIntegratedComponent:63 - No mode defined for component null
2024-11-26 11:25:58,262 [WARN] ModelIntegratedComponent:63 - No mode defined for component null
2024-11-26 11:25:58,262 [WARN] ModelIntegratedComponent:63 - No mode defined for component null
2024-11-26 11:25:58,262 [WARN] ModelIntegratedComponent:63 - No mode defined for component null
2024-11-26 11:25:58,262 [WARN] ModelIntegratedComponent:63 - No mode defined for component null
2024-11-26 11:25:58,262 [WARN] ModelIntegratedComponent:63 - No mode defined for component null
2024-11-26 11:25:58,262 [WARN] ModelIntegratedComponent:63 - No mode defined for component null
2024-11-26 11:25:58,262 [WARN] ModelIntegratedComponent:63 - No mode defined for component null
2024-11-26 11:25:58,262 [WARN] ModelIntegratedComponent:63 - No mode defined for component null
2024-11-26 11:25:58,263 [WARN] ModelIntegratedComponent:63 - No mode defined for component null
2024-11-26 11:25:58,263 [WARN] ModelIntegratedComponent:63 - No mode defined for component null
2024-11-26 11:25:58,263 [WARN] ModelIntegratedComponent:63 - No mode defined for component null
2024-11-26 11:25:58,263 [WARN] ModelIntegratedComponent:63 - No mode defined for component null
2024-11-26 11:25:58,263 [WARN] ModelPack:524 - Component already loaded: STMicroelectronics:HAL Drivers:0.0.0:STMicroelectronics:Device:STMicro_Driver:XSPI:HAL::0.0.1:HAL_XSPI
2024-11-26 11:25:58,269 [WARN] ModelIntegratedComponent:182 - Modes not found for component STMicroelectronics:USB_DEVICE:1.0.0:STMicroelectronics:USB::USB Device:Audio HS::1.0:USB_DEVICE_1_0_RESTRICTED_HS
2024-11-26 11:25:58,269 [WARN] ModelIntegratedComponent:188 - Modes not found for component STMicroelectronics:USB_DEVICE:1.0.0:STMicroelectronics:USB::USB Device:Audio HS::1.0:USB_DEVICE_1_0_RESTRICTED_HS
2024-11-26 11:25:58,269 [WARN] ModelIntegratedComponent:182 - Modes not found for component STMicroelectronics:USB_DEVICE:1.0.0:STMicroelectronics:USB::USB Device:CDC HS::1.0:USB_DEVICE_1_0_RESTRICTED_HS
2024-11-26 11:25:58,269 [WARN] ModelIntegratedComponent:188 - Modes not found for component STMicroelectronics:USB_DEVICE:1.0.0:STMicroelectronics:USB::USB Device:CDC HS::1.0:USB_DEVICE_1_0_RESTRICTED_HS
2024-11-26 11:25:58,269 [WARN] ModelIntegratedComponent:182 - Modes not found for component STMicroelectronics:USB_DEVICE:1.0.0:STMicroelectronics:USB::USB Device:DFU HS::1.0:USB_DEVICE_1_0_RESTRICTED_HS
2024-11-26 11:25:58,270 [WARN] ModelIntegratedComponent:188 - Modes not found for component STMicroelectronics:USB_DEVICE:1.0.0:STMicroelectronics:USB::USB Device:DFU HS::1.0:USB_DEVICE_1_0_RESTRICTED_HS
2024-11-26 11:25:58,270 [WARN] ModelIntegratedComponent:182 - Modes not found for component STMicroelectronics:USB_DEVICE:1.0.0:STMicroelectronics:USB::USB Device:HID HS::1.0:USB_DEVICE_1_0_RESTRICTED_HS
2024-11-26 11:25:58,270 [WARN] ModelIntegratedComponent:188 - Modes not found for component STMicroelectronics:USB_DEVICE:1.0.0:STMicroelectronics:USB::USB Device:HID HS::1.0:USB_DEVICE_1_0_RESTRICTED_HS
2024-11-26 11:25:58,270 [WARN] ModelIntegratedComponent:182 - Modes not found for component STMicroelectronics:USB_DEVICE:1.0.0:STMicroelectronics:USB::USB Device:Custom HID HS::1.0:USB_DEVICE_1_0_RESTRICTED_HS
2024-11-26 11:25:58,270 [WARN] ModelIntegratedComponent:188 - Modes not found for component STMicroelectronics:USB_DEVICE:1.0.0:STMicroelectronics:USB::USB Device:Custom HID HS::1.0:USB_DEVICE_1_0_RESTRICTED_HS
2024-11-26 11:25:58,270 [WARN] ModelIntegratedComponent:182 - Modes not found for component STMicroelectronics:USB_DEVICE:1.0.0:STMicroelectronics:USB::USB Device:MSC HS::1.0:USB_DEVICE_1_0_RESTRICTED_HS
2024-11-26 11:25:58,270 [WARN] ModelIntegratedComponent:188 - Modes not found for component STMicroelectronics:USB_DEVICE:1.0.0:STMicroelectronics:USB::USB Device:MSC HS::1.0:USB_DEVICE_1_0_RESTRICTED_HS
2024-11-26 11:25:58,291 [INFO] ThirdPartyModel:298 - Start build external matchings
2024-11-26 11:25:58,510 [INFO] ThirdPartyModel:316 - End build external matchings
2024-11-26 11:25:58,655 [INFO] ApiDb:581 - Connected to CubeFinder SQLite database (/home/sharad/.stmcufinder/plugins/mcufinder/mcu/cube-finder-db.db)
2024-11-26 11:25:58,700 [INFO] ApiDb:668 - CubeFinder database Data Model version=2.1
2024-11-26 11:25:58,700 [INFO] ApiDb:669 - CubeFinder database Configuration version=3.0.39
2024-11-26 11:25:58,701 [INFO] ApiDb:670 - CubeFinder database generation date=2024-10-15 (1729006872)
2024-11-26 11:25:58,701 [INFO] ApiDb:671 - CubeFinder database FW Pack versions=[FP-ATR-ASTRA1_V2.0.0, FP-SNS-FLIGHT1_V5.0.2, FP-SNS-MOTENV1_V5.0.0, FP-SNS-MOTENVWB1_V1.4.0, FP-SNS-SMARTAG2_V1.2.0, FP-SNS-STBOX1_V2.0.0, STM32Cube_FW_C0_V1.2.0, STM32Cube_FW_F4_V1.28.1, STM32Cube_FW_F7_V1.17.2, STM32Cube_FW_G0_V1.6.2, STM32Cube_FW_G4_V1.6.0, STM32Cube_FW_H5_V1.3.0, STM32Cube_FW_H7RS_V1.1.0, STM32Cube_FW_H7_V1.11.2, STM32Cube_FW_L0_V1.12.2, STM32Cube_FW_L5_V1.5.1, STM32Cube_FW_U0_V1.1.0, STM32Cube_FW_U5_V1.6.0, STM32Cube_FW_WB0_V1.0.0, STM32Cube_FW_WBA_V1.4.1, STM32Cube_FW_WB_V1.20.0, STM32Cube_FW_WL_V1.3.0, X-CUBE-ALGOBUILD_V1.4.0, X-CUBE-ALS_V1.0.2, X-CUBE-AZRTOS-F4_V1.1.0, X-CUBE-AZRTOS-F7_V1.1.0, X-CUBE-AZRTOS-G0_V1.1.0, X-CUBE-AZRTOS-G4_V2.0.0, X-CUBE-AZRTOS-H7RS_V1.0.0, X-CUBE-AZRTOS-H7_V3.3.0, X-CUBE-AZRTOS-L4_V2.0.0, X-CUBE-AZRTOS-L5_V2.0.0, X-CUBE-AZRTOS-WB_V2.0.0, X-CUBE-AZRTOS-WL_V2.0.0, X-CUBE-BLE1_V7.0.0, X-CUBE-BLE2_V3.3.0, X-CUBE-BLEMGR_V3.1.0, X-CUBE-EEPRMA1_V5.1.0, X-CUBE-FREERTOS_V1.2.0, X-CUBE-GNSS1_V6.0.0, X-CUBE-MEMS1_V11.0.0, X-CUBE-NFC4_V3.0.0, X-CUBE-NFC7_V1.0.1, X-CUBE-SFXS2LP1_V4.0.0, X-CUBE-SUBG2_V5.0.0, X-CUBE-TOF1_V3.4.2]
2024-11-26 11:25:58,775 [INFO] DbBoardsSqlite:226 - include board P-NUCLEO-WB55-NUCLEO as a kit item of type 'Nucleo-64'
2024-11-26 11:25:58,776 [INFO] DbBoardsSqlite:226 - include board P-NUCLEO-WB55-USBDONGLE as a kit item of type 'Nucleo USB Dongle'
2024-11-26 11:25:58,776 [INFO] DbBoardsSqlite:226 - include board STEVAL-IDP005V1 as a kit item of type 'Evaluation Board'
2024-11-26 11:25:58,777 [INFO] DbBoardsSqlite:226 - include board STEVAL-IDP005V2 as a kit item of type 'Evaluation Board'
2024-11-26 11:25:58,843 [INFO] ApiDb:240 - Found 646 in-development CPN: [B-G473E-ZEST1S, B-WB1M-WPAN1, B-WL5M-SUBG1, NUCLEO-C031C6, NUCLEO-C071RB, NUCLEO-H503RB, NUCLEO-H533RE, NUCLEO-H563ZI, NUCLEO-H7S3L8, NUCLEO-U031R8, NUCLEO-U083RC, NUCLEO-U545RE-Q, NUCLEO-U5A5ZJ-Q, NUCLEO-WB05KZ, NUCLEO-WB07CC, NUCLEO-WB09KE, NUCLEO-WBA52CG, NUCLEO-WBA55CG, STEVAL-PROTEUS1, STEVAL-SMARTAG2, STEVAL-STWINBX1, STM320518-EVAL, STM32C0116-DK, STM32C011D6Y3TR, STM32C011D6Y6TR, STM32C011F4P3, STM32C011F4P6, STM32C011F4U3, STM32C011F4U6TR, STM32C011F6P3, STM32C011F6P6, STM32C011F6U3, STM32C011F6U6TR, STM32C011J4M3, STM32C011J4M6, STM32C011J6M3, STM32C011J6M6, STM32C0316-DK, STM32C031C4T3, STM32C031C4T6, STM32C031C4U3, STM32C031C4U6, STM32C031C6T3, STM32C031C6T6, STM32C031C6U3, STM32C031C6U6, STM32C031F4P3, STM32C031F4P6, STM32C031F6P3, STM32C031F6P6, STM32C031G4U3, STM32C031G4U6, STM32C031G6U3, STM32C031G6U6, STM32C031K4T3, STM32C031K4T6, STM32C031K4U3, STM32C031K4U6, STM32C031K6T3, STM32C031K6T6, STM32C031K6U3, STM32C031K6U6, STM32C071C8T6, STM32C071C8T6N, STM32C071C8U6, STM32C071C8U6N, STM32C071CBT6, STM32C071CBT6N, STM32C071CBU6, STM32C071CBU6N, STM32C071F8P6, STM32C071F8P6N, STM32C071FBP6, STM32C071FBP6N, STM32C071FBY6TR, STM32C071G8U6, STM32C071G8U6N, STM32C071GBU6, STM32C071GBU6N, STM32C071K8T6, STM32C071K8T6N, STM32C071K8U6, STM32C071K8U6N, STM32C071KBT6, STM32C071KBT6N, STM32C071KBU6, STM32C071KBU6N, STM32C071R8T6, STM32C071R8T6N, STM32C071RBI6N, STM32C071RBT6, STM32C071RBT6N, STM32G071K8TXN, STM32G071K8UXN, STM32G081GBU6N, STM32G081KBT6N, STM32G081KBUXN, STM32G0B1CCT6N, STM32G0B1KCT6, STM32G0B1NEY6TR, STM32G0B1RCT6N, STM32G0C1CCT6, STM32G0C1CCT6N, STM32G0C1CCU6N, STM32G0C1CET6N, STM32G0C1CEU6N, STM32G0C1KCT6, STM32G0C1NEY6TR, STM32G0C1RCI6N, STM32G0C1RCT6N, STM32G0C1REI6N, STM32G0C1RET6N, STM32G0C1VCI6, STM32G0C1VEI6, STM32G411C6T3, STM32G411C6T6, STM32G411C6U3, STM32G411C6U6, STM32G411C8T3, STM32G411C8T6, STM32G411C8U3, STM32G411C8U6, STM32G411CBT3, STM32G411CBT6, STM32G411CBU3, STM32G411CBU6, STM32G411K6T3, STM32G411K6T6, STM32G411K6U3, STM32G411K6U6, STM32G411K8T3, STM32G411K8T6, STM32G411K8U3, STM32G411K8U6, STM32G411KBT3, STM32G411KBT6, STM32G411KBU3, STM32G411KBU6, STM32G411M6T3, STM32G411M6T6, STM32G411M8T3, STM32G411M8T6, STM32G411MBT3, STM32G411MBT6, STM32G411R6T3, STM32G411R6T6, STM32G411R8T3, STM32G411R8T6, STM32G411RBT3, STM32G411RBT6, STM32G414CBT3, STM32G414CBT6, STM32G414CBU3, STM32G414CBU6, STM32G414CCT3, STM32G414CCT6, STM32G414CCU3, STM32G414CCU6, STM32G414MBT3, STM32G414MBT6, STM32G414MCT3, STM32G414MCT6, STM32G414RBT3, STM32G414RBT6, STM32G414RCT3, STM32G414RCT6, STM32G414VBT3, STM32G414VBT6, STM32G414VCT3, STM32G414VCT6, STM32G431CBT3Z, STM32G431RBT3Z, STM32G471CCT6, STM32G471CCU6, STM32G471CET3, STM32G471CET6, STM32G471CEU3, STM32G471CEU6, STM32G471MCT6, STM32G471MET3, STM32G471MET6, STM32G471MEY6TR, STM32G471QCT6, STM32G471QET3, STM32G471RCT6, STM32G471RET3, STM32G471RET6, STM32G471VCH6, STM32G471VCI6, STM32G471VCT6, STM32G471VEH3, STM32G471VEH6, STM32G471VEI3, STM32G471VEI6, STM32G471VET3, STM32G471VET6, STM32G473QET3Z, STM32G473RET3Z, STM32G474CCT6, STM32G491RET3Z, STM32H503CBT6, STM32H503CBU6, STM32H503EBY6TR, STM32H503KBU6, STM32H503RBT6, STM32H523CCT6, STM32H523CCU6, STM32H523CET6, STM32H523CEU6, STM32H523HEY6TR, STM32H523RCT6, STM32H523RET6, STM32H523VCI6, STM32H523VCT6, STM32H523VEI6, STM32H523VET6, STM32H523ZCJ6, STM32H523ZCT6, STM32H523ZEJ6, STM32H523ZET6, STM32H533CET6, STM32H533CEU6, STM32H533HEY6TR, STM32H533RET6, STM32H533VEI6, STM32H533VET6, STM32H533ZEJ6, STM32H533ZET6, STM32H562AGI6, STM32H562AII6, STM32H562IGK6, STM32H562IGT6, STM32H562IIK6, STM32H562IIT6, STM32H562RGT6, STM32H562RGV6, STM32H562RIT6, STM32H562RIV6, STM32H562VGT6, STM32H562VIT6, STM32H562ZGT6, STM32H562ZIT6, STM32H563AGI6, STM32H563AII3Q, STM32H563AII6, STM32H563IGK6, STM32H563IGT6, STM32H563IIK3Q, STM32H563IIK6, STM32H563IIT3Q, STM32H563IIT6, STM32H563MIY3QTR, STM32H563RGT6, STM32H563RGV6, STM32H563RIT6, STM32H563RIV6, STM32H563VGT6, STM32H563VIT3Q, STM32H563VIT6, STM32H563ZGT6, STM32H563ZIT3Q, STM32H563ZIT6, STM32H573AII3Q, STM32H573AII6, STM32H573I-DK, STM32H573IIK3Q, STM32H573IIK6, STM32H573IIT3Q, STM32H573IIT6, STM32H573MIY3QTR, STM32H573RIT6, STM32H573RIV6, STM32H573VIT3Q, STM32H573VIT6, STM32H573ZIT3Q, STM32H573ZIT6, STM32H7R3A8I6, STM32H7R3I8K6, STM32H7R3I8T6, STM32H7R3L8H6, STM32H7R3L8H6H, STM32H7R3R8V6, STM32H7R3V8H6, STM32H7R3V8T6, STM32H7R3V8Y6TR, STM32H7R3Z8J6, STM32H7R3Z8T6, STM32H7R7A8I6, STM32H7R7I8K6, STM32H7R7I8T6, STM32H7R7L8H6, STM32H7R7L8H6H, STM32H7R7Z8J6, STM32H7S3A8I6, STM32H7S3I8K6, STM32H7S3I8T6, STM32H7S3L8H6, STM32H7S3L8H6H, STM32H7S3R8V6, STM32H7S3V8H6, STM32H7S3V8T6, STM32H7S3V8Y6TR, STM32H7S3Z8J6, STM32H7S3Z8T6, STM32H7S78-DK, STM32H7S7A8I6, STM32H7S7I8K6, STM32H7S7I8T6, STM32H7S7L8H6, STM32H7S7L8H6H, STM32H7S7Z8J6, STM32L4R5QGI6STR, STM32MP131AAE3, STM32MP131AAF3, STM32MP131AAG3, STM32MP131CAE3, STM32MP131CAF3, STM32MP131CAG3, STM32MP131DAE7, STM32MP131DAF7, STM32MP131DAG7, STM32MP131FAE7, STM32MP131FAF7, STM32MP131FAG7, STM32MP133AAE3, STM32MP133AAF3, STM32MP133AAG3, STM32MP133CAE3, STM32MP133CAF3, STM32MP133CAG3, STM32MP133DAE7, STM32MP133DAF7, STM32MP133DAG7, STM32MP133FAE7, STM32MP133FAF7, STM32MP133FAG7, STM32MP135AAE3, STM32MP135AAF3, STM32MP135AAG3, STM32MP135CAE3, STM32MP135CAF3, STM32MP135CAG3, STM32MP135DAE7, STM32MP135DAF7, STM32MP135DAG7, STM32MP135F-DK, STM32MP135FAE7, STM32MP135FAF7, STM32MP135FAF7T, STM32MP135FAF7U, STM32MP135FAG7, STM32MP251AAI3, STM32MP251AAK3, STM32MP251AAL3, STM32MP251CAI3, STM32MP251CAK3, STM32MP251CAL3, STM32MP251DAI3, STM32MP251DAK3, STM32MP251DAL3, STM32MP251FAI3, STM32MP251FAK3, STM32MP251FAL3, STM32MP253AAI3, STM32MP253AAK3, STM32MP253AAL3, STM32MP253CAI3, STM32MP253CAK3, STM32MP253CAL3, STM32MP253DAI3, STM32MP253DAK3, STM32MP253DAL3, STM32MP253FAI3, STM32MP253FAK3, STM32MP253FAL3, STM32MP255AAI3, STM32MP255AAK3, STM32MP255AAL3, STM32MP255CAI3, STM32MP255CAK3, STM32MP255CAL3, STM32MP255DAI3, STM32MP255DAK3, STM32MP255DAL3, STM32MP255FAI3, STM32MP255FAK3, STM32MP255FAL3, STM32MP257AAI3, STM32MP257AAK3, STM32MP257AAL3, STM32MP257CAI3, STM32MP257CAK3, STM32MP257CAL3, STM32MP257DAI3, STM32MP257DAK3, STM32MP257DAL3, STM32MP257F-DK, STM32MP257F-EV1, STM32MP257FAI3, STM32MP257FAK3, STM32MP257FAL3, STM32U031C6T6, STM32U031C6U6, STM32U031C8T6, STM32U031C8U6, STM32U031F4P6, STM32U031F6P6, STM32U031F8P6, STM32U031G6Y6TR, STM32U031G8Y6TR, STM32U031K4U6, STM32U031K6U6, STM32U031K8U6, STM32U031R6I6, STM32U031R6T6, STM32U031R8I6, STM32U031R8T6, STM32U073C8T6, STM32U073C8U6, STM32U073CBT6, STM32U073CBU6, STM32U073CCT6, STM32U073CCU6, STM32U073H8Y6TR, STM32U073HBY6TR, STM32U073HCY6TR, STM32U073K8U6, STM32U073KBU6, STM32U073KCU6, STM32U073M8I6, STM32U073M8T6, STM32U073MBI6, STM32U073MBT6, STM32U073MCI6, STM32U073MCT6, STM32U073R8I6, STM32U073R8T6, STM32U073RBI6, STM32U073RBT6, STM32U073RCI6, STM32U073RCT6, STM32U083C-DK, STM32U083CCT6, STM32U083CCU6, STM32U083HCY6TR, STM32U083KCU6, STM32U083MCI6, STM32U083MCT6, STM32U083RCI6, STM32U083RCT6, STM32U535CBT6, STM32U535CBT6Q, STM32U535CBU6, STM32U535CBU6Q, STM32U535CCT6, STM32U535CCT6Q, STM32U535CCU6, STM32U535CCU6Q, STM32U535CET6, STM32U535CET6Q, STM32U535CEU6, STM32U535CEU6Q, STM32U535JEY6QTR, STM32U535NCY6QTR, STM32U535NEY6QTR, STM32U535RBI6, STM32U535RBI6Q, STM32U535RBT6, STM32U535RBT6Q, STM32U535RCI6, STM32U535RCI6Q, STM32U535RCT6, STM32U535RCT6Q, STM32U535REI6, STM32U535REI6Q, STM32U535RET6, STM32U535RET6Q, STM32U535VCI6, STM32U535VCI6Q, STM32U535VCT6, STM32U535VCT6Q, STM32U535VEI6, STM32U535VEI6Q, STM32U535VET6, STM32U535VET6Q, STM32U545CET6, STM32U545CET6Q, STM32U545CEU6, STM32U545CEU6Q, STM32U545JEY6QTR, STM32U545NEY6QTR, STM32U545REI6, STM32U545REI6Q, STM32U545RET6, STM32U545RET6Q, STM32U545VEI6, STM32U545VEI6Q, STM32U545VET6, STM32U545VET6Q, STM32U595AIH6, STM32U595AIH6Q, STM32U595AJH6, STM32U595AJH6Q, STM32U595QII6, STM32U595QII6Q, STM32U595QJI6, STM32U595QJI6Q, STM32U595RIT6, STM32U595RIT6Q, STM32U595RJT6, STM32U595RJT6Q, STM32U595VIT6, STM32U595VIT6Q, STM32U595VJT6, STM32U595VJT6Q, STM32U595ZIT6, STM32U595ZIT6Q, STM32U595ZIY6QTR, STM32U595ZJT6, STM32U595ZJT6Q, STM32U595ZJY6QTR, STM32U599BJY6QTR, STM32U599NIH6Q, STM32U599NJH6Q, STM32U599VIT6Q, STM32U599VJT6, STM32U599VJT6Q, STM32U599ZIT6Q, STM32U599ZIY6QTR, STM32U599ZJT6Q, STM32U599ZJY6QTR, STM32U5A5AJH6, STM32U5A5AJH6Q, STM32U5A5QII3Q , STM32U5A5QJI6, STM32U5A5QJI6Q, STM32U5A5RJT6, STM32U5A5RJT6Q, STM32U5A5VJT6, STM32U5A5VJT6Q, STM32U5A5ZJT6, STM32U5A5ZJT6Q, STM32U5A5ZJY6QTR, STM32U5A9BJY6QTR, STM32U5A9J-DK, STM32U5A9NJH6Q, STM32U5A9VJT6Q, STM32U5A9ZJT6Q, STM32U5A9ZJY6QTR, STM32U5F7VIT6, STM32U5F7VIT6Q, STM32U5F7VJT6, STM32U5F7VJT6Q, STM32U5F9BJY6QTR, STM32U5F9NJH6Q, STM32U5F9VIT6Q, STM32U5F9VJT6Q, STM32U5F9ZIJ6QTR, STM32U5F9ZIT6Q, STM32U5F9ZJJ6QTR, STM32U5F9ZJT6Q, STM32U5G7VJT6, STM32U5G7VJT6Q, STM32U5G9BJY6QTR, STM32U5G9J-DK1, STM32U5G9J-DK2, STM32U5G9NJH6Q, STM32U5G9VJT6Q, STM32U5G9ZJJ6QTR, STM32U5G9ZJT6Q, STM32WB05KZV6TR, STM32WB05KZV7TR, STM32WB05TZF6TR, STM32WB05TZF7TR, STM32WB06CCF6TR, STM32WB06CCF7TR, STM32WB06CCV6TR, STM32WB06CCV7TR, STM32WB06KCV6TR, STM32WB06KCV7TR, STM32WB07CCF6TR, STM32WB07CCF7TR, STM32WB07CCV6TR, STM32WB07CCV7TR, STM32WB07KCV6TR, STM32WB07KCV7TR, STM32WB09KEV6TR, STM32WB09KEV7TR, STM32WB09TEF6TR, STM32WB09TEF7TR, STM32WB1MMCH6, STM32WBA50KGU6, STM32WBA50KGU6TR, STM32WBA52CEU6, STM32WBA52CEU6TR, STM32WBA52CEU7, STM32WBA52CEU7TR, STM32WBA52CGU6, STM32WBA52CGU6TR, STM32WBA52CGU6U, STM32WBA52CGU7, STM32WBA52CGU7TR, STM32WBA52KEU6, STM32WBA52KEU6TR, STM32WBA52KGU6, STM32WBA52KGU6TR, STM32WBA54CEU6, STM32WBA54CEU6TR, STM32WBA54CEU7, STM32WBA54CEU7TR, STM32WBA54CGU6, STM32WBA54CGU6TR, STM32WBA54CGU7, STM32WBA54CGU7TR, STM32WBA54KEU6, STM32WBA54KEU6TR, STM32WBA54KEU7, STM32WBA54KEU7TR, STM32WBA54KGU6, STM32WBA54KGU6TR, STM32WBA54KGU7, STM32WBA54KGU7TR, STM32WBA55CEU6, STM32WBA55CEU6TR, STM32WBA55CEU7, STM32WBA55CEU7TR, STM32WBA55CGU6, STM32WBA55CGU6TR, STM32WBA55CGU6U, STM32WBA55CGU7, STM32WBA55CGU7TR, STM32WBA55G-DK1, STM32WBA55HEF6, STM32WBA55HEF7, STM32WBA55HGF6, STM32WBA55HGF7, STM32WBA55UEI6, STM32WBA55UEI6TR, STM32WBA55UEI7, STM32WBA55UEI7TR, STM32WBA55UGI6, STM32WBA55UGI6TR, STM32WBA55UGI7, STM32WBA55UGI7TR, STM32WL5MOCH6, STM32WL5MOCH6TR]
2024-11-26 11:25:58,907 [INFO] BoardInfo:889 - No configuration file found for board P-NUCLEO-WB55
2024-11-26 11:25:58,908 [INFO] DbBoards:161 - Kit is not supported: P-NUCLEO-WB55
2024-11-26 11:25:58,910 [INFO] BoardInfo:889 - No configuration file found for board STEVAL-BFA001V1B
2024-11-26 11:25:58,911 [INFO] DbBoards:161 - Kit is not supported: STEVAL-BFA001V1B
2024-11-26 11:25:58,911 [INFO] BoardInfo:889 - No configuration file found for board STEVAL-BFA001V2B
2024-11-26 11:25:58,911 [INFO] DbBoards:161 - Kit is not supported: STEVAL-BFA001V2B
2024-11-26 11:25:58,983 [INFO] DbBoards:168 - Found 201 boards, 198 are supported
2024-11-26 11:25:58,983 [INFO] DbBoards:169 - Found 201 boards, 25 of them is supported for  Bsp
2024-11-26 11:25:58,986 [INFO] ApiDb:668 - CubeFinder database Data Model version=2.1
2024-11-26 11:25:58,986 [INFO] ApiDb:669 - CubeFinder database Configuration version=3.0.39
2024-11-26 11:25:58,986 [INFO] ApiDb:670 - CubeFinder database generation date=2024-10-15 (1729006872)
2024-11-26 11:25:58,986 [INFO] ApiDb:671 - CubeFinder database FW Pack versions=[FP-ATR-ASTRA1_V2.0.0, FP-SNS-FLIGHT1_V5.0.2, FP-SNS-MOTENV1_V5.0.0, FP-SNS-MOTENVWB1_V1.4.0, FP-SNS-SMARTAG2_V1.2.0, FP-SNS-STBOX1_V2.0.0, STM32Cube_FW_C0_V1.2.0, STM32Cube_FW_F4_V1.28.1, STM32Cube_FW_F7_V1.17.2, STM32Cube_FW_G0_V1.6.2, STM32Cube_FW_G4_V1.6.0, STM32Cube_FW_H5_V1.3.0, STM32Cube_FW_H7RS_V1.1.0, STM32Cube_FW_H7_V1.11.2, STM32Cube_FW_L0_V1.12.2, STM32Cube_FW_L5_V1.5.1, STM32Cube_FW_U0_V1.1.0, STM32Cube_FW_U5_V1.6.0, STM32Cube_FW_WB0_V1.0.0, STM32Cube_FW_WBA_V1.4.1, STM32Cube_FW_WB_V1.20.0, STM32Cube_FW_WL_V1.3.0, X-CUBE-ALGOBUILD_V1.4.0, X-CUBE-ALS_V1.0.2, X-CUBE-AZRTOS-F4_V1.1.0, X-CUBE-AZRTOS-F7_V1.1.0, X-CUBE-AZRTOS-G0_V1.1.0, X-CUBE-AZRTOS-G4_V2.0.0, X-CUBE-AZRTOS-H7RS_V1.0.0, X-CUBE-AZRTOS-H7_V3.3.0, X-CUBE-AZRTOS-L4_V2.0.0, X-CUBE-AZRTOS-L5_V2.0.0, X-CUBE-AZRTOS-WB_V2.0.0, X-CUBE-AZRTOS-WL_V2.0.0, X-CUBE-BLE1_V7.0.0, X-CUBE-BLE2_V3.3.0, X-CUBE-BLEMGR_V3.1.0, X-CUBE-EEPRMA1_V5.1.0, X-CUBE-FREERTOS_V1.2.0, X-CUBE-GNSS1_V6.0.0, X-CUBE-MEMS1_V11.0.0, X-CUBE-NFC4_V3.0.0, X-CUBE-NFC7_V1.0.1, X-CUBE-SFXS2LP1_V4.0.0, X-CUBE-SUBG2_V5.0.0, X-CUBE-TOF1_V3.4.2]
2024-11-26 11:26:00,607 [INFO] ApiDb:240 - Found 646 in-development CPN: [B-G473E-ZEST1S, B-WB1M-WPAN1, B-WL5M-SUBG1, NUCLEO-C031C6, NUCLEO-C071RB, NUCLEO-H503RB, NUCLEO-H533RE, NUCLEO-H563ZI, NUCLEO-H7S3L8, NUCLEO-U031R8, NUCLEO-U083RC, NUCLEO-U545RE-Q, NUCLEO-U5A5ZJ-Q, NUCLEO-WB05KZ, NUCLEO-WB07CC, NUCLEO-WB09KE, NUCLEO-WBA52CG, NUCLEO-WBA55CG, STEVAL-PROTEUS1, STEVAL-SMARTAG2, STEVAL-STWINBX1, STM320518-EVAL, STM32C0116-DK, STM32C011D6Y3TR, STM32C011D6Y6TR, STM32C011F4P3, STM32C011F4P6, STM32C011F4U3, STM32C011F4U6TR, STM32C011F6P3, STM32C011F6P6, STM32C011F6U3, STM32C011F6U6TR, STM32C011J4M3, STM32C011J4M6, STM32C011J6M3, STM32C011J6M6, STM32C0316-DK, STM32C031C4T3, STM32C031C4T6, STM32C031C4U3, STM32C031C4U6, STM32C031C6T3, STM32C031C6T6, STM32C031C6U3, STM32C031C6U6, STM32C031F4P3, STM32C031F4P6, STM32C031F6P3, STM32C031F6P6, STM32C031G4U3, STM32C031G4U6, STM32C031G6U3, STM32C031G6U6, STM32C031K4T3, STM32C031K4T6, STM32C031K4U3, STM32C031K4U6, STM32C031K6T3, STM32C031K6T6, STM32C031K6U3, STM32C031K6U6, STM32C071C8T6, STM32C071C8T6N, STM32C071C8U6, STM32C071C8U6N, STM32C071CBT6, STM32C071CBT6N, STM32C071CBU6, STM32C071CBU6N, STM32C071F8P6, STM32C071F8P6N, STM32C071FBP6, STM32C071FBP6N, STM32C071FBY6TR, STM32C071G8U6, STM32C071G8U6N, STM32C071GBU6, STM32C071GBU6N, STM32C071K8T6, STM32C071K8T6N, STM32C071K8U6, STM32C071K8U6N, STM32C071KBT6, STM32C071KBT6N, STM32C071KBU6, STM32C071KBU6N, STM32C071R8T6, STM32C071R8T6N, STM32C071RBI6N, STM32C071RBT6, STM32C071RBT6N, STM32G071K8TXN, STM32G071K8UXN, STM32G081GBU6N, STM32G081KBT6N, STM32G081KBUXN, STM32G0B1CCT6N, STM32G0B1KCT6, STM32G0B1NEY6TR, STM32G0B1RCT6N, STM32G0C1CCT6, STM32G0C1CCT6N, STM32G0C1CCU6N, STM32G0C1CET6N, STM32G0C1CEU6N, STM32G0C1KCT6, STM32G0C1NEY6TR, STM32G0C1RCI6N, STM32G0C1RCT6N, STM32G0C1REI6N, STM32G0C1RET6N, STM32G0C1VCI6, STM32G0C1VEI6, STM32G411C6T3, STM32G411C6T6, STM32G411C6U3, STM32G411C6U6, STM32G411C8T3, STM32G411C8T6, STM32G411C8U3, STM32G411C8U6, STM32G411CBT3, STM32G411CBT6, STM32G411CBU3, STM32G411CBU6, STM32G411K6T3, STM32G411K6T6, STM32G411K6U3, STM32G411K6U6, STM32G411K8T3, STM32G411K8T6, STM32G411K8U3, STM32G411K8U6, STM32G411KBT3, STM32G411KBT6, STM32G411KBU3, STM32G411KBU6, STM32G411M6T3, STM32G411M6T6, STM32G411M8T3, STM32G411M8T6, STM32G411MBT3, STM32G411MBT6, STM32G411R6T3, STM32G411R6T6, STM32G411R8T3, STM32G411R8T6, STM32G411RBT3, STM32G411RBT6, STM32G414CBT3, STM32G414CBT6, STM32G414CBU3, STM32G414CBU6, STM32G414CCT3, STM32G414CCT6, STM32G414CCU3, STM32G414CCU6, STM32G414MBT3, STM32G414MBT6, STM32G414MCT3, STM32G414MCT6, STM32G414RBT3, STM32G414RBT6, STM32G414RCT3, STM32G414RCT6, STM32G414VBT3, STM32G414VBT6, STM32G414VCT3, STM32G414VCT6, STM32G431CBT3Z, STM32G431RBT3Z, STM32G471CCT6, STM32G471CCU6, STM32G471CET3, STM32G471CET6, STM32G471CEU3, STM32G471CEU6, STM32G471MCT6, STM32G471MET3, STM32G471MET6, STM32G471MEY6TR, STM32G471QCT6, STM32G471QET3, STM32G471RCT6, STM32G471RET3, STM32G471RET6, STM32G471VCH6, STM32G471VCI6, STM32G471VCT6, STM32G471VEH3, STM32G471VEH6, STM32G471VEI3, STM32G471VEI6, STM32G471VET3, STM32G471VET6, STM32G473QET3Z, STM32G473RET3Z, STM32G474CCT6, STM32G491RET3Z, STM32H503CBT6, STM32H503CBU6, STM32H503EBY6TR, STM32H503KBU6, STM32H503RBT6, STM32H523CCT6, STM32H523CCU6, STM32H523CET6, STM32H523CEU6, STM32H523HEY6TR, STM32H523RCT6, STM32H523RET6, STM32H523VCI6, STM32H523VCT6, STM32H523VEI6, STM32H523VET6, STM32H523ZCJ6, STM32H523ZCT6, STM32H523ZEJ6, STM32H523ZET6, STM32H533CET6, STM32H533CEU6, STM32H533HEY6TR, STM32H533RET6, STM32H533VEI6, STM32H533VET6, STM32H533ZEJ6, STM32H533ZET6, STM32H562AGI6, STM32H562AII6, STM32H562IGK6, STM32H562IGT6, STM32H562IIK6, STM32H562IIT6, STM32H562RGT6, STM32H562RGV6, STM32H562RIT6, STM32H562RIV6, STM32H562VGT6, STM32H562VIT6, STM32H562ZGT6, STM32H562ZIT6, STM32H563AGI6, STM32H563AII3Q, STM32H563AII6, STM32H563IGK6, STM32H563IGT6, STM32H563IIK3Q, STM32H563IIK6, STM32H563IIT3Q, STM32H563IIT6, STM32H563MIY3QTR, STM32H563RGT6, STM32H563RGV6, STM32H563RIT6, STM32H563RIV6, STM32H563VGT6, STM32H563VIT3Q, STM32H563VIT6, STM32H563ZGT6, STM32H563ZIT3Q, STM32H563ZIT6, STM32H573AII3Q, STM32H573AII6, STM32H573I-DK, STM32H573IIK3Q, STM32H573IIK6, STM32H573IIT3Q, STM32H573IIT6, STM32H573MIY3QTR, STM32H573RIT6, STM32H573RIV6, STM32H573VIT3Q, STM32H573VIT6, STM32H573ZIT3Q, STM32H573ZIT6, STM32H7R3A8I6, STM32H7R3I8K6, STM32H7R3I8T6, STM32H7R3L8H6, STM32H7R3L8H6H, STM32H7R3R8V6, STM32H7R3V8H6, STM32H7R3V8T6, STM32H7R3V8Y6TR, STM32H7R3Z8J6, STM32H7R3Z8T6, STM32H7R7A8I6, STM32H7R7I8K6, STM32H7R7I8T6, STM32H7R7L8H6, STM32H7R7L8H6H, STM32H7R7Z8J6, STM32H7S3A8I6, STM32H7S3I8K6, STM32H7S3I8T6, STM32H7S3L8H6, STM32H7S3L8H6H, STM32H7S3R8V6, STM32H7S3V8H6, STM32H7S3V8T6, STM32H7S3V8Y6TR, STM32H7S3Z8J6, STM32H7S3Z8T6, STM32H7S78-DK, STM32H7S7A8I6, STM32H7S7I8K6, STM32H7S7I8T6, STM32H7S7L8H6, STM32H7S7L8H6H, STM32H7S7Z8J6, STM32L4R5QGI6STR, STM32MP131AAE3, STM32MP131AAF3, STM32MP131AAG3, STM32MP131CAE3, STM32MP131CAF3, STM32MP131CAG3, STM32MP131DAE7, STM32MP131DAF7, STM32MP131DAG7, STM32MP131FAE7, STM32MP131FAF7, STM32MP131FAG7, STM32MP133AAE3, STM32MP133AAF3, STM32MP133AAG3, STM32MP133CAE3, STM32MP133CAF3, STM32MP133CAG3, STM32MP133DAE7, STM32MP133DAF7, STM32MP133DAG7, STM32MP133FAE7, STM32MP133FAF7, STM32MP133FAG7, STM32MP135AAE3, STM32MP135AAF3, STM32MP135AAG3, STM32MP135CAE3, STM32MP135CAF3, STM32MP135CAG3, STM32MP135DAE7, STM32MP135DAF7, STM32MP135DAG7, STM32MP135F-DK, STM32MP135FAE7, STM32MP135FAF7, STM32MP135FAF7T, STM32MP135FAF7U, STM32MP135FAG7, STM32MP251AAI3, STM32MP251AAK3, STM32MP251AAL3, STM32MP251CAI3, STM32MP251CAK3, STM32MP251CAL3, STM32MP251DAI3, STM32MP251DAK3, STM32MP251DAL3, STM32MP251FAI3, STM32MP251FAK3, STM32MP251FAL3, STM32MP253AAI3, STM32MP253AAK3, STM32MP253AAL3, STM32MP253CAI3, STM32MP253CAK3, STM32MP253CAL3, STM32MP253DAI3, STM32MP253DAK3, STM32MP253DAL3, STM32MP253FAI3, STM32MP253FAK3, STM32MP253FAL3, STM32MP255AAI3, STM32MP255AAK3, STM32MP255AAL3, STM32MP255CAI3, STM32MP255CAK3, STM32MP255CAL3, STM32MP255DAI3, STM32MP255DAK3, STM32MP255DAL3, STM32MP255FAI3, STM32MP255FAK3, STM32MP255FAL3, STM32MP257AAI3, STM32MP257AAK3, STM32MP257AAL3, STM32MP257CAI3, STM32MP257CAK3, STM32MP257CAL3, STM32MP257DAI3, STM32MP257DAK3, STM32MP257DAL3, STM32MP257F-DK, STM32MP257F-EV1, STM32MP257FAI3, STM32MP257FAK3, STM32MP257FAL3, STM32U031C6T6, STM32U031C6U6, STM32U031C8T6, STM32U031C8U6, STM32U031F4P6, STM32U031F6P6, STM32U031F8P6, STM32U031G6Y6TR, STM32U031G8Y6TR, STM32U031K4U6, STM32U031K6U6, STM32U031K8U6, STM32U031R6I6, STM32U031R6T6, STM32U031R8I6, STM32U031R8T6, STM32U073C8T6, STM32U073C8U6, STM32U073CBT6, STM32U073CBU6, STM32U073CCT6, STM32U073CCU6, STM32U073H8Y6TR, STM32U073HBY6TR, STM32U073HCY6TR, STM32U073K8U6, STM32U073KBU6, STM32U073KCU6, STM32U073M8I6, STM32U073M8T6, STM32U073MBI6, STM32U073MBT6, STM32U073MCI6, STM32U073MCT6, STM32U073R8I6, STM32U073R8T6, STM32U073RBI6, STM32U073RBT6, STM32U073RCI6, STM32U073RCT6, STM32U083C-DK, STM32U083CCT6, STM32U083CCU6, STM32U083HCY6TR, STM32U083KCU6, STM32U083MCI6, STM32U083MCT6, STM32U083RCI6, STM32U083RCT6, STM32U535CBT6, STM32U535CBT6Q, STM32U535CBU6, STM32U535CBU6Q, STM32U535CCT6, STM32U535CCT6Q, STM32U535CCU6, STM32U535CCU6Q, STM32U535CET6, STM32U535CET6Q, STM32U535CEU6, STM32U535CEU6Q, STM32U535JEY6QTR, STM32U535NCY6QTR, STM32U535NEY6QTR, STM32U535RBI6, STM32U535RBI6Q, STM32U535RBT6, STM32U535RBT6Q, STM32U535RCI6, STM32U535RCI6Q, STM32U535RCT6, STM32U535RCT6Q, STM32U535REI6, STM32U535REI6Q, STM32U535RET6, STM32U535RET6Q, STM32U535VCI6, STM32U535VCI6Q, STM32U535VCT6, STM32U535VCT6Q, STM32U535VEI6, STM32U535VEI6Q, STM32U535VET6, STM32U535VET6Q, STM32U545CET6, STM32U545CET6Q, STM32U545CEU6, STM32U545CEU6Q, STM32U545JEY6QTR, STM32U545NEY6QTR, STM32U545REI6, STM32U545REI6Q, STM32U545RET6, STM32U545RET6Q, STM32U545VEI6, STM32U545VEI6Q, STM32U545VET6, STM32U545VET6Q, STM32U595AIH6, STM32U595AIH6Q, STM32U595AJH6, STM32U595AJH6Q, STM32U595QII6, STM32U595QII6Q, STM32U595QJI6, STM32U595QJI6Q, STM32U595RIT6, STM32U595RIT6Q, STM32U595RJT6, STM32U595RJT6Q, STM32U595VIT6, STM32U595VIT6Q, STM32U595VJT6, STM32U595VJT6Q, STM32U595ZIT6, STM32U595ZIT6Q, STM32U595ZIY6QTR, STM32U595ZJT6, STM32U595ZJT6Q, STM32U595ZJY6QTR, STM32U599BJY6QTR, STM32U599NIH6Q, STM32U599NJH6Q, STM32U599VIT6Q, STM32U599VJT6, STM32U599VJT6Q, STM32U599ZIT6Q, STM32U599ZIY6QTR, STM32U599ZJT6Q, STM32U599ZJY6QTR, STM32U5A5AJH6, STM32U5A5AJH6Q, STM32U5A5QII3Q , STM32U5A5QJI6, STM32U5A5QJI6Q, STM32U5A5RJT6, STM32U5A5RJT6Q, STM32U5A5VJT6, STM32U5A5VJT6Q, STM32U5A5ZJT6, STM32U5A5ZJT6Q, STM32U5A5ZJY6QTR, STM32U5A9BJY6QTR, STM32U5A9J-DK, STM32U5A9NJH6Q, STM32U5A9VJT6Q, STM32U5A9ZJT6Q, STM32U5A9ZJY6QTR, STM32U5F7VIT6, STM32U5F7VIT6Q, STM32U5F7VJT6, STM32U5F7VJT6Q, STM32U5F9BJY6QTR, STM32U5F9NJH6Q, STM32U5F9VIT6Q, STM32U5F9VJT6Q, STM32U5F9ZIJ6QTR, STM32U5F9ZIT6Q, STM32U5F9ZJJ6QTR, STM32U5F9ZJT6Q, STM32U5G7VJT6, STM32U5G7VJT6Q, STM32U5G9BJY6QTR, STM32U5G9J-DK1, STM32U5G9J-DK2, STM32U5G9NJH6Q, STM32U5G9VJT6Q, STM32U5G9ZJJ6QTR, STM32U5G9ZJT6Q, STM32WB05KZV6TR, STM32WB05KZV7TR, STM32WB05TZF6TR, STM32WB05TZF7TR, STM32WB06CCF6TR, STM32WB06CCF7TR, STM32WB06CCV6TR, STM32WB06CCV7TR, STM32WB06KCV6TR, STM32WB06KCV7TR, STM32WB07CCF6TR, STM32WB07CCF7TR, STM32WB07CCV6TR, STM32WB07CCV7TR, STM32WB07KCV6TR, STM32WB07KCV7TR, STM32WB09KEV6TR, STM32WB09KEV7TR, STM32WB09TEF6TR, STM32WB09TEF7TR, STM32WB1MMCH6, STM32WBA50KGU6, STM32WBA50KGU6TR, STM32WBA52CEU6, STM32WBA52CEU6TR, STM32WBA52CEU7, STM32WBA52CEU7TR, STM32WBA52CGU6, STM32WBA52CGU6TR, STM32WBA52CGU6U, STM32WBA52CGU7, STM32WBA52CGU7TR, STM32WBA52KEU6, STM32WBA52KEU6TR, STM32WBA52KGU6, STM32WBA52KGU6TR, STM32WBA54CEU6, STM32WBA54CEU6TR, STM32WBA54CEU7, STM32WBA54CEU7TR, STM32WBA54CGU6, STM32WBA54CGU6TR, STM32WBA54CGU7, STM32WBA54CGU7TR, STM32WBA54KEU6, STM32WBA54KEU6TR, STM32WBA54KEU7, STM32WBA54KEU7TR, STM32WBA54KGU6, STM32WBA54KGU6TR, STM32WBA54KGU7, STM32WBA54KGU7TR, STM32WBA55CEU6, STM32WBA55CEU6TR, STM32WBA55CEU7, STM32WBA55CEU7TR, STM32WBA55CGU6, STM32WBA55CGU6TR, STM32WBA55CGU6U, STM32WBA55CGU7, STM32WBA55CGU7TR, STM32WBA55G-DK1, STM32WBA55HEF6, STM32WBA55HEF7, STM32WBA55HGF6, STM32WBA55HGF7, STM32WBA55UEI6, STM32WBA55UEI6TR, STM32WBA55UEI7, STM32WBA55UEI7TR, STM32WBA55UGI6, STM32WBA55UGI6TR, STM32WBA55UGI7, STM32WBA55UGI7TR, STM32WL5MOCH6, STM32WL5MOCH6TR]
2024-11-26 11:26:00,610 [INFO] DbMcus:218 - Found 4252 MCUs, 4252 are supported
2024-11-26 11:26:00,610 [INFO] ApiDb:423 - Load user favorites file /home/sharad/.stm32cubeide/favorites.mcus.txt: 1 item(s)
2024-11-26 11:26:00,610 [INFO] ApiDb:427 - User favorites MCUs=[STM32F411VET6]
2024-11-26 11:26:00,611 [INFO] DbMcus:224 - Set 1 / 1 favorites MCUs
2024-11-26 11:26:00,875 [INFO] ApiDb:423 - Load user favorites file /home/sharad/.stm32cubeide/favorites.boards.txt: 1 item(s)
2024-11-26 11:26:00,876 [INFO] ApiDb:427 - User favorites Boards=[STM32F411E-DISCO]
2024-11-26 11:26:00,876 [INFO] DbBoards:198 - Set 1 / 1 favorites Boards
2024-11-26 11:26:00,918 [INFO] UtilMem:75 - End LoadConfig() Used Memory: 356350440 Bytes (633339904)
2024-11-26 11:26:01,010 [WARN] ThirdParty:833 - waiting for thirdparty lock release [change project]
2024-11-26 11:26:01,011 [INFO] ThirdParty:835 - entering critical section [change project]
2024-11-26 11:26:01,011 [INFO] ThirdParty:1030 - CMSIS Pack Vendor :STMicroelectronics USBPD 4.1
2024-11-26 11:26:01,011 [INFO] ThirdParty:1030 - CMSIS Pack Vendor :STMicroelectronics X-CUBE-AZRTOS-H7 3.3.0
2024-11-26 11:26:01,011 [INFO] ThirdParty:1030 - CMSIS Pack Vendor :STMicroelectronics X-CUBE-NFC9 1.0.0
2024-11-26 11:26:01,011 [INFO] ThirdParty:1030 - CMSIS Pack Vendor :STMicroelectronics USB_HOST 2.0.0
2024-11-26 11:26:01,011 [INFO] ThirdParty:1030 - CMSIS Pack Vendor :STMicroelectronics FP-SNS-MOTENVWB1 1.4.0
2024-11-26 11:26:01,011 [INFO] ThirdParty:1030 - CMSIS Pack Vendor :STMicroelectronics X-CUBE-AZRTOS-F4 1.1.0
2024-11-26 11:26:01,011 [INFO] ThirdParty:1030 - CMSIS Pack Vendor :STMicroelectronics LIBJPEG 8.0.0
2024-11-26 11:26:01,011 [INFO] ThirdParty:1030 - CMSIS Pack Vendor :STMicroelectronics FP-ATR-ASTRA1 2.0.1
2024-11-26 11:26:01,012 [INFO] ThirdParty:1030 - CMSIS Pack Vendor :STMicroelectronics X-CUBE-SMBUS 2.1.0
2024-11-26 11:26:01,012 [INFO] ThirdParty:1030 - CMSIS Pack Vendor :STMicroelectronics X-CUBE-WB05N 1.1.0
2024-11-26 11:26:01,012 [INFO] ThirdParty:1030 - CMSIS Pack Vendor :STMicroelectronics USB_DEVICE 3.0.0
2024-11-26 11:26:01,012 [INFO] ThirdParty:1030 - CMSIS Pack Vendor :STMicroelectronics X-CUBE-TCPP 4.1.0
2024-11-26 11:26:01,012 [INFO] ThirdParty:1030 - CMSIS Pack Vendor :STMicroelectronics X-CUBE-ISPU 2.1.0
2024-11-26 11:26:01,012 [INFO] ThirdParty:1030 - CMSIS Pack Vendor :STMicroelectronics X-CUBE-FREERTOS 1.2.0
2024-11-26 11:26:01,012 [INFO] ThirdParty:1030 - CMSIS Pack Vendor :STMicroelectronics X-CUBE-IPS 3.0.0
2024-11-26 11:26:01,012 [INFO] ThirdParty:1030 - CMSIS Pack Vendor :STMicroelectronics X-CUBE-AZRTOS-WB 2.0.0
2024-11-26 11:26:01,012 [INFO] ThirdParty:1030 - CMSIS Pack Vendor :STMicroelectronics X-CUBE-GNSS1 7.0.0
2024-11-26 11:26:01,012 [INFO] ThirdParty:1030 - CMSIS Pack Vendor :STMicroelectronics X-CUBE-AZRTOS-F7 1.1.0
2024-11-26 11:26:01,012 [INFO] ThirdParty:1030 - CMSIS Pack Vendor :STMicroelectronics X-CUBE-AZRTOS-L5 2.0.0
2024-11-26 11:26:01,012 [INFO] ThirdParty:1030 - CMSIS Pack Vendor :STMicroelectronics USB_DEVICE 2.0.0
2024-11-26 11:26:01,012 [INFO] ThirdParty:1030 - CMSIS Pack Vendor :STMicroelectronics X-CUBE-NFC6 3.1.0
2024-11-26 11:26:01,013 [INFO] ThirdParty:1030 - CMSIS Pack Vendor :STMicroelectronics FP-SNS-STBOX1 2.0.0
2024-11-26 11:26:01,013 [INFO] ThirdParty:1030 - CMSIS Pack Vendor :STMicroelectronics X-CUBE-MEMS1 11.0.0
2024-11-26 11:26:01,013 [INFO] ThirdParty:1030 - CMSIS Pack Vendor :STMicroelectronics FreeRTOS 0.0.1
2024-11-26 11:26:01,013 [INFO] ThirdParty:1030 - CMSIS Pack Vendor :STMicroelectronics X-CUBE-AZRTOS-G0 1.1.0
2024-11-26 11:26:01,013 [INFO] ThirdParty:1030 - CMSIS Pack Vendor :STMicroelectronics X-CUBE-SAFEA1 1.2.2
2024-11-26 11:26:01,013 [INFO] ThirdParty:1030 - CMSIS Pack Vendor :STMicroelectronics X-CUBE-NFC4 3.0.0
2024-11-26 11:26:01,013 [INFO] ThirdParty:1030 - CMSIS Pack Vendor :STMicroelectronics X-CUBE-DPower 1.2.0
2024-11-26 11:26:01,013 [INFO] ThirdParty:1030 - CMSIS Pack Vendor :STMicroelectronics X-CUBE-SUBG2 5.0.0
2024-11-26 11:26:01,013 [INFO] ThirdParty:1030 - CMSIS Pack Vendor :STMicroelectronics STM32_WPAN 1.0.0
2024-11-26 11:26:01,013 [INFO] ThirdParty:1030 - CMSIS Pack Vendor :EmbeddedOffice I-CUBE-FS-RTOS 1.0.1
2024-11-26 11:26:01,013 [INFO] ThirdParty:1030 - CMSIS Pack Vendor :STMicroelectronics lwIP 2.0.3
2024-11-26 11:26:01,013 [INFO] ThirdParty:1030 - CMSIS Pack Vendor :STMicroelectronics FP-SNS-FLIGHT1 5.0.2
2024-11-26 11:26:01,013 [INFO] ThirdParty:1030 - CMSIS Pack Vendor :Cesanta I-CUBE-Mongoose 7.13.0
2024-11-26 11:26:01,014 [INFO] ThirdParty:1030 - CMSIS Pack Vendor :STMicroelectronics USB_HOST 1.0.0
2024-11-26 11:26:01,014 [INFO] ThirdParty:1030 - CMSIS Pack Vendor :STMicroelectronics X-CUBE-AZRTOS-G4 2.0.0
2024-11-26 11:26:01,014 [INFO] ThirdParty:1030 - CMSIS Pack Vendor :STMicroelectronics PDM2PCM 3.1.0
2024-11-26 11:26:01,014 [INFO] ThirdParty:1030 - CMSIS Pack Vendor :STMicroelectronics PDM2PCM 3.3.0
2024-11-26 11:26:01,014 [INFO] ThirdParty:1030 - CMSIS Pack Vendor :STMicroelectronics X-CUBE-DISPLAY 3.0.0
2024-11-26 11:26:01,014 [INFO] ThirdParty:1030 - CMSIS Pack Vendor :RealThread X-CUBE-RT-Thread_Nano 4.1.1
2024-11-26 11:26:01,014 [INFO] ThirdParty:1030 - CMSIS Pack Vendor :STMicroelectronics X-CUBE-BLE1 7.0.0
2024-11-26 11:26:01,014 [INFO] ThirdParty:1030 - CMSIS Pack Vendor :STMicroelectronics FP-ATR-SIGFOX1 3.2.0
2024-11-26 11:26:01,014 [INFO] ThirdParty:1030 - CMSIS Pack Vendor :STMicroelectronics X-CUBE-NFC10 1.0.0
2024-11-26 11:26:01,014 [INFO] ThirdParty:1030 - CMSIS Pack Vendor :quantropi X-CUBE-qispace-sdk-base 1.9.3
2024-11-26 11:26:01,014 [INFO] ThirdParty:1030 - CMSIS Pack Vendor :STMicroelectronics X-CUBE-EEPRMA1 5.1.0
2024-11-26 11:26:01,014 [INFO] ThirdParty:1030 - CMSIS Pack Vendor :STMicroelectronics HAL Drivers 0.0.0
2024-11-26 11:26:01,015 [INFO] ThirdParty:1030 - CMSIS Pack Vendor :STMicroelectronics MBEDTLS 2.16.2
2024-11-26 11:26:01,015 [INFO] ThirdParty:1030 - CMSIS Pack Vendor :STMicroelectronics X-CUBE-ALS 1.0.2
2024-11-26 11:26:01,015 [INFO] ThirdParty:1030 - CMSIS Pack Vendor :emotas I-CUBE-CANOPEN 1.3.0
2024-11-26 11:26:01,015 [INFO] ThirdParty:1030 - CMSIS Pack Vendor :wolfSSL I-CUBE-wolfSSL 5.7.4
2024-11-26 11:26:01,015 [INFO] ThirdParty:1030 - CMSIS Pack Vendor :STMicroelectronics X-CUBE-NFC7 1.0.1
2024-11-26 11:26:01,016 [INFO] ThirdParty:1030 - CMSIS Pack Vendor :STMicroelectronics MBEDTLS 2.14.1
2024-11-26 11:26:01,016 [INFO] ThirdParty:1030 - CMSIS Pack Vendor :ITTIA_DB I-CUBE-ITTIADB 8.9.0
2024-11-26 11:26:01,016 [INFO] ThirdParty:1030 - CMSIS Pack Vendor :STMicroelectronics X-CUBE-TOUCHGFX 4.24.1
2024-11-26 11:26:01,016 [INFO] ThirdParty:1030 - CMSIS Pack Vendor :wolfSSL I-CUBE-wolfTPM 3.4.0
2024-11-26 11:26:01,016 [INFO] ThirdParty:1030 - CMSIS Pack Vendor :portGmbH I-Cube-SoM-uGOAL 1.1.0
2024-11-26 11:26:01,016 [INFO] ThirdParty:1030 - CMSIS Pack Vendor :STMicroelectronics X-CUBE-BLEMGR 3.1.0
2024-11-26 11:26:01,016 [INFO] ThirdParty:1030 - CMSIS Pack Vendor :STMicroelectronics ThreadX 1.0.0
2024-11-26 11:26:01,016 [INFO] ThirdParty:1030 - CMSIS Pack Vendor :STMicroelectronics FP-SNS-SMARTAG2 1.2.0
2024-11-26 11:26:01,016 [INFO] ThirdParty:1030 - CMSIS Pack Vendor :STMicroelectronics X-CUBE-AZRTOS-WL 2.0.0
2024-11-26 11:26:01,017 [INFO] ThirdParty:1030 - CMSIS Pack Vendor :SEGGER I-CUBE-embOS 1.3.1
2024-11-26 11:26:01,017 [INFO] ThirdParty:1030 - CMSIS Pack Vendor :STMicroelectronics X-CUBE-ALGOBUILD 1.4.0
2024-11-26 11:26:01,017 [INFO] ThirdParty:1030 - CMSIS Pack Vendor :STMicroelectronics FP-SNS-MOTENV1 5.0.0
2024-11-26 11:26:01,017 [INFO] ThirdParty:1030 - CMSIS Pack Vendor :STMicroelectronics USB_DEVICE 1.0.0
2024-11-26 11:26:01,017 [INFO] ThirdParty:1030 - CMSIS Pack Vendor :STMicroelectronics X-CUBE-AZRTOS-H7RS 1.0.0
2024-11-26 11:26:01,017 [INFO] ThirdParty:1030 - CMSIS Pack Vendor :wolfSSL I-CUBE-wolfMQTT 1.19.0
2024-11-26 11:26:01,017 [INFO] ThirdParty:1030 - CMSIS Pack Vendor :STMicroelectronics X-CUBE-AZRTOS-L4 2.0.0
2024-11-26 11:26:01,017 [INFO] ThirdParty:1030 - CMSIS Pack Vendor :STMicroelectronics ThreadX 0.0.2
2024-11-26 11:26:01,017 [INFO] ThirdParty:1030 - CMSIS Pack Vendor :WES I-CUBE-Cesium 1.3.0
2024-11-26 11:26:01,017 [INFO] ThirdParty:1030 - CMSIS Pack Vendor :STMicroelectronics lwIP 2.1.2
2024-11-26 11:26:01,017 [INFO] ThirdParty:1030 - CMSIS Pack Vendor :STMicroelectronics X-CUBE-SFXS2LP1 4.0.0
2024-11-26 11:26:01,018 [INFO] ThirdParty:1030 - CMSIS Pack Vendor :STMicroelectronics X-CUBE-BLE2 3.3.0
2024-11-26 11:26:01,018 [INFO] ThirdParty:1030 - CMSIS Pack Vendor :STMicroelectronics X-CUBE-TOF1 3.4.2
2024-11-26 11:26:01,018 [INFO] ThirdParty:1030 - CMSIS Pack Vendor :STMicroelectronics X-CUBE-AI 9.1.0
2024-11-26 11:26:01,018 [INFO] ThirdParty:1030 - CMSIS Pack Vendor :Infineon AIROC-Wi-Fi-Bluetooth-STM32 1.6.1
2024-11-26 11:26:01,018 [INFO] ThirdParty:1030 - CMSIS Pack Vendor :STMicroelectronics PDM2PCM 3.2.0
2024-11-26 11:26:01,018 [INFO] ThirdParty:1030 - CMSIS Pack Vendor :wolfSSL I-CUBE-wolfSSH 1.4.17
2024-11-26 11:26:01,018 [INFO] ThirdParty:841 - exiting critical section [change project]
2024-11-26 11:26:01,260 [INFO] PinOutPanel:1561 - setPackage(No Configuration,No Configuration)
2024-11-26 11:26:01,261 [INFO] PinOutPanel:1561 - setPackage(STM32F411VETx,LQFP100)
2024-11-26 11:26:01,557 [INFO] UtilMem:75 - Before build in PCC Used Memory: 524542912 Bytes (633339904)
2024-11-26 11:26:02,080 [INFO] UtilMem:75 - After build in PCC Used Memory: 317194536 Bytes (633339904)
2024-11-26 11:26:02,107 [INFO] IPUIPlugin:80 - create IPUIPlugin
2024-11-26 11:26:02,108 [INFO] IPUIPlugin:80 - create IPUIPlugin
2024-11-26 11:26:02,108 [INFO] IPUIPlugin:80 - create IPUIPlugin
2024-11-26 11:26:02,108 [INFO] IPUIPlugin:80 - create IPUIPlugin
2024-11-26 11:26:02,108 [INFO] IPUIPlugin:80 - create IPUIPlugin
2024-11-26 11:26:02,108 [INFO] IPUIPlugin:80 - create IPUIPlugin
2024-11-26 11:26:02,109 [INFO] IPUIPlugin:80 - create IPUIPlugin
2024-11-26 11:26:02,109 [INFO] IPUIPlugin:80 - create IPUIPlugin
2024-11-26 11:26:02,109 [INFO] IPUIPlugin:80 - create IPUIPlugin
2024-11-26 11:26:02,109 [INFO] IPUIPlugin:80 - create IPUIPlugin
2024-11-26 11:26:02,109 [INFO] IPUIPlugin:80 - create IPUIPlugin
2024-11-26 11:26:02,109 [INFO] IPUIPlugin:80 - create IPUIPlugin
2024-11-26 11:26:02,109 [INFO] IPUIPlugin:80 - create IPUIPlugin
2024-11-26 11:26:02,110 [INFO] IPUIPlugin:80 - create IPUIPlugin
2024-11-26 11:26:02,110 [INFO] IPUIPlugin:80 - create IPUIPlugin
2024-11-26 11:26:02,110 [INFO] IPUIPlugin:80 - create IPUIPlugin
2024-11-26 11:26:02,110 [INFO] IPUIPlugin:80 - create IPUIPlugin
2024-11-26 11:26:02,110 [INFO] IPUIPlugin:80 - create IPUIPlugin
2024-11-26 11:26:02,110 [INFO] IPUIPlugin:80 - create IPUIPlugin
2024-11-26 11:26:02,111 [INFO] IPUIPlugin:80 - create IPUIPlugin
2024-11-26 11:26:02,111 [INFO] IPUIPlugin:80 - create IPUIPlugin
2024-11-26 11:26:02,111 [INFO] IPUIPlugin:80 - create IPUIPlugin
2024-11-26 11:26:02,111 [INFO] IPUIPlugin:80 - create IPUIPlugin
2024-11-26 11:26:02,111 [INFO] IPUIPlugin:80 - create IPUIPlugin
2024-11-26 11:26:02,111 [INFO] IPUIPlugin:80 - create IPUIPlugin
2024-11-26 11:26:02,112 [INFO] IPUIPlugin:80 - create IPUIPlugin
2024-11-26 11:26:02,112 [INFO] IPUIPlugin:80 - create IPUIPlugin
2024-11-26 11:26:02,112 [INFO] IPUIPlugin:80 - create IPUIPlugin
2024-11-26 11:26:02,112 [INFO] IPUIPlugin:80 - create IPUIPlugin
2024-11-26 11:26:02,112 [INFO] IPUIPlugin:80 - create IPUIPlugin
2024-11-26 11:26:02,112 [INFO] IPUIPlugin:80 - create IPUIPlugin
2024-11-26 11:26:02,112 [INFO] IPUIPlugin:80 - create IPUIPlugin
2024-11-26 11:26:02,113 [INFO] IPUIPlugin:80 - create IPUIPlugin
2024-11-26 11:26:02,113 [INFO] IPUIPlugin:80 - create IPUIPlugin
2024-11-26 11:26:02,113 [INFO] IPUIPlugin:80 - create IPUIPlugin
2024-11-26 11:26:02,113 [INFO] IPUIPlugin:80 - create IPUIPlugin
2024-11-26 11:26:02,113 [INFO] IPUIPlugin:80 - create IPUIPlugin
2024-11-26 11:26:02,113 [INFO] IPUIPlugin:80 - create IPUIPlugin
2024-11-26 11:26:02,113 [INFO] IPUIPlugin:80 - create IPUIPlugin
2024-11-26 11:26:02,114 [INFO] IPUIPlugin:80 - create IPUIPlugin
2024-11-26 11:26:02,114 [INFO] IPUIPlugin:80 - create IPUIPlugin
2024-11-26 11:26:02,114 [INFO] IPUIPlugin:80 - create IPUIPlugin
2024-11-26 11:26:02,114 [INFO] IPUIPlugin:80 - create IPUIPlugin
2024-11-26 11:26:02,147 [INFO] ApiDbMcu:508 - Load IP Config File for PDM2PCM
2024-11-26 11:26:02,294 [INFO] CADModel:165 - CPN selected for project levelSTM32F411VET6
2024-11-26 11:26:02,294 [INFO] CADModel:114 - Register for checkConnection events
2024-11-26 11:26:02,332 [INFO] OpenFileManager:363 - Restore cursor
2024-11-26 11:26:09,377 [INFO] Gpio:277 - dependency for GPIO []
2024-11-26 11:33:00,744 [INFO] LogOutputStream:77 - [STDOUT_REDIRECT] StartTraceHandler.execute(), success : Collect=false
2024-11-26 11:33:01,988 [INFO] LogOutputStream:77 - [STDOUT_REDIRECT] StartTraceHandler.execute(), success : Collect=true
2024-11-26 11:33:02,992 [INFO] LogOutputStream:77 - [STDOUT_REDIRECT] StartTraceHandler.execute(), success : Collect=false
2024-11-26 11:33:04,261 [INFO] LogOutputStream:77 - [STDOUT_REDIRECT] StartTraceHandler.execute(), success : Collect=true
2024-11-26 11:36:34,167 [INFO] MainUpdater:2873 - connection check result : 10
2024-11-26 11:36:34,167 [INFO] MainUpdater:2873 - connection check result : 10
2024-11-26 11:36:34,279 [INFO] MicroXplorer:468 - Change Database Path : 
2024-11-26 11:36:34,279 [INFO] MicroXplorer:498 - Change Database Version : DB.6.0.121
2024-11-26 11:36:34,284 [ERROR] ProjectManagerView:394 - 
java.lang.NullPointerException: Cannot invoke "javax.swing.JTextField.getText()" because the return value of "java.util.List.get(int)" is null
	at com.st.microxplorer.plugins.projectmanager.gui.ProjectChoiceTab$10.caretUpdate(ProjectChoiceTab.java:2622) ~[filemanager.jar:?]
	at javax.swing.text.JTextComponent.fireCaretUpdate(JTextComponent.java:412) ~[?:?]
	at javax.swing.text.JTextComponent$MutableCaretEvent.fire(JTextComponent.java:4491) ~[?:?]
	at javax.swing.text.JTextComponent$MutableCaretEvent.stateChanged(JTextComponent.java:4513) ~[?:?]
	at javax.swing.text.DefaultCaret.fireStateChanged(DefaultCaret.java:842) ~[?:?]
	at javax.swing.text.DefaultCaret.changeCaretPosition(DefaultCaret.java:1313) ~[?:?]
	at javax.swing.text.DefaultCaret.handleSetDot(DefaultCaret.java:1212) ~[?:?]
	at javax.swing.text.DefaultCaret.setDot(DefaultCaret.java:1193) ~[?:?]
	at javax.swing.text.DefaultCaret$Handler.insertUpdate(DefaultCaret.java:1789) ~[?:?]
	at javax.swing.text.AbstractDocument.fireInsertUpdate(AbstractDocument.java:226) ~[?:?]
	at javax.swing.text.AbstractDocument.handleInsertString(AbstractDocument.java:780) ~[?:?]
	at javax.swing.text.AbstractDocument.insertString(AbstractDocument.java:739) ~[?:?]
	at javax.swing.text.PlainDocument.insertString(PlainDocument.java:131) ~[?:?]
	at javax.swing.text.AbstractDocument.replace(AbstractDocument.java:698) ~[?:?]
	at javax.swing.text.JTextComponent.setText(JTextComponent.java:1729) ~[?:?]
	at com.st.microxplorer.plugins.projectmanager.gui.ProjectChoiceTab.createHeapStackFields(ProjectChoiceTab.java:972) ~[filemanager.jar:?]
	at com.st.microxplorer.plugins.projectmanager.gui.ProjectChoiceTab.buildLinkSettingsPanel(ProjectChoiceTab.java:3597) ~[filemanager.jar:?]
	at com.st.microxplorer.plugins.projectmanager.gui.ProjectChoiceTab.defineWindowsFields(ProjectChoiceTab.java:1940) ~[filemanager.jar:?]
	at com.st.microxplorer.plugins.projectmanager.gui.ProjectChoiceTab.updateSettings(ProjectChoiceTab.java:550) ~[filemanager.jar:?]
	at com.st.microxplorer.plugins.projectmanager.gui.ProjectSettingsPanel.UpdateDialog(ProjectSettingsPanel.java:245) ~[filemanager.jar:?]
	at com.st.microxplorer.plugins.projectmanager.ProjectManagerView.propertyChange(ProjectManagerView.java:391) ~[filemanager.jar:?]
	at java.beans.PropertyChangeSupport.fire(PropertyChangeSupport.java:343) ~[?:?]
	at java.beans.PropertyChangeSupport.firePropertyChange(PropertyChangeSupport.java:335) ~[?:?]
	at java.beans.PropertyChangeSupport.firePropertyChange(PropertyChangeSupport.java:268) ~[?:?]
	at com.st.microxplorer.util.MXPropertyChangeSupport.firePropertyChange(MXPropertyChangeSupport.java:54) ~[STM32CubeMX.jar:?]
	at com.st.microxplorer.mxsystem.MxSystem.closeConfig(MxSystem.java:900) ~[STM32CubeMX.jar:?]
	at com.st.microxplorer.maingui.MainPanel.closeConfig(MainPanel.java:781) ~[STM32CubeMX.jar:?]
	at com.st.microxplorer.plugins.filemanager.engine.OpenFileManager.loadConfigurationFile(OpenFileManager.java:265) ~[filemanager.jar:?]
	at com.st.microxplorer.plugins.filemanager.engine.MainFileManager.userLoadConfig(MainFileManager.java:352) ~[filemanager.jar:?]
	at com.st.microxplorer.plugins.filemanager.engine.MainFileManager.userLoadConfig(MainFileManager.java:330) ~[filemanager.jar:?]
	at com.st.microxplorer.plugins.filemanager.FileManagerView.getSpecificTask(FileManagerView.java:246) ~[filemanager.jar:?]
	at com.st.stm32cube.common.mx.editor.CubeMxEditor.getMxTabbedPaneInstance(CubeMxEditor.java:1198) ~[com.st.stm32cube.common.mx_6.12.1.202409122256/:?]
	at com.st.stm32cube.common.mx.editor.CubeMxEditor$12$1.createSwingComponent(CubeMxEditor.java:1068) ~[com.st.stm32cube.common.mx_6.12.1.202409122256/:?]
	at com.st.stm32cube.common.mx.oss.core.awtswtbridge.EmbeddedSwingComposite.doComponentCreation(EmbeddedSwingComposite.java:492) ~[com.st.stm32cube.common.mx.oss_6.12.1.202409122256/:?]
	at com.st.stm32cube.common.mx.oss.core.awtswtbridge.EmbeddedSwingComposite$4.run(EmbeddedSwingComposite.java:291) ~[com.st.stm32cube.common.mx.oss_6.12.1.202409122256/:?]
	at com.st.stm32cube.common.mx.oss.core.awtswtbridge.AwtEnvironment$2.run(AwtEnvironment.java:166) ~[com.st.stm32cube.common.mx.oss_6.12.1.202409122256/:?]
	at java.awt.event.InvocationEvent.dispatch(InvocationEvent.java:318) ~[?:?]
	at java.awt.EventQueue.dispatchEventImpl(EventQueue.java:773) ~[?:?]
	at java.awt.EventQueue$4.run(EventQueue.java:720) ~[?:?]
	at java.awt.EventQueue$4.run(EventQueue.java:714) ~[?:?]
	at java.security.AccessController.doPrivileged(AccessController.java:399) ~[?:?]
	at java.security.ProtectionDomain$JavaSecurityAccessImpl.doIntersectionPrivilege(ProtectionDomain.java:86) ~[?:?]
	at java.awt.EventQueue.dispatchEvent(EventQueue.java:742) ~[?:?]
	at java.awt.EventDispatchThread.pumpOneEventForFilters(EventDispatchThread.java:203) ~[?:?]
	at java.awt.EventDispatchThread.pumpEventsForFilter(EventDispatchThread.java:124) ~[?:?]
	at java.awt.EventDispatchThread.pumpEventsForHierarchy(EventDispatchThread.java:113) ~[?:?]
	at java.awt.EventDispatchThread.pumpEvents(EventDispatchThread.java:109) ~[?:?]
	at java.awt.EventDispatchThread.pumpEvents(EventDispatchThread.java:101) ~[?:?]
	at java.awt.EventDispatchThread.run(EventDispatchThread.java:90) ~[?:?]
2024-11-26 11:36:34,289 [WARN] ThirdParty:871 - waiting for thirdparty lock release [close project]
2024-11-26 11:36:34,289 [INFO] ThirdParty:873 - entering critical section [close project]
2024-11-26 11:36:34,289 [INFO] ThirdParty:883 - exiting critical section [close project]
2024-11-26 11:36:34,290 [INFO] PinOutPanel:1561 - setPackage(No Configuration,No Configuration)
2024-11-26 11:36:34,301 [WARN] IpParametersView:151 - Warning: This peripheral hasn't parameters
2024-11-26 11:36:34,310 [WARN] MainPanel:284 - <html><b><center>Warning: This peripheral has no parameters to be configured<br></b></html>
2024-11-26 11:36:34,318 [INFO] UtilMem:75 - Begin LoadConfig() Used Memory: 272352392 Bytes (768606208)
2024-11-26 11:36:34,319 [INFO] MicroXplorer:468 - Change Database Path : 
2024-11-26 11:36:34,319 [INFO] MicroXplorer:498 - Change Database Version : DB.6.0.121
2024-11-26 11:36:34,319 [INFO] OpenFileManager:332 - Change cursor
2024-11-26 11:36:34,325 [INFO] Mcu:2032 - Initializing MCU STM32F411V(C-E)Tx STM32F411VETx STM32F411VET6
2024-11-26 11:36:34,735 [INFO] Context:742 - Trying to add GPIOservice into a context  which must be forbidden
2024-11-26 11:36:34,971 [INFO] RtosManager:555 - Registered RTOS mode: class=CMSIS, group=RTOS, mode=CMSIS_V1, owner=FREERTOS
2024-11-26 11:36:34,971 [INFO] RtosManager:555 - Registered RTOS mode: class=CMSIS, group=RTOS2, mode=CMSIS_V2, owner=FREERTOS
2024-11-26 11:36:34,972 [INFO] RtosManager:555 - Registered RTOS mode: class=RTOS, group=Core, mode=CMSIS_V1, owner=FREERTOS
2024-11-26 11:36:34,972 [INFO] RtosManager:555 - Registered RTOS mode: class=RTOS, group=Core, mode=CMSIS_V2, owner=FREERTOS
2024-11-26 11:36:34,972 [WARN] ModelIntegratedComponent:184 - Missing modes for component STMicroelectronics:FreeRTOS:0.0.1:STMicroelectronics:RTOS:FreeRTOS:Core:::10.2.0:
2024-11-26 11:36:34,975 [WARN] ModelIntegratedComponent:182 - Modes not found for component STMicroelectronics:USB_HOST:1.0.0:STMicroelectronics:USB::USB Host:Audio HS::1.0:USB_HOST_1_0_RESTRICTED_HS
2024-11-26 11:36:34,975 [WARN] ModelIntegratedComponent:188 - Modes not found for component STMicroelectronics:USB_HOST:1.0.0:STMicroelectronics:USB::USB Host:Audio HS::1.0:USB_HOST_1_0_RESTRICTED_HS
2024-11-26 11:36:34,976 [WARN] ModelIntegratedComponent:182 - Modes not found for component STMicroelectronics:USB_HOST:1.0.0:STMicroelectronics:USB::USB Host:CDC HS::1.0:USB_HOST_1_0_RESTRICTED_HS
2024-11-26 11:36:34,976 [WARN] ModelIntegratedComponent:188 - Modes not found for component STMicroelectronics:USB_HOST:1.0.0:STMicroelectronics:USB::USB Host:CDC HS::1.0:USB_HOST_1_0_RESTRICTED_HS
2024-11-26 11:36:34,976 [WARN] ModelIntegratedComponent:182 - Modes not found for component STMicroelectronics:USB_HOST:1.0.0:STMicroelectronics:USB::USB Host:MSC HS::1.0:USB_HOST_1_0_RESTRICTED_HS
2024-11-26 11:36:34,976 [WARN] ModelIntegratedComponent:188 - Modes not found for component STMicroelectronics:USB_HOST:1.0.0:STMicroelectronics:USB::USB Host:MSC HS::1.0:USB_HOST_1_0_RESTRICTED_HS
2024-11-26 11:36:34,976 [WARN] ModelIntegratedComponent:182 - Modes not found for component STMicroelectronics:USB_HOST:1.0.0:STMicroelectronics:USB::USB Host:HID HS::1.0:USB_HOST_1_0_RESTRICTED_HS
2024-11-26 11:36:34,976 [WARN] ModelIntegratedComponent:188 - Modes not found for component STMicroelectronics:USB_HOST:1.0.0:STMicroelectronics:USB::USB Host:HID HS::1.0:USB_HOST_1_0_RESTRICTED_HS
2024-11-26 11:36:34,976 [WARN] ModelIntegratedComponent:182 - Modes not found for component STMicroelectronics:USB_HOST:1.0.0:STMicroelectronics:USB::USB Host:MTP HS::1.0:USB_HOST_1_0_RESTRICTED_HS
2024-11-26 11:36:34,976 [WARN] ModelIntegratedComponent:188 - Modes not found for component STMicroelectronics:USB_HOST:1.0.0:STMicroelectronics:USB::USB Host:MTP HS::1.0:USB_HOST_1_0_RESTRICTED_HS
2024-11-26 11:36:34,978 [WARN] ModelIntegratedComponent:63 - No mode defined for component null
2024-11-26 11:36:34,978 [WARN] ModelIntegratedComponent:63 - No mode defined for component null
2024-11-26 11:36:34,978 [WARN] ModelIntegratedComponent:63 - No mode defined for component null
2024-11-26 11:36:34,978 [WARN] ModelIntegratedComponent:63 - No mode defined for component null
2024-11-26 11:36:34,978 [WARN] ModelIntegratedComponent:63 - No mode defined for component null
2024-11-26 11:36:34,978 [WARN] ModelIntegratedComponent:63 - No mode defined for component null
2024-11-26 11:36:34,978 [WARN] ModelIntegratedComponent:63 - No mode defined for component null
2024-11-26 11:36:34,979 [WARN] ModelIntegratedComponent:63 - No mode defined for component null
2024-11-26 11:36:34,979 [WARN] ModelIntegratedComponent:63 - No mode defined for component null
2024-11-26 11:36:34,979 [WARN] ModelIntegratedComponent:63 - No mode defined for component null
2024-11-26 11:36:34,979 [WARN] ModelIntegratedComponent:63 - No mode defined for component null
2024-11-26 11:36:34,979 [WARN] ModelIntegratedComponent:63 - No mode defined for component null
2024-11-26 11:36:34,979 [WARN] ModelIntegratedComponent:63 - No mode defined for component null
2024-11-26 11:36:34,979 [WARN] ModelIntegratedComponent:63 - No mode defined for component null
2024-11-26 11:36:34,979 [WARN] ModelIntegratedComponent:63 - No mode defined for component null
2024-11-26 11:36:34,979 [WARN] ModelIntegratedComponent:63 - No mode defined for component null
2024-11-26 11:36:34,980 [WARN] ModelIntegratedComponent:63 - No mode defined for component null
2024-11-26 11:36:34,980 [WARN] ModelIntegratedComponent:63 - No mode defined for component null
2024-11-26 11:36:34,980 [WARN] ModelIntegratedComponent:63 - No mode defined for component null
2024-11-26 11:36:34,980 [WARN] ModelIntegratedComponent:63 - No mode defined for component null
2024-11-26 11:36:34,980 [WARN] ModelIntegratedComponent:63 - No mode defined for component null
2024-11-26 11:36:34,980 [WARN] ModelIntegratedComponent:63 - No mode defined for component null
2024-11-26 11:36:34,980 [WARN] ModelIntegratedComponent:63 - No mode defined for component null
2024-11-26 11:36:34,980 [WARN] ModelIntegratedComponent:63 - No mode defined for component null
2024-11-26 11:36:34,980 [WARN] ModelIntegratedComponent:63 - No mode defined for component null
2024-11-26 11:36:34,981 [WARN] ModelIntegratedComponent:63 - No mode defined for component null
2024-11-26 11:36:34,981 [WARN] ModelIntegratedComponent:63 - No mode defined for component null
2024-11-26 11:36:34,981 [WARN] ModelIntegratedComponent:63 - No mode defined for component null
2024-11-26 11:36:34,981 [WARN] ModelIntegratedComponent:63 - No mode defined for component null
2024-11-26 11:36:34,981 [WARN] ModelIntegratedComponent:63 - No mode defined for component null
2024-11-26 11:36:34,981 [WARN] ModelIntegratedComponent:63 - No mode defined for component null
2024-11-26 11:36:34,981 [WARN] ModelIntegratedComponent:63 - No mode defined for component null
2024-11-26 11:36:34,981 [WARN] ModelIntegratedComponent:63 - No mode defined for component null
2024-11-26 11:36:34,981 [WARN] ModelIntegratedComponent:63 - No mode defined for component null
2024-11-26 11:36:34,981 [WARN] ModelIntegratedComponent:63 - No mode defined for component null
2024-11-26 11:36:34,981 [WARN] ModelPack:524 - Component already loaded: STMicroelectronics:HAL Drivers:0.0.0:STMicroelectronics:Device:STMicro_Driver:XSPI:HAL::0.0.1:HAL_XSPI
2024-11-26 11:36:34,985 [WARN] ModelIntegratedComponent:182 - Modes not found for component STMicroelectronics:USB_DEVICE:1.0.0:STMicroelectronics:USB::USB Device:Audio HS::1.0:USB_DEVICE_1_0_RESTRICTED_HS
2024-11-26 11:36:34,985 [WARN] ModelIntegratedComponent:188 - Modes not found for component STMicroelectronics:USB_DEVICE:1.0.0:STMicroelectronics:USB::USB Device:Audio HS::1.0:USB_DEVICE_1_0_RESTRICTED_HS
2024-11-26 11:36:34,985 [WARN] ModelIntegratedComponent:182 - Modes not found for component STMicroelectronics:USB_DEVICE:1.0.0:STMicroelectronics:USB::USB Device:CDC HS::1.0:USB_DEVICE_1_0_RESTRICTED_HS
2024-11-26 11:36:34,985 [WARN] ModelIntegratedComponent:188 - Modes not found for component STMicroelectronics:USB_DEVICE:1.0.0:STMicroelectronics:USB::USB Device:CDC HS::1.0:USB_DEVICE_1_0_RESTRICTED_HS
2024-11-26 11:36:34,985 [WARN] ModelIntegratedComponent:182 - Modes not found for component STMicroelectronics:USB_DEVICE:1.0.0:STMicroelectronics:USB::USB Device:DFU HS::1.0:USB_DEVICE_1_0_RESTRICTED_HS
2024-11-26 11:36:34,985 [WARN] ModelIntegratedComponent:188 - Modes not found for component STMicroelectronics:USB_DEVICE:1.0.0:STMicroelectronics:USB::USB Device:DFU HS::1.0:USB_DEVICE_1_0_RESTRICTED_HS
2024-11-26 11:36:34,985 [WARN] ModelIntegratedComponent:182 - Modes not found for component STMicroelectronics:USB_DEVICE:1.0.0:STMicroelectronics:USB::USB Device:HID HS::1.0:USB_DEVICE_1_0_RESTRICTED_HS
2024-11-26 11:36:34,985 [WARN] ModelIntegratedComponent:188 - Modes not found for component STMicroelectronics:USB_DEVICE:1.0.0:STMicroelectronics:USB::USB Device:HID HS::1.0:USB_DEVICE_1_0_RESTRICTED_HS
2024-11-26 11:36:34,985 [WARN] ModelIntegratedComponent:182 - Modes not found for component STMicroelectronics:USB_DEVICE:1.0.0:STMicroelectronics:USB::USB Device:Custom HID HS::1.0:USB_DEVICE_1_0_RESTRICTED_HS
2024-11-26 11:36:34,985 [WARN] ModelIntegratedComponent:188 - Modes not found for component STMicroelectronics:USB_DEVICE:1.0.0:STMicroelectronics:USB::USB Device:Custom HID HS::1.0:USB_DEVICE_1_0_RESTRICTED_HS
2024-11-26 11:36:34,985 [WARN] ModelIntegratedComponent:182 - Modes not found for component STMicroelectronics:USB_DEVICE:1.0.0:STMicroelectronics:USB::USB Device:MSC HS::1.0:USB_DEVICE_1_0_RESTRICTED_HS
2024-11-26 11:36:34,985 [WARN] ModelIntegratedComponent:188 - Modes not found for component STMicroelectronics:USB_DEVICE:1.0.0:STMicroelectronics:USB::USB Device:MSC HS::1.0:USB_DEVICE_1_0_RESTRICTED_HS
2024-11-26 11:36:34,995 [INFO] ThirdPartyModel:298 - Start build external matchings
2024-11-26 11:36:35,204 [INFO] ThirdPartyModel:316 - End build external matchings
2024-11-26 11:36:35,317 [INFO] UtilMem:75 - End LoadConfig() Used Memory: 408889280 Bytes (768606208)
2024-11-26 11:36:35,326 [WARN] ThirdParty:833 - waiting for thirdparty lock release [change project]
2024-11-26 11:36:35,326 [INFO] ThirdParty:835 - entering critical section [change project]
2024-11-26 11:36:35,326 [INFO] ThirdParty:1030 - CMSIS Pack Vendor :STMicroelectronics USBPD 4.1
2024-11-26 11:36:35,327 [INFO] ThirdParty:1030 - CMSIS Pack Vendor :STMicroelectronics X-CUBE-AZRTOS-H7 3.3.0
2024-11-26 11:36:35,327 [INFO] ThirdParty:1030 - CMSIS Pack Vendor :STMicroelectronics X-CUBE-NFC9 1.0.0
2024-11-26 11:36:35,327 [INFO] ThirdParty:1030 - CMSIS Pack Vendor :STMicroelectronics USB_HOST 2.0.0
2024-11-26 11:36:35,327 [INFO] ThirdParty:1030 - CMSIS Pack Vendor :STMicroelectronics FP-SNS-MOTENVWB1 1.4.0
2024-11-26 11:36:35,327 [INFO] ThirdParty:1030 - CMSIS Pack Vendor :STMicroelectronics X-CUBE-AZRTOS-F4 1.1.0
2024-11-26 11:36:35,327 [INFO] ThirdParty:1030 - CMSIS Pack Vendor :STMicroelectronics LIBJPEG 8.0.0
2024-11-26 11:36:35,327 [INFO] ThirdParty:1030 - CMSIS Pack Vendor :STMicroelectronics FP-ATR-ASTRA1 2.0.1
2024-11-26 11:36:35,327 [INFO] ThirdParty:1030 - CMSIS Pack Vendor :STMicroelectronics X-CUBE-SMBUS 2.1.0
2024-11-26 11:36:35,327 [INFO] ThirdParty:1030 - CMSIS Pack Vendor :STMicroelectronics X-CUBE-WB05N 1.1.0
2024-11-26 11:36:35,327 [INFO] ThirdParty:1030 - CMSIS Pack Vendor :STMicroelectronics USB_DEVICE 3.0.0
2024-11-26 11:36:35,327 [INFO] ThirdParty:1030 - CMSIS Pack Vendor :STMicroelectronics X-CUBE-TCPP 4.1.0
2024-11-26 11:36:35,327 [INFO] ThirdParty:1030 - CMSIS Pack Vendor :STMicroelectronics X-CUBE-ISPU 2.1.0
2024-11-26 11:36:35,327 [INFO] ThirdParty:1030 - CMSIS Pack Vendor :STMicroelectronics X-CUBE-FREERTOS 1.2.0
2024-11-26 11:36:35,327 [INFO] ThirdParty:1030 - CMSIS Pack Vendor :STMicroelectronics X-CUBE-IPS 3.0.0
2024-11-26 11:36:35,327 [INFO] ThirdParty:1030 - CMSIS Pack Vendor :STMicroelectronics X-CUBE-AZRTOS-WB 2.0.0
2024-11-26 11:36:35,328 [INFO] ThirdParty:1030 - CMSIS Pack Vendor :STMicroelectronics X-CUBE-GNSS1 7.0.0
2024-11-26 11:36:35,328 [INFO] ThirdParty:1030 - CMSIS Pack Vendor :STMicroelectronics X-CUBE-AZRTOS-F7 1.1.0
2024-11-26 11:36:35,328 [INFO] ThirdParty:1030 - CMSIS Pack Vendor :STMicroelectronics X-CUBE-AZRTOS-L5 2.0.0
2024-11-26 11:36:35,328 [INFO] ThirdParty:1030 - CMSIS Pack Vendor :STMicroelectronics USB_DEVICE 2.0.0
2024-11-26 11:36:35,328 [INFO] ThirdParty:1030 - CMSIS Pack Vendor :STMicroelectronics X-CUBE-NFC6 3.1.0
2024-11-26 11:36:35,328 [INFO] ThirdParty:1030 - CMSIS Pack Vendor :STMicroelectronics FP-SNS-STBOX1 2.0.0
2024-11-26 11:36:35,328 [INFO] ThirdParty:1030 - CMSIS Pack Vendor :STMicroelectronics X-CUBE-MEMS1 11.0.0
2024-11-26 11:36:35,328 [INFO] ThirdParty:1030 - CMSIS Pack Vendor :STMicroelectronics FreeRTOS 0.0.1
2024-11-26 11:36:35,328 [INFO] ThirdParty:1030 - CMSIS Pack Vendor :STMicroelectronics X-CUBE-AZRTOS-G0 1.1.0
2024-11-26 11:36:35,328 [INFO] ThirdParty:1030 - CMSIS Pack Vendor :STMicroelectronics X-CUBE-SAFEA1 1.2.2
2024-11-26 11:36:35,328 [INFO] ThirdParty:1030 - CMSIS Pack Vendor :STMicroelectronics X-CUBE-NFC4 3.0.0
2024-11-26 11:36:35,328 [INFO] ThirdParty:1030 - CMSIS Pack Vendor :STMicroelectronics X-CUBE-DPower 1.2.0
2024-11-26 11:36:35,328 [INFO] ThirdParty:1030 - CMSIS Pack Vendor :STMicroelectronics X-CUBE-SUBG2 5.0.0
2024-11-26 11:36:35,328 [INFO] ThirdParty:1030 - CMSIS Pack Vendor :STMicroelectronics STM32_WPAN 1.0.0
2024-11-26 11:36:35,328 [INFO] ThirdParty:1030 - CMSIS Pack Vendor :EmbeddedOffice I-CUBE-FS-RTOS 1.0.1
2024-11-26 11:36:35,328 [INFO] ThirdParty:1030 - CMSIS Pack Vendor :STMicroelectronics lwIP 2.0.3
2024-11-26 11:36:35,328 [INFO] ThirdParty:1030 - CMSIS Pack Vendor :STMicroelectronics FP-SNS-FLIGHT1 5.0.2
2024-11-26 11:36:35,329 [INFO] ThirdParty:1030 - CMSIS Pack Vendor :Cesanta I-CUBE-Mongoose 7.13.0
2024-11-26 11:36:35,329 [INFO] ThirdParty:1030 - CMSIS Pack Vendor :STMicroelectronics USB_HOST 1.0.0
2024-11-26 11:36:35,329 [INFO] ThirdParty:1030 - CMSIS Pack Vendor :STMicroelectronics X-CUBE-AZRTOS-G4 2.0.0
2024-11-26 11:36:35,329 [INFO] ThirdParty:1030 - CMSIS Pack Vendor :STMicroelectronics PDM2PCM 3.1.0
2024-11-26 11:36:35,329 [INFO] ThirdParty:1030 - CMSIS Pack Vendor :STMicroelectronics PDM2PCM 3.3.0
2024-11-26 11:36:35,329 [INFO] ThirdParty:1030 - CMSIS Pack Vendor :STMicroelectronics X-CUBE-DISPLAY 3.0.0
2024-11-26 11:36:35,329 [INFO] ThirdParty:1030 - CMSIS Pack Vendor :RealThread X-CUBE-RT-Thread_Nano 4.1.1
2024-11-26 11:36:35,329 [INFO] ThirdParty:1030 - CMSIS Pack Vendor :STMicroelectronics X-CUBE-BLE1 7.0.0
2024-11-26 11:36:35,329 [INFO] ThirdParty:1030 - CMSIS Pack Vendor :STMicroelectronics FP-ATR-SIGFOX1 3.2.0
2024-11-26 11:36:35,329 [INFO] ThirdParty:1030 - CMSIS Pack Vendor :STMicroelectronics X-CUBE-NFC10 1.0.0
2024-11-26 11:36:35,329 [INFO] ThirdParty:1030 - CMSIS Pack Vendor :quantropi X-CUBE-qispace-sdk-base 1.9.3
2024-11-26 11:36:35,329 [INFO] ThirdParty:1030 - CMSIS Pack Vendor :STMicroelectronics X-CUBE-EEPRMA1 5.1.0
2024-11-26 11:36:35,329 [INFO] ThirdParty:1030 - CMSIS Pack Vendor :STMicroelectronics HAL Drivers 0.0.0
2024-11-26 11:36:35,329 [INFO] ThirdParty:1030 - CMSIS Pack Vendor :STMicroelectronics MBEDTLS 2.16.2
2024-11-26 11:36:35,329 [INFO] ThirdParty:1030 - CMSIS Pack Vendor :STMicroelectronics X-CUBE-ALS 1.0.2
2024-11-26 11:36:35,330 [INFO] ThirdParty:1030 - CMSIS Pack Vendor :emotas I-CUBE-CANOPEN 1.3.0
2024-11-26 11:36:35,330 [INFO] ThirdParty:1030 - CMSIS Pack Vendor :wolfSSL I-CUBE-wolfSSL 5.7.4
2024-11-26 11:36:35,330 [INFO] ThirdParty:1030 - CMSIS Pack Vendor :STMicroelectronics X-CUBE-NFC7 1.0.1
2024-11-26 11:36:35,330 [INFO] ThirdParty:1030 - CMSIS Pack Vendor :STMicroelectronics MBEDTLS 2.14.1
2024-11-26 11:36:35,330 [INFO] ThirdParty:1030 - CMSIS Pack Vendor :ITTIA_DB I-CUBE-ITTIADB 8.9.0
2024-11-26 11:36:35,330 [INFO] ThirdParty:1030 - CMSIS Pack Vendor :STMicroelectronics X-CUBE-TOUCHGFX 4.24.1
2024-11-26 11:36:35,330 [INFO] ThirdParty:1030 - CMSIS Pack Vendor :wolfSSL I-CUBE-wolfTPM 3.4.0
2024-11-26 11:36:35,330 [INFO] ThirdParty:1030 - CMSIS Pack Vendor :portGmbH I-Cube-SoM-uGOAL 1.1.0
2024-11-26 11:36:35,330 [INFO] ThirdParty:1030 - CMSIS Pack Vendor :STMicroelectronics X-CUBE-BLEMGR 3.1.0
2024-11-26 11:36:35,330 [INFO] ThirdParty:1030 - CMSIS Pack Vendor :STMicroelectronics ThreadX 1.0.0
2024-11-26 11:36:35,330 [INFO] ThirdParty:1030 - CMSIS Pack Vendor :STMicroelectronics FP-SNS-SMARTAG2 1.2.0
2024-11-26 11:36:35,330 [INFO] ThirdParty:1030 - CMSIS Pack Vendor :STMicroelectronics X-CUBE-AZRTOS-WL 2.0.0
2024-11-26 11:36:35,330 [INFO] ThirdParty:1030 - CMSIS Pack Vendor :SEGGER I-CUBE-embOS 1.3.1
2024-11-26 11:36:35,330 [INFO] ThirdParty:1030 - CMSIS Pack Vendor :STMicroelectronics X-CUBE-ALGOBUILD 1.4.0
2024-11-26 11:36:35,330 [INFO] ThirdParty:1030 - CMSIS Pack Vendor :STMicroelectronics FP-SNS-MOTENV1 5.0.0
2024-11-26 11:36:35,331 [INFO] ThirdParty:1030 - CMSIS Pack Vendor :STMicroelectronics USB_DEVICE 1.0.0
2024-11-26 11:36:35,331 [INFO] ThirdParty:1030 - CMSIS Pack Vendor :STMicroelectronics X-CUBE-AZRTOS-H7RS 1.0.0
2024-11-26 11:36:35,331 [INFO] ThirdParty:1030 - CMSIS Pack Vendor :wolfSSL I-CUBE-wolfMQTT 1.19.0
2024-11-26 11:36:35,331 [INFO] ThirdParty:1030 - CMSIS Pack Vendor :STMicroelectronics X-CUBE-AZRTOS-L4 2.0.0
2024-11-26 11:36:35,331 [INFO] ThirdParty:1030 - CMSIS Pack Vendor :STMicroelectronics ThreadX 0.0.2
2024-11-26 11:36:35,331 [INFO] ThirdParty:1030 - CMSIS Pack Vendor :WES I-CUBE-Cesium 1.3.0
2024-11-26 11:36:35,331 [INFO] ThirdParty:1030 - CMSIS Pack Vendor :STMicroelectronics lwIP 2.1.2
2024-11-26 11:36:35,331 [INFO] ThirdParty:1030 - CMSIS Pack Vendor :STMicroelectronics X-CUBE-SFXS2LP1 4.0.0
2024-11-26 11:36:35,331 [INFO] ThirdParty:1030 - CMSIS Pack Vendor :STMicroelectronics X-CUBE-BLE2 3.3.0
2024-11-26 11:36:35,331 [INFO] ThirdParty:1030 - CMSIS Pack Vendor :STMicroelectronics X-CUBE-TOF1 3.4.2
2024-11-26 11:36:35,331 [INFO] ThirdParty:1030 - CMSIS Pack Vendor :STMicroelectronics X-CUBE-AI 9.1.0
2024-11-26 11:36:35,331 [INFO] ThirdParty:1030 - CMSIS Pack Vendor :Infineon AIROC-Wi-Fi-Bluetooth-STM32 1.6.1
2024-11-26 11:36:35,331 [INFO] ThirdParty:1030 - CMSIS Pack Vendor :STMicroelectronics PDM2PCM 3.2.0
2024-11-26 11:36:35,331 [INFO] ThirdParty:1030 - CMSIS Pack Vendor :wolfSSL I-CUBE-wolfSSH 1.4.17
2024-11-26 11:36:35,331 [INFO] ThirdParty:841 - exiting critical section [change project]
2024-11-26 11:36:35,513 [INFO] PinOutPanel:1561 - setPackage(No Configuration,No Configuration)
2024-11-26 11:36:35,513 [INFO] PinOutPanel:1561 - setPackage(STM32F411VETx,LQFP100)
2024-11-26 11:36:35,629 [INFO] UtilMem:75 - Before build in PCC Used Memory: 536441152 Bytes (768606208)
2024-11-26 11:36:35,757 [INFO] UtilMem:75 - After build in PCC Used Memory: 579432768 Bytes (768606208)
2024-11-26 11:36:35,771 [INFO] IPUIPlugin:80 - create IPUIPlugin
2024-11-26 11:36:35,771 [INFO] IPUIPlugin:80 - create IPUIPlugin
2024-11-26 11:36:35,771 [INFO] IPUIPlugin:80 - create IPUIPlugin
2024-11-26 11:36:35,771 [INFO] IPUIPlugin:80 - create IPUIPlugin
2024-11-26 11:36:35,772 [INFO] IPUIPlugin:80 - create IPUIPlugin
2024-11-26 11:36:35,772 [INFO] IPUIPlugin:80 - create IPUIPlugin
2024-11-26 11:36:35,772 [INFO] IPUIPlugin:80 - create IPUIPlugin
2024-11-26 11:36:35,772 [INFO] IPUIPlugin:80 - create IPUIPlugin
2024-11-26 11:36:35,772 [INFO] IPUIPlugin:80 - create IPUIPlugin
2024-11-26 11:36:35,772 [INFO] IPUIPlugin:80 - create IPUIPlugin
2024-11-26 11:36:35,773 [INFO] IPUIPlugin:80 - create IPUIPlugin
2024-11-26 11:36:35,773 [INFO] IPUIPlugin:80 - create IPUIPlugin
2024-11-26 11:36:35,773 [INFO] IPUIPlugin:80 - create IPUIPlugin
2024-11-26 11:36:35,773 [INFO] IPUIPlugin:80 - create IPUIPlugin
2024-11-26 11:36:35,773 [INFO] IPUIPlugin:80 - create IPUIPlugin
2024-11-26 11:36:35,774 [INFO] IPUIPlugin:80 - create IPUIPlugin
2024-11-26 11:36:35,774 [INFO] IPUIPlugin:80 - create IPUIPlugin
2024-11-26 11:36:35,774 [INFO] IPUIPlugin:80 - create IPUIPlugin
2024-11-26 11:36:35,774 [INFO] IPUIPlugin:80 - create IPUIPlugin
2024-11-26 11:36:35,774 [INFO] IPUIPlugin:80 - create IPUIPlugin
2024-11-26 11:36:35,774 [INFO] IPUIPlugin:80 - create IPUIPlugin
2024-11-26 11:36:35,774 [INFO] IPUIPlugin:80 - create IPUIPlugin
2024-11-26 11:36:35,775 [INFO] IPUIPlugin:80 - create IPUIPlugin
2024-11-26 11:36:35,775 [INFO] IPUIPlugin:80 - create IPUIPlugin
2024-11-26 11:36:35,775 [INFO] IPUIPlugin:80 - create IPUIPlugin
2024-11-26 11:36:35,775 [INFO] IPUIPlugin:80 - create IPUIPlugin
2024-11-26 11:36:35,775 [INFO] IPUIPlugin:80 - create IPUIPlugin
2024-11-26 11:36:35,775 [INFO] IPUIPlugin:80 - create IPUIPlugin
2024-11-26 11:36:35,775 [INFO] IPUIPlugin:80 - create IPUIPlugin
2024-11-26 11:36:35,776 [INFO] IPUIPlugin:80 - create IPUIPlugin
2024-11-26 11:36:35,776 [INFO] IPUIPlugin:80 - create IPUIPlugin
2024-11-26 11:36:35,776 [INFO] IPUIPlugin:80 - create IPUIPlugin
2024-11-26 11:36:35,776 [INFO] IPUIPlugin:80 - create IPUIPlugin
2024-11-26 11:36:35,776 [INFO] IPUIPlugin:80 - create IPUIPlugin
2024-11-26 11:36:35,776 [INFO] IPUIPlugin:80 - create IPUIPlugin
2024-11-26 11:36:35,776 [INFO] IPUIPlugin:80 - create IPUIPlugin
2024-11-26 11:36:35,777 [INFO] IPUIPlugin:80 - create IPUIPlugin
2024-11-26 11:36:35,777 [INFO] IPUIPlugin:80 - create IPUIPlugin
2024-11-26 11:36:35,777 [INFO] IPUIPlugin:80 - create IPUIPlugin
2024-11-26 11:36:35,777 [INFO] IPUIPlugin:80 - create IPUIPlugin
2024-11-26 11:36:35,777 [INFO] IPUIPlugin:80 - create IPUIPlugin
2024-11-26 11:36:35,778 [INFO] IPUIPlugin:80 - create IPUIPlugin
2024-11-26 11:36:35,778 [INFO] IPUIPlugin:80 - create IPUIPlugin
2024-11-26 11:36:35,779 [INFO] ApiDbMcu:508 - Load IP Config File for PDM2PCM
2024-11-26 11:36:35,795 [INFO] CADModel:165 - CPN selected for project levelSTM32F411VET6
2024-11-26 11:36:35,795 [INFO] CADModel:114 - Register for checkConnection events
2024-11-26 11:36:35,832 [INFO] OpenFileManager:363 - Restore cursor
2024-11-26 11:37:49,602 [INFO] MainUpdater:2873 - connection check result : 10
2024-11-26 11:37:49,602 [INFO] MainUpdater:2873 - connection check result : 10
2024-11-26 11:37:49,616 [INFO] MicroXplorer:468 - Change Database Path : 
2024-11-26 11:37:49,616 [INFO] MicroXplorer:498 - Change Database Version : DB.6.0.121
2024-11-26 11:37:49,621 [ERROR] ProjectManagerView:394 - 
java.lang.NullPointerException: Cannot invoke "javax.swing.JTextField.getText()" because the return value of "java.util.List.get(int)" is null
	at com.st.microxplorer.plugins.projectmanager.gui.ProjectChoiceTab$10.caretUpdate(ProjectChoiceTab.java:2622) ~[filemanager.jar:?]
	at javax.swing.text.JTextComponent.fireCaretUpdate(JTextComponent.java:412) ~[?:?]
	at javax.swing.text.JTextComponent$MutableCaretEvent.fire(JTextComponent.java:4491) ~[?:?]
	at javax.swing.text.JTextComponent$MutableCaretEvent.stateChanged(JTextComponent.java:4513) ~[?:?]
	at javax.swing.text.DefaultCaret.fireStateChanged(DefaultCaret.java:842) ~[?:?]
	at javax.swing.text.DefaultCaret.changeCaretPosition(DefaultCaret.java:1313) ~[?:?]
	at javax.swing.text.DefaultCaret.handleSetDot(DefaultCaret.java:1212) ~[?:?]
	at javax.swing.text.DefaultCaret.setDot(DefaultCaret.java:1193) ~[?:?]
	at javax.swing.text.DefaultCaret$Handler.insertUpdate(DefaultCaret.java:1789) ~[?:?]
	at javax.swing.text.AbstractDocument.fireInsertUpdate(AbstractDocument.java:226) ~[?:?]
	at javax.swing.text.AbstractDocument.handleInsertString(AbstractDocument.java:780) ~[?:?]
	at javax.swing.text.AbstractDocument.insertString(AbstractDocument.java:739) ~[?:?]
	at javax.swing.text.PlainDocument.insertString(PlainDocument.java:131) ~[?:?]
	at javax.swing.text.AbstractDocument.replace(AbstractDocument.java:698) ~[?:?]
	at javax.swing.text.JTextComponent.setText(JTextComponent.java:1729) ~[?:?]
	at com.st.microxplorer.plugins.projectmanager.gui.ProjectChoiceTab.createHeapStackFields(ProjectChoiceTab.java:972) ~[filemanager.jar:?]
	at com.st.microxplorer.plugins.projectmanager.gui.ProjectChoiceTab.buildLinkSettingsPanel(ProjectChoiceTab.java:3597) ~[filemanager.jar:?]
	at com.st.microxplorer.plugins.projectmanager.gui.ProjectChoiceTab.defineWindowsFields(ProjectChoiceTab.java:1940) ~[filemanager.jar:?]
	at com.st.microxplorer.plugins.projectmanager.gui.ProjectChoiceTab.updateSettings(ProjectChoiceTab.java:550) ~[filemanager.jar:?]
	at com.st.microxplorer.plugins.projectmanager.gui.ProjectSettingsPanel.UpdateDialog(ProjectSettingsPanel.java:245) ~[filemanager.jar:?]
	at com.st.microxplorer.plugins.projectmanager.ProjectManagerView.propertyChange(ProjectManagerView.java:391) ~[filemanager.jar:?]
	at java.beans.PropertyChangeSupport.fire(PropertyChangeSupport.java:343) ~[?:?]
	at java.beans.PropertyChangeSupport.firePropertyChange(PropertyChangeSupport.java:335) ~[?:?]
	at java.beans.PropertyChangeSupport.firePropertyChange(PropertyChangeSupport.java:268) ~[?:?]
	at com.st.microxplorer.util.MXPropertyChangeSupport.firePropertyChange(MXPropertyChangeSupport.java:54) ~[STM32CubeMX.jar:?]
	at com.st.microxplorer.mxsystem.MxSystem.closeConfig(MxSystem.java:900) ~[STM32CubeMX.jar:?]
	at com.st.microxplorer.maingui.MainPanel.closeConfig(MainPanel.java:781) ~[STM32CubeMX.jar:?]
	at com.st.microxplorer.plugins.filemanager.engine.OpenFileManager.loadConfigurationFile(OpenFileManager.java:265) ~[filemanager.jar:?]
	at com.st.microxplorer.plugins.filemanager.engine.MainFileManager.userLoadConfig(MainFileManager.java:352) ~[filemanager.jar:?]
	at com.st.microxplorer.plugins.filemanager.engine.MainFileManager.userLoadConfig(MainFileManager.java:330) ~[filemanager.jar:?]
	at com.st.microxplorer.plugins.filemanager.FileManagerView.getSpecificTask(FileManagerView.java:246) ~[filemanager.jar:?]
	at com.st.stm32cube.common.mx.editor.CubeMxEditor.getMxTabbedPaneInstance(CubeMxEditor.java:1198) ~[com.st.stm32cube.common.mx_6.12.1.202409122256/:?]
	at com.st.stm32cube.common.mx.editor.CubeMxEditor$12$1.createSwingComponent(CubeMxEditor.java:1068) ~[com.st.stm32cube.common.mx_6.12.1.202409122256/:?]
	at com.st.stm32cube.common.mx.oss.core.awtswtbridge.EmbeddedSwingComposite.doComponentCreation(EmbeddedSwingComposite.java:492) ~[com.st.stm32cube.common.mx.oss_6.12.1.202409122256/:?]
	at com.st.stm32cube.common.mx.oss.core.awtswtbridge.EmbeddedSwingComposite$4.run(EmbeddedSwingComposite.java:291) ~[com.st.stm32cube.common.mx.oss_6.12.1.202409122256/:?]
	at com.st.stm32cube.common.mx.oss.core.awtswtbridge.AwtEnvironment$2.run(AwtEnvironment.java:166) ~[com.st.stm32cube.common.mx.oss_6.12.1.202409122256/:?]
	at java.awt.event.InvocationEvent.dispatch(InvocationEvent.java:318) ~[?:?]
	at java.awt.EventQueue.dispatchEventImpl(EventQueue.java:773) ~[?:?]
	at java.awt.EventQueue$4.run(EventQueue.java:720) ~[?:?]
	at java.awt.EventQueue$4.run(EventQueue.java:714) ~[?:?]
	at java.security.AccessController.doPrivileged(AccessController.java:399) ~[?:?]
	at java.security.ProtectionDomain$JavaSecurityAccessImpl.doIntersectionPrivilege(ProtectionDomain.java:86) ~[?:?]
	at java.awt.EventQueue.dispatchEvent(EventQueue.java:742) ~[?:?]
	at java.awt.EventDispatchThread.pumpOneEventForFilters(EventDispatchThread.java:203) ~[?:?]
	at java.awt.EventDispatchThread.pumpEventsForFilter(EventDispatchThread.java:124) ~[?:?]
	at java.awt.EventDispatchThread.pumpEventsForHierarchy(EventDispatchThread.java:113) ~[?:?]
	at java.awt.EventDispatchThread.pumpEvents(EventDispatchThread.java:109) ~[?:?]
	at java.awt.EventDispatchThread.pumpEvents(EventDispatchThread.java:101) ~[?:?]
	at java.awt.EventDispatchThread.run(EventDispatchThread.java:90) ~[?:?]
2024-11-26 11:37:49,622 [WARN] ThirdParty:871 - waiting for thirdparty lock release [close project]
2024-11-26 11:37:49,623 [INFO] ThirdParty:873 - entering critical section [close project]
2024-11-26 11:37:49,623 [INFO] ThirdParty:883 - exiting critical section [close project]
2024-11-26 11:37:49,624 [INFO] PinOutPanel:1561 - setPackage(No Configuration,No Configuration)
2024-11-26 11:37:49,628 [WARN] IpParametersView:151 - Warning: This peripheral hasn't parameters
2024-11-26 11:37:49,631 [WARN] MainPanel:284 - <html><b><center>Warning: This peripheral has no parameters to be configured<br></b></html>
2024-11-26 11:37:49,632 [INFO] UtilMem:75 - Begin LoadConfig() Used Memory: 516979224 Bytes (768606208)
2024-11-26 11:37:49,633 [INFO] MicroXplorer:468 - Change Database Path : 
2024-11-26 11:37:49,633 [INFO] MicroXplorer:498 - Change Database Version : DB.6.0.121
2024-11-26 11:37:49,633 [INFO] OpenFileManager:332 - Change cursor
2024-11-26 11:37:49,637 [INFO] Mcu:2032 - Initializing MCU STM32F411V(C-E)Tx STM32F411VETx STM32F411VET6
2024-11-26 11:37:50,026 [INFO] Context:742 - Trying to add GPIOservice into a context  which must be forbidden
2024-11-26 11:37:50,178 [INFO] RtosManager:555 - Registered RTOS mode: class=CMSIS, group=RTOS, mode=CMSIS_V1, owner=FREERTOS
2024-11-26 11:37:50,178 [INFO] RtosManager:555 - Registered RTOS mode: class=CMSIS, group=RTOS2, mode=CMSIS_V2, owner=FREERTOS
2024-11-26 11:37:50,178 [INFO] RtosManager:555 - Registered RTOS mode: class=RTOS, group=Core, mode=CMSIS_V1, owner=FREERTOS
2024-11-26 11:37:50,178 [INFO] RtosManager:555 - Registered RTOS mode: class=RTOS, group=Core, mode=CMSIS_V2, owner=FREERTOS
2024-11-26 11:37:50,178 [WARN] ModelIntegratedComponent:184 - Missing modes for component STMicroelectronics:FreeRTOS:0.0.1:STMicroelectronics:RTOS:FreeRTOS:Core:::10.2.0:
2024-11-26 11:37:50,180 [WARN] ModelIntegratedComponent:182 - Modes not found for component STMicroelectronics:USB_HOST:1.0.0:STMicroelectronics:USB::USB Host:Audio HS::1.0:USB_HOST_1_0_RESTRICTED_HS
2024-11-26 11:37:50,180 [WARN] ModelIntegratedComponent:188 - Modes not found for component STMicroelectronics:USB_HOST:1.0.0:STMicroelectronics:USB::USB Host:Audio HS::1.0:USB_HOST_1_0_RESTRICTED_HS
2024-11-26 11:37:50,180 [WARN] ModelIntegratedComponent:182 - Modes not found for component STMicroelectronics:USB_HOST:1.0.0:STMicroelectronics:USB::USB Host:CDC HS::1.0:USB_HOST_1_0_RESTRICTED_HS
2024-11-26 11:37:50,180 [WARN] ModelIntegratedComponent:188 - Modes not found for component STMicroelectronics:USB_HOST:1.0.0:STMicroelectronics:USB::USB Host:CDC HS::1.0:USB_HOST_1_0_RESTRICTED_HS
2024-11-26 11:37:50,180 [WARN] ModelIntegratedComponent:182 - Modes not found for component STMicroelectronics:USB_HOST:1.0.0:STMicroelectronics:USB::USB Host:MSC HS::1.0:USB_HOST_1_0_RESTRICTED_HS
2024-11-26 11:37:50,180 [WARN] ModelIntegratedComponent:188 - Modes not found for component STMicroelectronics:USB_HOST:1.0.0:STMicroelectronics:USB::USB Host:MSC HS::1.0:USB_HOST_1_0_RESTRICTED_HS
2024-11-26 11:37:50,180 [WARN] ModelIntegratedComponent:182 - Modes not found for component STMicroelectronics:USB_HOST:1.0.0:STMicroelectronics:USB::USB Host:HID HS::1.0:USB_HOST_1_0_RESTRICTED_HS
2024-11-26 11:37:50,181 [WARN] ModelIntegratedComponent:188 - Modes not found for component STMicroelectronics:USB_HOST:1.0.0:STMicroelectronics:USB::USB Host:HID HS::1.0:USB_HOST_1_0_RESTRICTED_HS
2024-11-26 11:37:50,181 [WARN] ModelIntegratedComponent:182 - Modes not found for component STMicroelectronics:USB_HOST:1.0.0:STMicroelectronics:USB::USB Host:MTP HS::1.0:USB_HOST_1_0_RESTRICTED_HS
2024-11-26 11:37:50,181 [WARN] ModelIntegratedComponent:188 - Modes not found for component STMicroelectronics:USB_HOST:1.0.0:STMicroelectronics:USB::USB Host:MTP HS::1.0:USB_HOST_1_0_RESTRICTED_HS
2024-11-26 11:37:50,182 [WARN] ModelIntegratedComponent:63 - No mode defined for component null
2024-11-26 11:37:50,182 [WARN] ModelIntegratedComponent:63 - No mode defined for component null
2024-11-26 11:37:50,182 [WARN] ModelIntegratedComponent:63 - No mode defined for component null
2024-11-26 11:37:50,182 [WARN] ModelIntegratedComponent:63 - No mode defined for component null
2024-11-26 11:37:50,182 [WARN] ModelIntegratedComponent:63 - No mode defined for component null
2024-11-26 11:37:50,182 [WARN] ModelIntegratedComponent:63 - No mode defined for component null
2024-11-26 11:37:50,182 [WARN] ModelIntegratedComponent:63 - No mode defined for component null
2024-11-26 11:37:50,182 [WARN] ModelIntegratedComponent:63 - No mode defined for component null
2024-11-26 11:37:50,182 [WARN] ModelIntegratedComponent:63 - No mode defined for component null
2024-11-26 11:37:50,182 [WARN] ModelIntegratedComponent:63 - No mode defined for component null
2024-11-26 11:37:50,183 [WARN] ModelIntegratedComponent:63 - No mode defined for component null
2024-11-26 11:37:50,183 [WARN] ModelIntegratedComponent:63 - No mode defined for component null
2024-11-26 11:37:50,183 [WARN] ModelIntegratedComponent:63 - No mode defined for component null
2024-11-26 11:37:50,183 [WARN] ModelIntegratedComponent:63 - No mode defined for component null
2024-11-26 11:37:50,183 [WARN] ModelIntegratedComponent:63 - No mode defined for component null
2024-11-26 11:37:50,183 [WARN] ModelIntegratedComponent:63 - No mode defined for component null
2024-11-26 11:37:50,183 [WARN] ModelIntegratedComponent:63 - No mode defined for component null
2024-11-26 11:37:50,183 [WARN] ModelIntegratedComponent:63 - No mode defined for component null
2024-11-26 11:37:50,183 [WARN] ModelIntegratedComponent:63 - No mode defined for component null
2024-11-26 11:37:50,183 [WARN] ModelIntegratedComponent:63 - No mode defined for component null
2024-11-26 11:37:50,183 [WARN] ModelIntegratedComponent:63 - No mode defined for component null
2024-11-26 11:37:50,183 [WARN] ModelIntegratedComponent:63 - No mode defined for component null
2024-11-26 11:37:50,183 [WARN] ModelIntegratedComponent:63 - No mode defined for component null
2024-11-26 11:37:50,183 [WARN] ModelIntegratedComponent:63 - No mode defined for component null
2024-11-26 11:37:50,183 [WARN] ModelIntegratedComponent:63 - No mode defined for component null
2024-11-26 11:37:50,183 [WARN] ModelIntegratedComponent:63 - No mode defined for component null
2024-11-26 11:37:50,184 [WARN] ModelIntegratedComponent:63 - No mode defined for component null
2024-11-26 11:37:50,184 [WARN] ModelIntegratedComponent:63 - No mode defined for component null
2024-11-26 11:37:50,184 [WARN] ModelIntegratedComponent:63 - No mode defined for component null
2024-11-26 11:37:50,184 [WARN] ModelIntegratedComponent:63 - No mode defined for component null
2024-11-26 11:37:50,184 [WARN] ModelIntegratedComponent:63 - No mode defined for component null
2024-11-26 11:37:50,184 [WARN] ModelIntegratedComponent:63 - No mode defined for component null
2024-11-26 11:37:50,184 [WARN] ModelIntegratedComponent:63 - No mode defined for component null
2024-11-26 11:37:50,184 [WARN] ModelIntegratedComponent:63 - No mode defined for component null
2024-11-26 11:37:50,184 [WARN] ModelIntegratedComponent:63 - No mode defined for component null
2024-11-26 11:37:50,184 [WARN] ModelPack:524 - Component already loaded: STMicroelectronics:HAL Drivers:0.0.0:STMicroelectronics:Device:STMicro_Driver:XSPI:HAL::0.0.1:HAL_XSPI
2024-11-26 11:37:50,187 [WARN] ModelIntegratedComponent:182 - Modes not found for component STMicroelectronics:USB_DEVICE:1.0.0:STMicroelectronics:USB::USB Device:Audio HS::1.0:USB_DEVICE_1_0_RESTRICTED_HS
2024-11-26 11:37:50,187 [WARN] ModelIntegratedComponent:188 - Modes not found for component STMicroelectronics:USB_DEVICE:1.0.0:STMicroelectronics:USB::USB Device:Audio HS::1.0:USB_DEVICE_1_0_RESTRICTED_HS
2024-11-26 11:37:50,187 [WARN] ModelIntegratedComponent:182 - Modes not found for component STMicroelectronics:USB_DEVICE:1.0.0:STMicroelectronics:USB::USB Device:CDC HS::1.0:USB_DEVICE_1_0_RESTRICTED_HS
2024-11-26 11:37:50,187 [WARN] ModelIntegratedComponent:188 - Modes not found for component STMicroelectronics:USB_DEVICE:1.0.0:STMicroelectronics:USB::USB Device:CDC HS::1.0:USB_DEVICE_1_0_RESTRICTED_HS
2024-11-26 11:37:50,187 [WARN] ModelIntegratedComponent:182 - Modes not found for component STMicroelectronics:USB_DEVICE:1.0.0:STMicroelectronics:USB::USB Device:DFU HS::1.0:USB_DEVICE_1_0_RESTRICTED_HS
2024-11-26 11:37:50,187 [WARN] ModelIntegratedComponent:188 - Modes not found for component STMicroelectronics:USB_DEVICE:1.0.0:STMicroelectronics:USB::USB Device:DFU HS::1.0:USB_DEVICE_1_0_RESTRICTED_HS
2024-11-26 11:37:50,187 [WARN] ModelIntegratedComponent:182 - Modes not found for component STMicroelectronics:USB_DEVICE:1.0.0:STMicroelectronics:USB::USB Device:HID HS::1.0:USB_DEVICE_1_0_RESTRICTED_HS
2024-11-26 11:37:50,188 [WARN] ModelIntegratedComponent:188 - Modes not found for component STMicroelectronics:USB_DEVICE:1.0.0:STMicroelectronics:USB::USB Device:HID HS::1.0:USB_DEVICE_1_0_RESTRICTED_HS
2024-11-26 11:37:50,188 [WARN] ModelIntegratedComponent:182 - Modes not found for component STMicroelectronics:USB_DEVICE:1.0.0:STMicroelectronics:USB::USB Device:Custom HID HS::1.0:USB_DEVICE_1_0_RESTRICTED_HS
2024-11-26 11:37:50,188 [WARN] ModelIntegratedComponent:188 - Modes not found for component STMicroelectronics:USB_DEVICE:1.0.0:STMicroelectronics:USB::USB Device:Custom HID HS::1.0:USB_DEVICE_1_0_RESTRICTED_HS
2024-11-26 11:37:50,188 [WARN] ModelIntegratedComponent:182 - Modes not found for component STMicroelectronics:USB_DEVICE:1.0.0:STMicroelectronics:USB::USB Device:MSC HS::1.0:USB_DEVICE_1_0_RESTRICTED_HS
2024-11-26 11:37:50,188 [WARN] ModelIntegratedComponent:188 - Modes not found for component STMicroelectronics:USB_DEVICE:1.0.0:STMicroelectronics:USB::USB Device:MSC HS::1.0:USB_DEVICE_1_0_RESTRICTED_HS
2024-11-26 11:37:50,194 [INFO] ThirdPartyModel:298 - Start build external matchings
2024-11-26 11:37:50,400 [INFO] ThirdPartyModel:316 - End build external matchings
2024-11-26 11:37:50,500 [INFO] UtilMem:75 - End LoadConfig() Used Memory: 639384640 Bytes (768606208)
2024-11-26 11:37:50,508 [WARN] ThirdParty:833 - waiting for thirdparty lock release [change project]
2024-11-26 11:37:50,508 [INFO] ThirdParty:835 - entering critical section [change project]
2024-11-26 11:37:50,508 [INFO] ThirdParty:1030 - CMSIS Pack Vendor :STMicroelectronics USBPD 4.1
2024-11-26 11:37:50,508 [INFO] ThirdParty:1030 - CMSIS Pack Vendor :STMicroelectronics X-CUBE-AZRTOS-H7 3.3.0
2024-11-26 11:37:50,508 [INFO] ThirdParty:1030 - CMSIS Pack Vendor :STMicroelectronics X-CUBE-NFC9 1.0.0
2024-11-26 11:37:50,508 [INFO] ThirdParty:1030 - CMSIS Pack Vendor :STMicroelectronics USB_HOST 2.0.0
2024-11-26 11:37:50,508 [INFO] ThirdParty:1030 - CMSIS Pack Vendor :STMicroelectronics FP-SNS-MOTENVWB1 1.4.0
2024-11-26 11:37:50,508 [INFO] ThirdParty:1030 - CMSIS Pack Vendor :STMicroelectronics X-CUBE-AZRTOS-F4 1.1.0
2024-11-26 11:37:50,508 [INFO] ThirdParty:1030 - CMSIS Pack Vendor :STMicroelectronics LIBJPEG 8.0.0
2024-11-26 11:37:50,508 [INFO] ThirdParty:1030 - CMSIS Pack Vendor :STMicroelectronics FP-ATR-ASTRA1 2.0.1
2024-11-26 11:37:50,509 [INFO] ThirdParty:1030 - CMSIS Pack Vendor :STMicroelectronics X-CUBE-SMBUS 2.1.0
2024-11-26 11:37:50,509 [INFO] ThirdParty:1030 - CMSIS Pack Vendor :STMicroelectronics X-CUBE-WB05N 1.1.0
2024-11-26 11:37:50,509 [INFO] ThirdParty:1030 - CMSIS Pack Vendor :STMicroelectronics USB_DEVICE 3.0.0
2024-11-26 11:37:50,509 [INFO] ThirdParty:1030 - CMSIS Pack Vendor :STMicroelectronics X-CUBE-TCPP 4.1.0
2024-11-26 11:37:50,509 [INFO] ThirdParty:1030 - CMSIS Pack Vendor :STMicroelectronics X-CUBE-ISPU 2.1.0
2024-11-26 11:37:50,509 [INFO] ThirdParty:1030 - CMSIS Pack Vendor :STMicroelectronics X-CUBE-FREERTOS 1.2.0
2024-11-26 11:37:50,509 [INFO] ThirdParty:1030 - CMSIS Pack Vendor :STMicroelectronics X-CUBE-IPS 3.0.0
2024-11-26 11:37:50,509 [INFO] ThirdParty:1030 - CMSIS Pack Vendor :STMicroelectronics X-CUBE-AZRTOS-WB 2.0.0
2024-11-26 11:37:50,509 [INFO] ThirdParty:1030 - CMSIS Pack Vendor :STMicroelectronics X-CUBE-GNSS1 7.0.0
2024-11-26 11:37:50,509 [INFO] ThirdParty:1030 - CMSIS Pack Vendor :STMicroelectronics X-CUBE-AZRTOS-F7 1.1.0
2024-11-26 11:37:50,509 [INFO] ThirdParty:1030 - CMSIS Pack Vendor :STMicroelectronics X-CUBE-AZRTOS-L5 2.0.0
2024-11-26 11:37:50,509 [INFO] ThirdParty:1030 - CMSIS Pack Vendor :STMicroelectronics USB_DEVICE 2.0.0
2024-11-26 11:37:50,509 [INFO] ThirdParty:1030 - CMSIS Pack Vendor :STMicroelectronics X-CUBE-NFC6 3.1.0
2024-11-26 11:37:50,509 [INFO] ThirdParty:1030 - CMSIS Pack Vendor :STMicroelectronics FP-SNS-STBOX1 2.0.0
2024-11-26 11:37:50,509 [INFO] ThirdParty:1030 - CMSIS Pack Vendor :STMicroelectronics X-CUBE-MEMS1 11.0.0
2024-11-26 11:37:50,509 [INFO] ThirdParty:1030 - CMSIS Pack Vendor :STMicroelectronics FreeRTOS 0.0.1
2024-11-26 11:37:50,510 [INFO] ThirdParty:1030 - CMSIS Pack Vendor :STMicroelectronics X-CUBE-AZRTOS-G0 1.1.0
2024-11-26 11:37:50,510 [INFO] ThirdParty:1030 - CMSIS Pack Vendor :STMicroelectronics X-CUBE-SAFEA1 1.2.2
2024-11-26 11:37:50,510 [INFO] ThirdParty:1030 - CMSIS Pack Vendor :STMicroelectronics X-CUBE-NFC4 3.0.0
2024-11-26 11:37:50,510 [INFO] ThirdParty:1030 - CMSIS Pack Vendor :STMicroelectronics X-CUBE-DPower 1.2.0
2024-11-26 11:37:50,510 [INFO] ThirdParty:1030 - CMSIS Pack Vendor :STMicroelectronics X-CUBE-SUBG2 5.0.0
2024-11-26 11:37:50,510 [INFO] ThirdParty:1030 - CMSIS Pack Vendor :STMicroelectronics STM32_WPAN 1.0.0
2024-11-26 11:37:50,510 [INFO] ThirdParty:1030 - CMSIS Pack Vendor :EmbeddedOffice I-CUBE-FS-RTOS 1.0.1
2024-11-26 11:37:50,510 [INFO] ThirdParty:1030 - CMSIS Pack Vendor :STMicroelectronics lwIP 2.0.3
2024-11-26 11:37:50,510 [INFO] ThirdParty:1030 - CMSIS Pack Vendor :STMicroelectronics FP-SNS-FLIGHT1 5.0.2
2024-11-26 11:37:50,510 [INFO] ThirdParty:1030 - CMSIS Pack Vendor :Cesanta I-CUBE-Mongoose 7.13.0
2024-11-26 11:37:50,510 [INFO] ThirdParty:1030 - CMSIS Pack Vendor :STMicroelectronics USB_HOST 1.0.0
2024-11-26 11:37:50,510 [INFO] ThirdParty:1030 - CMSIS Pack Vendor :STMicroelectronics X-CUBE-AZRTOS-G4 2.0.0
2024-11-26 11:37:50,510 [INFO] ThirdParty:1030 - CMSIS Pack Vendor :STMicroelectronics PDM2PCM 3.1.0
2024-11-26 11:37:50,510 [INFO] ThirdParty:1030 - CMSIS Pack Vendor :STMicroelectronics PDM2PCM 3.3.0
2024-11-26 11:37:50,510 [INFO] ThirdParty:1030 - CMSIS Pack Vendor :STMicroelectronics X-CUBE-DISPLAY 3.0.0
2024-11-26 11:37:50,510 [INFO] ThirdParty:1030 - CMSIS Pack Vendor :RealThread X-CUBE-RT-Thread_Nano 4.1.1
2024-11-26 11:37:50,510 [INFO] ThirdParty:1030 - CMSIS Pack Vendor :STMicroelectronics X-CUBE-BLE1 7.0.0
2024-11-26 11:37:50,511 [INFO] ThirdParty:1030 - CMSIS Pack Vendor :STMicroelectronics FP-ATR-SIGFOX1 3.2.0
2024-11-26 11:37:50,511 [INFO] ThirdParty:1030 - CMSIS Pack Vendor :STMicroelectronics X-CUBE-NFC10 1.0.0
2024-11-26 11:37:50,511 [INFO] ThirdParty:1030 - CMSIS Pack Vendor :quantropi X-CUBE-qispace-sdk-base 1.9.3
2024-11-26 11:37:50,511 [INFO] ThirdParty:1030 - CMSIS Pack Vendor :STMicroelectronics X-CUBE-EEPRMA1 5.1.0
2024-11-26 11:37:50,511 [INFO] ThirdParty:1030 - CMSIS Pack Vendor :STMicroelectronics HAL Drivers 0.0.0
2024-11-26 11:37:50,511 [INFO] ThirdParty:1030 - CMSIS Pack Vendor :STMicroelectronics MBEDTLS 2.16.2
2024-11-26 11:37:50,511 [INFO] ThirdParty:1030 - CMSIS Pack Vendor :STMicroelectronics X-CUBE-ALS 1.0.2
2024-11-26 11:37:50,511 [INFO] ThirdParty:1030 - CMSIS Pack Vendor :emotas I-CUBE-CANOPEN 1.3.0
2024-11-26 11:37:50,511 [INFO] ThirdParty:1030 - CMSIS Pack Vendor :wolfSSL I-CUBE-wolfSSL 5.7.4
2024-11-26 11:37:50,511 [INFO] ThirdParty:1030 - CMSIS Pack Vendor :STMicroelectronics X-CUBE-NFC7 1.0.1
2024-11-26 11:37:50,511 [INFO] ThirdParty:1030 - CMSIS Pack Vendor :STMicroelectronics MBEDTLS 2.14.1
2024-11-26 11:37:50,511 [INFO] ThirdParty:1030 - CMSIS Pack Vendor :ITTIA_DB I-CUBE-ITTIADB 8.9.0
2024-11-26 11:37:50,511 [INFO] ThirdParty:1030 - CMSIS Pack Vendor :STMicroelectronics X-CUBE-TOUCHGFX 4.24.1
2024-11-26 11:37:50,511 [INFO] ThirdParty:1030 - CMSIS Pack Vendor :wolfSSL I-CUBE-wolfTPM 3.4.0
2024-11-26 11:37:50,511 [INFO] ThirdParty:1030 - CMSIS Pack Vendor :portGmbH I-Cube-SoM-uGOAL 1.1.0
2024-11-26 11:37:50,511 [INFO] ThirdParty:1030 - CMSIS Pack Vendor :STMicroelectronics X-CUBE-BLEMGR 3.1.0
2024-11-26 11:37:50,511 [INFO] ThirdParty:1030 - CMSIS Pack Vendor :STMicroelectronics ThreadX 1.0.0
2024-11-26 11:37:50,511 [INFO] ThirdParty:1030 - CMSIS Pack Vendor :STMicroelectronics FP-SNS-SMARTAG2 1.2.0
2024-11-26 11:37:50,512 [INFO] ThirdParty:1030 - CMSIS Pack Vendor :STMicroelectronics X-CUBE-AZRTOS-WL 2.0.0
2024-11-26 11:37:50,512 [INFO] ThirdParty:1030 - CMSIS Pack Vendor :SEGGER I-CUBE-embOS 1.3.1
2024-11-26 11:37:50,512 [INFO] ThirdParty:1030 - CMSIS Pack Vendor :STMicroelectronics X-CUBE-ALGOBUILD 1.4.0
2024-11-26 11:37:50,512 [INFO] ThirdParty:1030 - CMSIS Pack Vendor :STMicroelectronics FP-SNS-MOTENV1 5.0.0
2024-11-26 11:37:50,512 [INFO] ThirdParty:1030 - CMSIS Pack Vendor :STMicroelectronics USB_DEVICE 1.0.0
2024-11-26 11:37:50,512 [INFO] ThirdParty:1030 - CMSIS Pack Vendor :STMicroelectronics X-CUBE-AZRTOS-H7RS 1.0.0
2024-11-26 11:37:50,512 [INFO] ThirdParty:1030 - CMSIS Pack Vendor :wolfSSL I-CUBE-wolfMQTT 1.19.0
2024-11-26 11:37:50,512 [INFO] ThirdParty:1030 - CMSIS Pack Vendor :STMicroelectronics X-CUBE-AZRTOS-L4 2.0.0
2024-11-26 11:37:50,512 [INFO] ThirdParty:1030 - CMSIS Pack Vendor :STMicroelectronics ThreadX 0.0.2
2024-11-26 11:37:50,512 [INFO] ThirdParty:1030 - CMSIS Pack Vendor :WES I-CUBE-Cesium 1.3.0
2024-11-26 11:37:50,512 [INFO] ThirdParty:1030 - CMSIS Pack Vendor :STMicroelectronics lwIP 2.1.2
2024-11-26 11:37:50,512 [INFO] ThirdParty:1030 - CMSIS Pack Vendor :STMicroelectronics X-CUBE-SFXS2LP1 4.0.0
2024-11-26 11:37:50,512 [INFO] ThirdParty:1030 - CMSIS Pack Vendor :STMicroelectronics X-CUBE-BLE2 3.3.0
2024-11-26 11:37:50,512 [INFO] ThirdParty:1030 - CMSIS Pack Vendor :STMicroelectronics X-CUBE-TOF1 3.4.2
2024-11-26 11:37:50,512 [INFO] ThirdParty:1030 - CMSIS Pack Vendor :STMicroelectronics X-CUBE-AI 9.1.0
2024-11-26 11:37:50,512 [INFO] ThirdParty:1030 - CMSIS Pack Vendor :Infineon AIROC-Wi-Fi-Bluetooth-STM32 1.6.1
2024-11-26 11:37:50,513 [INFO] ThirdParty:1030 - CMSIS Pack Vendor :STMicroelectronics PDM2PCM 3.2.0
2024-11-26 11:37:50,513 [INFO] ThirdParty:1030 - CMSIS Pack Vendor :wolfSSL I-CUBE-wolfSSH 1.4.17
2024-11-26 11:37:50,513 [INFO] ThirdParty:841 - exiting critical section [change project]
2024-11-26 11:37:50,640 [INFO] PinOutPanel:1561 - setPackage(No Configuration,No Configuration)
2024-11-26 11:37:50,641 [INFO] PinOutPanel:1561 - setPackage(STM32F411VETx,LQFP100)
2024-11-26 11:37:50,745 [INFO] UtilMem:75 - Before build in PCC Used Memory: 356578104 Bytes (768606208)
2024-11-26 11:37:50,835 [INFO] UtilMem:75 - After build in PCC Used Memory: 401395912 Bytes (768606208)
2024-11-26 11:37:50,848 [INFO] IPUIPlugin:80 - create IPUIPlugin
2024-11-26 11:37:50,848 [INFO] IPUIPlugin:80 - create IPUIPlugin
2024-11-26 11:37:50,848 [INFO] IPUIPlugin:80 - create IPUIPlugin
2024-11-26 11:37:50,849 [INFO] IPUIPlugin:80 - create IPUIPlugin
2024-11-26 11:37:50,849 [INFO] IPUIPlugin:80 - create IPUIPlugin
2024-11-26 11:37:50,849 [INFO] IPUIPlugin:80 - create IPUIPlugin
2024-11-26 11:37:50,849 [INFO] IPUIPlugin:80 - create IPUIPlugin
2024-11-26 11:37:50,849 [INFO] IPUIPlugin:80 - create IPUIPlugin
2024-11-26 11:37:50,849 [INFO] IPUIPlugin:80 - create IPUIPlugin
2024-11-26 11:37:50,849 [INFO] IPUIPlugin:80 - create IPUIPlugin
2024-11-26 11:37:50,849 [INFO] IPUIPlugin:80 - create IPUIPlugin
2024-11-26 11:37:50,849 [INFO] IPUIPlugin:80 - create IPUIPlugin
2024-11-26 11:37:50,849 [INFO] IPUIPlugin:80 - create IPUIPlugin
2024-11-26 11:37:50,849 [INFO] IPUIPlugin:80 - create IPUIPlugin
2024-11-26 11:37:50,850 [INFO] IPUIPlugin:80 - create IPUIPlugin
2024-11-26 11:37:50,850 [INFO] IPUIPlugin:80 - create IPUIPlugin
2024-11-26 11:37:50,850 [INFO] IPUIPlugin:80 - create IPUIPlugin
2024-11-26 11:37:50,850 [INFO] IPUIPlugin:80 - create IPUIPlugin
2024-11-26 11:37:50,850 [INFO] IPUIPlugin:80 - create IPUIPlugin
2024-11-26 11:37:50,851 [INFO] IPUIPlugin:80 - create IPUIPlugin
2024-11-26 11:37:50,851 [INFO] IPUIPlugin:80 - create IPUIPlugin
2024-11-26 11:37:50,851 [INFO] IPUIPlugin:80 - create IPUIPlugin
2024-11-26 11:37:50,851 [INFO] IPUIPlugin:80 - create IPUIPlugin
2024-11-26 11:37:50,851 [INFO] IPUIPlugin:80 - create IPUIPlugin
2024-11-26 11:37:50,851 [INFO] IPUIPlugin:80 - create IPUIPlugin
2024-11-26 11:37:50,851 [INFO] IPUIPlugin:80 - create IPUIPlugin
2024-11-26 11:37:50,851 [INFO] IPUIPlugin:80 - create IPUIPlugin
2024-11-26 11:37:50,852 [INFO] IPUIPlugin:80 - create IPUIPlugin
2024-11-26 11:37:50,852 [INFO] IPUIPlugin:80 - create IPUIPlugin
2024-11-26 11:37:50,852 [INFO] IPUIPlugin:80 - create IPUIPlugin
2024-11-26 11:37:50,852 [INFO] IPUIPlugin:80 - create IPUIPlugin
2024-11-26 11:37:50,852 [INFO] IPUIPlugin:80 - create IPUIPlugin
2024-11-26 11:37:50,853 [INFO] IPUIPlugin:80 - create IPUIPlugin
2024-11-26 11:37:50,853 [INFO] IPUIPlugin:80 - create IPUIPlugin
2024-11-26 11:37:50,853 [INFO] IPUIPlugin:80 - create IPUIPlugin
2024-11-26 11:37:50,854 [INFO] IPUIPlugin:80 - create IPUIPlugin
2024-11-26 11:37:50,854 [INFO] IPUIPlugin:80 - create IPUIPlugin
2024-11-26 11:37:50,855 [INFO] IPUIPlugin:80 - create IPUIPlugin
2024-11-26 11:37:50,855 [INFO] IPUIPlugin:80 - create IPUIPlugin
2024-11-26 11:37:50,855 [INFO] IPUIPlugin:80 - create IPUIPlugin
2024-11-26 11:37:50,855 [INFO] IPUIPlugin:80 - create IPUIPlugin
2024-11-26 11:37:50,856 [INFO] IPUIPlugin:80 - create IPUIPlugin
2024-11-26 11:37:50,856 [INFO] IPUIPlugin:80 - create IPUIPlugin
2024-11-26 11:37:50,857 [INFO] ApiDbMcu:508 - Load IP Config File for PDM2PCM
2024-11-26 11:37:50,871 [INFO] CADModel:165 - CPN selected for project levelSTM32F411VET6
2024-11-26 11:37:50,871 [INFO] CADModel:114 - Register for checkConnection events
2024-11-26 11:37:50,909 [INFO] OpenFileManager:363 - Restore cursor
2024-11-26 11:48:43,162 [ERROR] LogOutputStream:75 - [STDERR_REDIRECT] 
2024-11-26 11:48:54,400 [INFO] Activator:176 - 


2024-11-26 11:48:54,401 [INFO] Activator:177 - !SESSION log4j initialized
2024-11-26 11:48:57,424 [INFO] LogOutputStream:77 - [STDOUT_REDIRECT] 
2024-11-26 11:48:58,525 [INFO] ApplicationProperties:184 - Using Application install path: /opt/st/stm32cubeide_1.16.1/plugins/com.st.stm32cube.common.mx_6.12.1.202409122256
2024-11-26 11:48:58,535 [INFO] DbMcusXml:78 - Set database path to: /opt/st/stm32cubeide_1.16.1/plugins/com.st.stm32cube.common.mx_6.12.1.202409122256//db//mcu/
2024-11-26 11:48:58,536 [INFO] ApiDb:274 - Set plugin database path to: /opt/st/stm32cubeide_1.16.1/plugins/com.st.stm32cube.common.mx_6.12.1.202409122256//db//plugins/boardmanager/
2024-11-26 11:48:58,536 [WARN] ApiDb:259 - Overriding images path with different value:  => /opt/st/stm32cubeide_1.16.1/plugins/com.st.stm32cube.common.mx_6.12.1.202409122256//db//plugins/mcufinder/images/
2024-11-26 11:48:58,538 [INFO] ApiDb:250 - Set database path to: /home/sharad/.stmcufinder/plugins/mcufinder//mcu/
2024-11-26 11:48:58,539 [INFO] DbMcusAds:125 - Set database path to: /home/sharad/.stmcufinder/plugins/mcufinder//mcu/
2024-11-26 11:48:58,540 [INFO] CrossReferenceDbSqlite:203 - Set database path to: /home/sharad/.stmcufinder/plugins/mcufinder//mcu/cs/
2024-11-26 11:48:58,610 [INFO] RulesReader:64 - Compatibility file has been processed (297 Rules)
2024-11-26 11:48:58,652 [INFO] DbMcusXml:78 - Set database path to: /opt/st/stm32cubeide_1.16.1/plugins/com.st.stm32cube.common.mx_6.12.1.202409122256//db//mcu/
2024-11-26 11:48:58,653 [INFO] ApiDb:274 - Set plugin database path to: /opt/st/stm32cubeide_1.16.1/plugins/com.st.stm32cube.common.mx_6.12.1.202409122256//db//plugins/boardmanager/
2024-11-26 11:48:58,653 [INFO] ApiDb:261 - Set plugin images path to: /opt/st/stm32cubeide_1.16.1/plugins/com.st.stm32cube.common.mx_6.12.1.202409122256//db//plugins/mcufinder/images/
2024-11-26 11:48:58,653 [WARN] DbFile:41 - Overriding database path with different value: /home/sharad/.stmcufinder/plugins/mcufinder/ => /home/sharad/.stmcufinder/plugins/mcufinder
2024-11-26 11:48:58,653 [INFO] ApiDb:250 - Set database path to: /home/sharad/.stmcufinder/plugins/mcufinder//mcu/
2024-11-26 11:48:58,653 [WARN] DbFile:41 - Overriding database path with different value: /home/sharad/.stmcufinder/plugins/mcufinder/ => /home/sharad/.stmcufinder/plugins/mcufinder
2024-11-26 11:48:58,654 [INFO] DbMcusAds:125 - Set database path to: /home/sharad/.stmcufinder/plugins/mcufinder//mcu/
2024-11-26 11:48:58,654 [WARN] DbFile:41 - Overriding database path with different value: /home/sharad/.stmcufinder/plugins/mcufinder/ => /home/sharad/.stmcufinder/plugins/mcufinder
2024-11-26 11:48:58,654 [WARN] DbFile:41 - Overriding database path with different value: /home/sharad/.stmcufinder/plugins/mcufinder/ => /home/sharad/.stmcufinder/plugins/mcufinder
2024-11-26 11:48:58,654 [INFO] CrossReferenceDbSqlite:203 - Set database path to: /home/sharad/.stmcufinder/plugins/mcufinder//mcu/cs/
2024-11-26 11:48:58,702 [INFO] MainPanel:268 - HeapMemory: 268435456
2024-11-26 11:48:58,778 [INFO] DbMcusXml:78 - Set database path to: /opt/st/stm32cubeide_1.16.1/plugins/com.st.stm32cube.common.mx_6.12.1.202409122256//db//mcu/
2024-11-26 11:48:58,779 [INFO] ApiDb:274 - Set plugin database path to: /opt/st/stm32cubeide_1.16.1/plugins/com.st.stm32cube.common.mx_6.12.1.202409122256//db//plugins/boardmanager/
2024-11-26 11:48:58,779 [INFO] ApiDb:261 - Set plugin images path to: /opt/st/stm32cubeide_1.16.1/plugins/com.st.stm32cube.common.mx_6.12.1.202409122256//db//plugins/mcufinder/images/
2024-11-26 11:48:58,779 [WARN] DbFile:41 - Overriding database path with different value: /home/sharad/.stmcufinder/plugins/mcufinder/ => /home/sharad/.stmcufinder/plugins/mcufinder
2024-11-26 11:48:58,779 [INFO] ApiDb:250 - Set database path to: /home/sharad/.stmcufinder/plugins/mcufinder//mcu/
2024-11-26 11:48:58,779 [WARN] DbFile:41 - Overriding database path with different value: /home/sharad/.stmcufinder/plugins/mcufinder/ => /home/sharad/.stmcufinder/plugins/mcufinder
2024-11-26 11:48:58,779 [INFO] DbMcusAds:125 - Set database path to: /home/sharad/.stmcufinder/plugins/mcufinder//mcu/
2024-11-26 11:48:58,780 [WARN] DbFile:41 - Overriding database path with different value: /home/sharad/.stmcufinder/plugins/mcufinder/ => /home/sharad/.stmcufinder/plugins/mcufinder
2024-11-26 11:48:58,780 [WARN] DbFile:41 - Overriding database path with different value: /home/sharad/.stmcufinder/plugins/mcufinder/ => /home/sharad/.stmcufinder/plugins/mcufinder
2024-11-26 11:48:58,780 [INFO] CrossReferenceDbSqlite:203 - Set database path to: /home/sharad/.stmcufinder/plugins/mcufinder//mcu/cs/
2024-11-26 11:48:58,790 [INFO] ApplicationProperties:184 - Using Application install path: /opt/st/stm32cubeide_1.16.1/plugins/com.st.stm32cube.common.mx_6.12.1.202409122256
2024-11-26 11:48:58,791 [INFO] PluginManage:196 - Search for loadable plugins [exclusion list=, ]
2024-11-26 11:48:58,792 [INFO] PluginManage:310 - Check plugin analytics
2024-11-26 11:48:58,887 [INFO] AnalyticsPlugin:253 - Accepted Software Licenses: 
2024-11-26 11:48:58,887 [INFO] AnalyticsPlugin:255 - Accepted CMSIS Pack Licenses: 
2024-11-26 11:48:58,887 [INFO] AnalyticsPlugin:257 - Accepted Firmware Licenses: FW.F4.1.28.0
2024-11-26 11:48:58,889 [INFO] PluginManage:359 - Loaded plugin analytics (category:tool,tabindex:-1)
2024-11-26 11:48:58,889 [INFO] PluginManage:310 - Check plugin cadmodel
2024-11-26 11:48:58,892 [INFO] CADModel:105 - Init CAD model plugin
2024-11-26 11:48:58,892 [INFO] PluginManage:359 - Loaded plugin cadmodel (category:power,tabindex:5)
2024-11-26 11:48:58,892 [INFO] PluginManage:310 - Check plugin clock
2024-11-26 11:48:58,897 [INFO] PluginManage:359 - Loaded plugin clock (category:base,tabindex:2)
2024-11-26 11:48:58,897 [INFO] PluginManage:310 - Check plugin ddr
2024-11-26 11:48:58,898 [INFO] PluginManage:359 - Loaded plugin ddr (category:tool,tabindex:6)
2024-11-26 11:48:58,899 [INFO] PluginManage:310 - Check plugin filemanager
2024-11-26 11:48:58,985 [INFO] PluginManage:359 - Loaded plugin filemanager (category:base,tabindex:10)
2024-11-26 11:48:58,985 [INFO] PluginManage:310 - Check plugin ipmanager
2024-11-26 11:48:58,989 [INFO] PluginManage:359 - Loaded plugin ipmanager (category:base,tabindex:5)
2024-11-26 11:48:58,989 [INFO] PluginManage:310 - Check plugin lpbam
2024-11-26 11:48:58,995 [INFO] PluginManage:359 - Loaded plugin lpbam (category:base,tabindex:0)
2024-11-26 11:48:58,995 [INFO] PluginManage:310 - Check plugin memorymap
2024-11-26 11:48:59,003 [INFO] PluginManage:359 - Loaded plugin memorymap (category:base,tabindex:4)
2024-11-26 11:48:59,003 [INFO] PluginManage:310 - Check plugin pinoutandconfiguration
2024-11-26 11:48:59,008 [INFO] PluginManage:359 - Loaded plugin pinoutandconfiguration (category:base,tabindex:1)
2024-11-26 11:48:59,008 [INFO] PluginManage:310 - Check plugin pinoutconfig
2024-11-26 11:48:59,067 [WARN] SupportedApi:132 - Cannot load RTOS API schema: s4s-elt-must-match.1: The content of 'definitions' must match (annotation?, (simpleType | complexType)?, (unique | key | keyref)*)). A problem was found starting at: attribute.
2024-11-26 11:48:59,153 [INFO] PluginManage:359 - Loaded plugin pinoutconfig (category:base,tabindex:0)
2024-11-26 11:48:59,153 [INFO] PluginManage:310 - Check plugin power
2024-11-26 11:48:59,158 [INFO] PluginManage:359 - Loaded plugin power (category:power,tabindex:4)
2024-11-26 11:48:59,159 [INFO] PluginManage:310 - Check plugin projectmanager
2024-11-26 11:48:59,169 [INFO] PluginManage:359 - Loaded plugin projectmanager (category:projectmanager,tabindex:4)
2024-11-26 11:48:59,169 [INFO] PluginManage:310 - Check plugin rif
2024-11-26 11:48:59,172 [INFO] PluginManage:359 - Loaded plugin rif (category:base,tabindex:3)
2024-11-26 11:48:59,172 [INFO] PluginManage:310 - Check plugin thirdparty
2024-11-26 11:48:59,244 [INFO] PluginManage:359 - Loaded plugin thirdparty (category:base,tabindex:-1)
2024-11-26 11:48:59,244 [WARN] IntegrityCheckThread:84 - waiting for thirdparty lock release [integrity check]
2024-11-26 11:48:59,244 [INFO] PluginManage:310 - Check plugin tools
2024-11-26 11:48:59,244 [INFO] IntegrityCheckThread:86 - entering critical section [integrity check]
2024-11-26 11:48:59,244 [INFO] ThirdPartyUpdaterWithRetryManager:70 - Updater plugin not ready yet. [1/15]
2024-11-26 11:48:59,245 [INFO] PluginManage:359 - Loaded plugin tools (category:base,tabindex:7)
2024-11-26 11:48:59,246 [INFO] PluginManage:310 - Check plugin tutovideos
2024-11-26 11:48:59,355 [INFO] PluginManage:359 - Loaded plugin tutovideos (category:base,tabindex:-1)
2024-11-26 11:48:59,355 [INFO] PluginManage:310 - Check plugin updater
2024-11-26 11:48:59,367 [INFO] PluginManage:359 - Loaded plugin updater (category:base,tabindex:12)
2024-11-26 11:48:59,367 [INFO] PluginManage:310 - Check plugin userauth
2024-11-26 11:48:59,370 [INFO] UserAuth:113 - Init User Auth plugin
2024-11-26 11:48:59,371 [INFO] PluginManage:359 - Loaded plugin userauth (category:base,tabindex:14)
2024-11-26 11:48:59,371 [INFO] PluginManage:283 - PluginManage : Loaded plugins [18]
2024-11-26 11:48:59,481 [INFO] PinOutPanel:1561 - setPackage(No Configuration,No Configuration)
2024-11-26 11:48:59,533 [INFO] CADModel:165 - CPN selected for project level
2024-11-26 11:48:59,533 [INFO] CADModel:114 - Register for checkConnection events
2024-11-26 11:48:59,541 [INFO] IPUIPlugin:80 - create IPUIPlugin
2024-11-26 11:48:59,541 [INFO] PluginManager:220 - loadIPPluginJar : add gtzc
2024-11-26 11:48:59,542 [INFO] IPUIPlugin:80 - create IPUIPlugin
2024-11-26 11:48:59,542 [INFO] PluginManager:220 - loadIPPluginJar : add comp
2024-11-26 11:48:59,546 [INFO] IPUIPlugin:80 - create IPUIPlugin
2024-11-26 11:48:59,546 [INFO] PluginManager:220 - loadIPPluginJar : add hash
2024-11-26 11:48:59,548 [INFO] IPUIPlugin:80 - create IPUIPlugin
2024-11-26 11:48:59,548 [INFO] PluginManager:220 - loadIPPluginJar : add dma3
2024-11-26 11:48:59,551 [INFO] IPUIPlugin:80 - create IPUIPlugin
2024-11-26 11:48:59,551 [INFO] PluginManager:220 - loadIPPluginJar : add touchsensing
2024-11-26 11:48:59,552 [INFO] IPUIPlugin:80 - create IPUIPlugin
2024-11-26 11:48:59,553 [INFO] PluginManager:220 - loadIPPluginJar : add lorawan
2024-11-26 11:48:59,554 [INFO] IPUIPlugin:80 - create IPUIPlugin
2024-11-26 11:48:59,554 [INFO] PluginManager:220 - loadIPPluginJar : add ts
2024-11-26 11:48:59,555 [INFO] IPUIPlugin:80 - create IPUIPlugin
2024-11-26 11:48:59,555 [INFO] PluginManager:220 - loadIPPluginJar : add genericplugin
2024-11-26 11:48:59,556 [INFO] IPUIPlugin:80 - create IPUIPlugin
2024-11-26 11:48:59,557 [INFO] PluginManager:220 - loadIPPluginJar : add tracer_emb
2024-11-26 11:48:59,559 [INFO] IPUIPlugin:80 - create IPUIPlugin
2024-11-26 11:48:59,559 [INFO] PluginManager:220 - loadIPPluginJar : add extmemmanager
2024-11-26 11:48:59,561 [INFO] IPUIPlugin:80 - create IPUIPlugin
2024-11-26 11:48:59,561 [INFO] PluginManager:220 - loadIPPluginJar : add can
2024-11-26 11:48:59,563 [INFO] IPUIPlugin:80 - create IPUIPlugin
2024-11-26 11:48:59,564 [INFO] PluginManager:220 - loadIPPluginJar : add nvic
2024-11-26 11:48:59,569 [INFO] IPUIPlugin:80 - create IPUIPlugin
2024-11-26 11:48:59,570 [INFO] PluginManager:220 - loadIPPluginJar : add adc
2024-11-26 11:48:59,571 [INFO] IPUIPlugin:80 - create IPUIPlugin
2024-11-26 11:48:59,572 [INFO] PluginManager:220 - loadIPPluginJar : add i3c
2024-11-26 11:48:59,572 [INFO] IPUIPlugin:80 - create IPUIPlugin
2024-11-26 11:48:59,572 [INFO] PluginManager:220 - loadIPPluginJar : add ltdc
2024-11-26 11:48:59,574 [INFO] IPUIPlugin:80 - create IPUIPlugin
2024-11-26 11:48:59,574 [INFO] PluginManager:220 - loadIPPluginJar : add openamp
2024-11-26 11:48:59,576 [INFO] IPUIPlugin:80 - create IPUIPlugin
2024-11-26 11:48:59,576 [INFO] PluginManager:220 - loadIPPluginJar : add i2c
2024-11-26 11:48:59,578 [INFO] IPUIPlugin:80 - create IPUIPlugin
2024-11-26 11:48:59,578 [INFO] PluginManager:220 - loadIPPluginJar : add pdm2pcm
2024-11-26 11:48:59,580 [INFO] IPUIPlugin:80 - create IPUIPlugin
2024-11-26 11:48:59,581 [INFO] PluginManager:220 - loadIPPluginJar : add fmc
2024-11-26 11:48:59,582 [INFO] IPUIPlugin:80 - create IPUIPlugin
2024-11-26 11:48:59,583 [INFO] PluginManager:220 - loadIPPluginJar : add spi
2024-11-26 11:48:59,584 [INFO] IPUIPlugin:80 - create IPUIPlugin
2024-11-26 11:48:59,584 [INFO] PluginManager:220 - loadIPPluginJar : add fatfs
2024-11-26 11:48:59,585 [INFO] IPUIPlugin:80 - create IPUIPlugin
2024-11-26 11:48:59,585 [INFO] PluginManager:220 - loadIPPluginJar : add dfsdm
2024-11-26 11:48:59,591 [INFO] IPUIPlugin:80 - create IPUIPlugin
2024-11-26 11:48:59,591 [INFO] PluginManager:220 - loadIPPluginJar : add linkedlist
2024-11-26 11:48:59,593 [INFO] IPUIPlugin:80 - create IPUIPlugin
2024-11-26 11:48:59,593 [INFO] PluginManager:220 - loadIPPluginJar : add tim
2024-11-26 11:48:59,594 [INFO] IPUIPlugin:80 - create IPUIPlugin
2024-11-26 11:48:59,594 [INFO] PluginManager:220 - loadIPPluginJar : add quadspi
2024-11-26 11:48:59,596 [INFO] IPUIPlugin:80 - create IPUIPlugin
2024-11-26 11:48:59,596 [INFO] PluginManager:220 - loadIPPluginJar : add ddr_ctrl_phy
2024-11-26 11:48:59,600 [INFO] IPUIPlugin:80 - create IPUIPlugin
2024-11-26 11:48:59,603 [INFO] PluginManager:220 - loadIPPluginJar : add plateformsettings
2024-11-26 11:48:59,607 [INFO] IPUIPlugin:80 - create IPUIPlugin
2024-11-26 11:48:59,607 [INFO] PluginManager:220 - loadIPPluginJar : add mdma
2024-11-26 11:48:59,611 [INFO] IPUIPlugin:80 - create IPUIPlugin
2024-11-26 11:48:59,611 [INFO] PluginManager:220 - loadIPPluginJar : add stm32_wpan
2024-11-26 11:48:59,614 [INFO] IPUIPlugin:80 - create IPUIPlugin
2024-11-26 11:48:59,614 [INFO] PluginManager:220 - loadIPPluginJar : add freertos
2024-11-26 11:48:59,618 [INFO] IPUIPlugin:80 - create IPUIPlugin
2024-11-26 11:48:59,618 [INFO] PluginManager:220 - loadIPPluginJar : add dma
2024-11-26 11:48:59,620 [INFO] IPUIPlugin:80 - create IPUIPlugin
2024-11-26 11:48:59,620 [INFO] PluginManager:220 - loadIPPluginJar : add cryp
2024-11-26 11:48:59,621 [INFO] IPUIPlugin:80 - create IPUIPlugin
2024-11-26 11:48:59,621 [INFO] PluginManager:220 - loadIPPluginJar : add gfxmmu
2024-11-26 11:48:59,623 [INFO] IPUIPlugin:80 - create IPUIPlugin
2024-11-26 11:48:59,623 [INFO] PluginManager:220 - loadIPPluginJar : add sai
2024-11-26 11:48:59,624 [INFO] IPUIPlugin:80 - create IPUIPlugin
2024-11-26 11:48:59,625 [INFO] PluginManager:220 - loadIPPluginJar : add ucpd
2024-11-26 11:48:59,626 [INFO] IPUIPlugin:80 - create IPUIPlugin
2024-11-26 11:48:59,626 [INFO] PluginManager:220 - loadIPPluginJar : add usart
2024-11-26 11:48:59,628 [INFO] IPUIPlugin:80 - create IPUIPlugin
2024-11-26 11:48:59,628 [INFO] PluginManager:220 - loadIPPluginJar : add aes
2024-11-26 11:48:59,629 [INFO] IPUIPlugin:80 - create IPUIPlugin
2024-11-26 11:48:59,629 [INFO] PluginManager:220 - loadIPPluginJar : add i2s
2024-11-26 11:48:59,631 [INFO] IPUIPlugin:80 - create IPUIPlugin
2024-11-26 11:48:59,632 [INFO] PluginManager:220 - loadIPPluginJar : add gpio
2024-11-26 11:48:59,635 [INFO] IPUIPlugin:80 - create IPUIPlugin
2024-11-26 11:48:59,635 [INFO] PluginManager:220 - loadIPPluginJar : add gic
2024-11-26 11:48:59,637 [INFO] IPUIPlugin:80 - create IPUIPlugin
2024-11-26 11:48:59,637 [INFO] PluginManager:220 - loadIPPluginJar : add ipddr
2024-11-26 11:48:59,638 [INFO] IPUIPlugin:80 - create IPUIPlugin
2024-11-26 11:48:59,638 [INFO] PluginManager:220 - loadIPPluginJar : add tsc
2024-11-26 11:48:59,648 [INFO] IPUIPlugin:80 - create IPUIPlugin
2024-11-26 11:48:59,649 [INFO] PluginManager:220 - loadIPPluginJar : add resmgrutility
2024-11-26 11:48:59,651 [INFO] IPUIPlugin:80 - create IPUIPlugin
2024-11-26 11:48:59,651 [INFO] PluginManager:220 - loadIPPluginJar : add usbx
2024-11-26 11:48:59,652 [INFO] IPUIPlugin:80 - create IPUIPlugin
2024-11-26 11:48:59,653 [INFO] PluginManager:220 - loadIPPluginJar : add radio
2024-11-26 11:48:59,655 [INFO] IPUIPlugin:80 - create IPUIPlugin
2024-11-26 11:48:59,655 [INFO] PluginManager:220 - loadIPPluginJar : add opamp
2024-11-26 11:48:59,752 [INFO] CADModel:165 - CPN selected for project level
2024-11-26 11:48:59,752 [INFO] CADModel:114 - Register for checkConnection events
2024-11-26 11:48:59,752 [FATAL] Updater:334 - Updater called before beeing initialized
2024-11-26 11:48:59,753 [ERROR] CADModel:125 - Updater not yet initialized, retry later 
2024-11-26 11:48:59,826 [INFO] CADModel:165 - CPN selected for project level
2024-11-26 11:48:59,826 [INFO] CADModel:114 - Register for checkConnection events
2024-11-26 11:48:59,826 [FATAL] Updater:334 - Updater called before beeing initialized
2024-11-26 11:48:59,826 [ERROR] CADModel:125 - Updater not yet initialized, retry later 
2024-11-26 11:48:59,828 [FATAL] Updater:334 - Updater called before beeing initialized
2024-11-26 11:48:59,881 [FATAL] Updater:334 - Updater called before beeing initialized
2024-11-26 11:48:59,884 [INFO] DbMcusAds:53 - JSON generation date=Fri Sep 20 18:34:38 IST 2024 (1726837478367)
2024-11-26 11:48:59,884 [FATAL] Updater:334 - Updater called before beeing initialized
2024-11-26 11:48:59,907 [WARN] DetailPanel:346 - Failed to get advertising image, set to default
2024-11-26 11:48:59,966 [FATAL] Updater:334 - Updater called before beeing initialized
2024-11-26 11:48:59,967 [FATAL] Updater:334 - Updater called before beeing initialized
2024-11-26 11:48:59,967 [FATAL] Updater:334 - Updater called before beeing initialized
2024-11-26 11:48:59,968 [WARN] DetailPanel:346 - Failed to get advertising image, set to default
2024-11-26 11:48:59,968 [FATAL] Updater:334 - Updater called before beeing initialized
2024-11-26 11:48:59,990 [ERROR] Updater:1164 - MainUpdater not yet initialized. External WinMGr cannot be set.
2024-11-26 11:48:59,992 [INFO] Updater:1100 - Updater Version found : 6.12.1
2024-11-26 11:49:00,005 [INFO] ApplicationProperties:184 - Using Application install path: /opt/st/stm32cubeide_1.16.1/plugins/com.st.stm32cube.common.mx_6.12.1.202409122256
2024-11-26 11:49:00,289 [INFO] MainUpdater:2873 - connection check result : 10
2024-11-26 11:49:00,290 [INFO] MainUpdater:290 - Updater Check For Update Now.
2024-11-26 11:49:00,290 [INFO] MicroXplorer:498 - Change Database Version : DB.6.0.121
2024-11-26 11:49:00,295 [INFO] McuFinderGlobals:63 - Set McuFinder mode to 2 (CubeIDE integrated)
2024-11-26 11:49:00,295 [INFO] UserAuth:417 - Internet connection configuration mode: 1
2024-11-26 11:49:00,303 [INFO] JxBrowserEngine:152 - Initiate JxBrowser Engine with user profile folder
2024-11-26 11:49:00,453 [INFO] CheckServerUpdateThread:120 - End of CheckServer Thread
2024-11-26 11:49:00,739 [INFO] WebApp:167 - Instantiating new browser for Auth
2024-11-26 11:49:01,224 [INFO] WebApp:448 - Apply proxy settings
2024-11-26 11:49:01,224 [INFO] WebApp:533 - Chromium requires no authentication
2024-11-26 11:49:01,230 [INFO] WebApp:476 - Direct internet connection detected
2024-11-26 11:49:01,242 [INFO] WebApp:869 - Register for checkConnection events
2024-11-26 11:49:01,243 [INFO] WebApp:448 - Apply proxy settings
2024-11-26 11:49:01,243 [INFO] WebApp:533 - Chromium requires no authentication
2024-11-26 11:49:01,243 [INFO] WebApp:476 - Direct internet connection detected
2024-11-26 11:49:01,332 [INFO] WebApp:220 - Starting web application
2024-11-26 11:49:01,332 [INFO] WebApp:578 - Web application path used /opt/st/stm32cubeide_1.16.1/plugins/com.st.stm32cube.common.mx_6.12.1.202409122256/db/plugins/mcufinder/reactClient1/index.html
2024-11-26 11:49:01,398 [INFO] UserAuth:417 - Internet connection configuration mode: 1
2024-11-26 11:49:01,561 [INFO] WebApp:186 - Connection restablished
2024-11-26 11:49:02,324 [WARN] PackLoader:240 - Cannot read IP mode file for STMicroelectronics.FP-SNS-MOTENVWB1.1.4.0
2024-11-26 11:49:02,330 [WARN] PackLoader:240 - Cannot read IP mode file for STMicroelectronics.FP-ATR-ASTRA1.2.0.1
2024-11-26 11:49:02,335 [WARN] PackLoader:240 - Cannot read IP mode file for STMicroelectronics.X-CUBE-SMBUS.2.1.0
2024-11-26 11:49:02,339 [WARN] PackLoader:240 - Cannot read IP mode file for STMicroelectronics.X-CUBE-WB05N.1.1.0
2024-11-26 11:49:02,357 [WARN] PackLoader:240 - Cannot read IP mode file for STMicroelectronics.X-CUBE-AZRTOS-F7.1.1.0
2024-11-26 11:49:02,396 [WARN] PackLoader:240 - Cannot read IP mode file for STMicroelectronics.X-CUBE-MEMS1.11.0.0
2024-11-26 11:49:02,556 [WARN] PackLoader:240 - Cannot read IP mode file for STMicroelectronics.FP-SNS-FLIGHT1.5.0.2
2024-11-26 11:49:02,563 [WARN] PackLoader:240 - Cannot read IP mode file for STMicroelectronics.X-CUBE-DISPLAY.3.0.0
2024-11-26 11:49:02,574 [WARN] PackLoader:240 - Cannot read IP mode file for STMicroelectronics.X-CUBE-BLE1.7.0.0
2024-11-26 11:49:02,580 [WARN] PackLoader:240 - Cannot read IP mode file for STMicroelectronics.X-CUBE-NFC10.1.0.0
2024-11-26 11:49:02,587 [WARN] PackLoader:240 - Cannot read IP mode file for emotas.I-CUBE-CANOPEN.1.3.0
2024-11-26 11:49:02,594 [WARN] PackLoader:240 - Cannot read IP mode file for STMicroelectronics.X-CUBE-BLEMGR.3.1.0
2024-11-26 11:49:02,601 [WARN] PackLoader:240 - Cannot read IP mode file for STMicroelectronics.FP-SNS-SMARTAG2.1.2.0
2024-11-26 11:49:02,607 [INFO] LogOutputStream:77 - [STDOUT_REDIRECT] 1 : Invalid condition id : UX_CORESTACK_Condition cause : null
2024-11-26 11:49:02,608 [INFO] LogOutputStream:77 - [STDOUT_REDIRECT] 1 : Invalid condition id : UX_CORESTACK_Condition cause : null
2024-11-26 11:49:02,608 [INFO] LogOutputStream:77 - [STDOUT_REDIRECT] 1 : Invalid condition id : UX_CORESTACK_Condition cause : null
2024-11-26 11:49:02,608 [INFO] LogOutputStream:77 - [STDOUT_REDIRECT] 1 : Invalid condition id : UX_CORESTACK_Condition cause : null
2024-11-26 11:49:02,608 [INFO] LogOutputStream:77 - [STDOUT_REDIRECT] 1 : Invalid condition id : UX_CORESTACK_Condition cause : null
2024-11-26 11:49:02,610 [WARN] PackLoader:240 - Cannot read IP mode file for STMicroelectronics.X-CUBE-AZRTOS-WL.2.0.0
2024-11-26 11:49:02,614 [WARN] PackLoader:240 - Cannot read IP mode file for STMicroelectronics.FP-SNS-MOTENV1.5.0.0
2024-11-26 11:49:02,618 [WARN] PackLoader:240 - Cannot read IP mode file for wolfSSL.I-CUBE-wolfMQTT.1.19.0
2024-11-26 11:49:02,623 [WARN] PackLoader:240 - Cannot read IP mode file for WES.I-CUBE-Cesium.1.3.0
2024-11-26 11:49:02,627 [WARN] PackLoader:240 - Cannot read IP mode file for STMicroelectronics.X-CUBE-BLE2.3.3.0
2024-11-26 11:49:02,631 [WARN] PackLoader:240 - Cannot read IP mode file for STMicroelectronics.X-CUBE-NFC9.1.0.0
2024-11-26 11:49:02,636 [WARN] PackLoader:240 - Cannot read IP mode file for STMicroelectronics.X-CUBE-TCPP.4.1.0
2024-11-26 11:49:02,646 [WARN] PackLoader:240 - Cannot read IP mode file for STMicroelectronics.X-CUBE-AZRTOS-G0.1.1.0
2024-11-26 11:49:02,651 [WARN] PackLoader:240 - Cannot read IP mode file for STMicroelectronics.X-CUBE-SAFEA1.1.2.2
2024-11-26 11:49:02,656 [WARN] PackLoader:240 - Cannot read IP mode file for STMicroelectronics.X-CUBE-NFC4.3.0.0
2024-11-26 11:49:02,662 [WARN] PackLoader:240 - Cannot read IP mode file for EmbeddedOffice.I-CUBE-FS-RTOS.1.0.1
2024-11-26 11:49:02,662 [ERROR] ConditionMgr:805 - Attr not supported : Dmpu
2024-11-26 11:49:02,663 [ERROR] ConditionMgr:805 - Attr not supported : Dmpu
2024-11-26 11:49:02,663 [ERROR] ConditionMgr:805 - Attr not supported : Dmpu
2024-11-26 11:49:02,663 [ERROR] ConditionMgr:805 - Attr not supported : Dmpu
2024-11-26 11:49:02,663 [ERROR] ConditionMgr:805 - Attr not supported : Dmpu
2024-11-26 11:49:02,663 [ERROR] ConditionMgr:805 - Attr not supported : Dmpu
2024-11-26 11:49:02,663 [ERROR] ConditionMgr:805 - Attr not supported : Dmpu
2024-11-26 11:49:02,664 [ERROR] ConditionMgr:805 - Attr not supported : Dmpu
2024-11-26 11:49:02,664 [ERROR] ConditionMgr:805 - Attr not supported : Dmpu
2024-11-26 11:49:02,664 [ERROR] ConditionMgr:805 - Attr not supported : Dmpu
2024-11-26 11:49:02,664 [ERROR] ConditionMgr:805 - Attr not supported : Dmpu
2024-11-26 11:49:02,664 [ERROR] ConditionMgr:805 - Attr not supported : Dmpu
2024-11-26 11:49:02,664 [ERROR] ConditionMgr:805 - Attr not supported : Dmpu
2024-11-26 11:49:02,664 [ERROR] ConditionMgr:805 - Attr not supported : Dmpu
2024-11-26 11:49:02,664 [ERROR] ConditionMgr:805 - Attr not supported : Dmpu
2024-11-26 11:49:02,665 [ERROR] ConditionMgr:805 - Attr not supported : Dmpu
2024-11-26 11:49:02,665 [ERROR] ConditionMgr:805 - Attr not supported : Dmpu
2024-11-26 11:49:02,665 [ERROR] ConditionMgr:805 - Attr not supported : Dmpu
2024-11-26 11:49:02,665 [ERROR] ConditionMgr:805 - Attr not supported : Dmpu
2024-11-26 11:49:02,665 [ERROR] ConditionMgr:805 - Attr not supported : Dmpu
2024-11-26 11:49:02,665 [ERROR] ConditionMgr:805 - Attr not supported : Dmpu
2024-11-26 11:49:02,665 [ERROR] ConditionMgr:805 - Attr not supported : Dmpu
2024-11-26 11:49:02,665 [ERROR] ConditionMgr:805 - Attr not supported : Dmpu
2024-11-26 11:49:02,665 [ERROR] ConditionMgr:805 - Attr not supported : Dmpu
2024-11-26 11:49:02,666 [ERROR] ConditionMgr:805 - Attr not supported : Dmpu
2024-11-26 11:49:02,666 [ERROR] ConditionMgr:805 - Attr not supported : Dmpu
2024-11-26 11:49:02,666 [ERROR] ConditionMgr:805 - Attr not supported : Dmpu
2024-11-26 11:49:02,666 [ERROR] ConditionMgr:805 - Attr not supported : Dmpu
2024-11-26 11:49:02,666 [ERROR] ConditionMgr:805 - Attr not supported : Dmpu
2024-11-26 11:49:02,666 [ERROR] ConditionMgr:805 - Attr not supported : Dmpu
2024-11-26 11:49:02,666 [ERROR] ConditionMgr:805 - Attr not supported : Dmpu
2024-11-26 11:49:02,666 [ERROR] ConditionMgr:805 - Attr not supported : Dmpu
2024-11-26 11:49:02,666 [ERROR] ConditionMgr:805 - Attr not supported : Dmpu
2024-11-26 11:49:02,667 [ERROR] ConditionMgr:805 - Attr not supported : Dmpu
2024-11-26 11:49:02,667 [ERROR] ConditionMgr:805 - Attr not supported : Dmpu
2024-11-26 11:49:02,667 [ERROR] ConditionMgr:805 - Attr not supported : Dmpu
2024-11-26 11:49:02,667 [ERROR] ConditionMgr:805 - Attr not supported : Dmpu
2024-11-26 11:49:02,667 [ERROR] ConditionMgr:805 - Attr not supported : Dmpu
2024-11-26 11:49:02,667 [ERROR] ConditionMgr:805 - Attr not supported : Dmpu
2024-11-26 11:49:02,667 [ERROR] ConditionMgr:805 - Attr not supported : Dmpu
2024-11-26 11:49:02,667 [ERROR] ConditionMgr:805 - Attr not supported : Dmpu
2024-11-26 11:49:02,668 [ERROR] ConditionMgr:805 - Attr not supported : Dmpu
2024-11-26 11:49:02,668 [ERROR] ConditionMgr:805 - Attr not supported : Dmpu
2024-11-26 11:49:02,668 [ERROR] ConditionMgr:805 - Attr not supported : Dmpu
2024-11-26 11:49:02,668 [ERROR] ConditionMgr:805 - Attr not supported : Dmpu
2024-11-26 11:49:02,668 [ERROR] ConditionMgr:805 - Attr not supported : Dmpu
2024-11-26 11:49:02,668 [ERROR] ConditionMgr:805 - Attr not supported : Dmpu
2024-11-26 11:49:02,668 [ERROR] ConditionMgr:805 - Attr not supported : Dmpu
2024-11-26 11:49:02,668 [ERROR] ConditionMgr:805 - Attr not supported : Dmpu
2024-11-26 11:49:02,669 [ERROR] ConditionMgr:805 - Attr not supported : Dmpu
2024-11-26 11:49:02,669 [ERROR] ConditionMgr:805 - Attr not supported : Dmpu
2024-11-26 11:49:02,669 [ERROR] ConditionMgr:805 - Attr not supported : Dmpu
2024-11-26 11:49:02,669 [ERROR] ConditionMgr:805 - Attr not supported : Dmpu
2024-11-26 11:49:02,669 [ERROR] ConditionMgr:805 - Attr not supported : Dmpu
2024-11-26 11:49:02,669 [ERROR] ConditionMgr:805 - Attr not supported : Dmpu
2024-11-26 11:49:02,669 [ERROR] ConditionMgr:805 - Attr not supported : Dmpu
2024-11-26 11:49:02,669 [ERROR] ConditionMgr:805 - Attr not supported : Dmpu
2024-11-26 11:49:02,670 [ERROR] ConditionMgr:805 - Attr not supported : Dmpu
2024-11-26 11:49:02,670 [ERROR] ConditionMgr:805 - Attr not supported : Dmpu
2024-11-26 11:49:02,670 [ERROR] ConditionMgr:805 - Attr not supported : Dmpu
2024-11-26 11:49:02,670 [ERROR] ConditionMgr:805 - Attr not supported : Dmpu
2024-11-26 11:49:02,670 [ERROR] ConditionMgr:805 - Attr not supported : Dmpu
2024-11-26 11:49:02,670 [ERROR] ConditionMgr:805 - Attr not supported : Dmpu
2024-11-26 11:49:02,670 [ERROR] ConditionMgr:805 - Attr not supported : Dmpu
2024-11-26 11:49:02,673 [WARN] PackLoader:240 - Cannot read IP mode file for RealThread.X-CUBE-RT-Thread_Nano.4.1.1
2024-11-26 11:49:02,676 [WARN] PackLoader:240 - Cannot read IP mode file for STMicroelectronics.FP-ATR-SIGFOX1.3.2.0
2024-11-26 11:49:02,679 [WARN] ConditionMgr:438 - getConditionDescription Invalid condition id : Cortex-A Device cause : null
2024-11-26 11:49:02,690 [WARN] ConditionMgr:1039 - genDependencies : Invalid condition id : Cortex-A Device cause : null
2024-11-26 11:49:02,690 [WARN] ConditionMgr:1039 - genDependencies : Invalid condition id : Cortex-A Device cause : null
2024-11-26 11:49:02,690 [WARN] ConditionMgr:1039 - genDependencies : Invalid condition id : Cortex-A Device cause : null
2024-11-26 11:49:02,694 [WARN] PackLoader:240 - Cannot read IP mode file for STMicroelectronics.X-CUBE-EEPRMA1.5.1.0
2024-11-26 11:49:02,698 [WARN] PackLoader:240 - Cannot read IP mode file for wolfSSL.I-CUBE-wolfSSL.5.7.4
2024-11-26 11:49:02,701 [WARN] PackLoader:240 - Cannot read IP mode file for ITTIA_DB.I-CUBE-ITTIADB.8.9.0
2024-11-26 11:49:02,717 [WARN] PackLoader:240 - Cannot read IP mode file for SEGGER.I-CUBE-embOS.1.3.1
2024-11-26 11:49:02,782 [WARN] PackLoader:240 - Cannot read IP mode file for STMicroelectronics.X-CUBE-ALGOBUILD.1.4.0
2024-11-26 11:49:02,790 [WARN] PackLoader:240 - Cannot read IP mode file for STMicroelectronics.X-CUBE-AI.9.1.0
2024-11-26 11:49:02,804 [WARN] PackLoader:240 - Cannot read IP mode file for STMicroelectronics.X-CUBE-AZRTOS-F4.1.1.0
2024-11-26 11:49:02,810 [WARN] PackLoader:240 - Cannot read IP mode file for STMicroelectronics.X-CUBE-ISPU.2.1.0
2024-11-26 11:49:02,815 [WARN] PackLoader:240 - Cannot read IP mode file for STMicroelectronics.X-CUBE-FREERTOS.1.2.0
2024-11-26 11:49:02,827 [WARN] PackLoader:240 - Cannot read IP mode file for STMicroelectronics.X-CUBE-AZRTOS-L5.2.0.0
2024-11-26 11:49:02,835 [WARN] PackLoader:240 - Cannot read IP mode file for STMicroelectronics.X-CUBE-NFC6.3.1.0
2024-11-26 11:49:02,842 [WARN] PackLoader:240 - Cannot read IP mode file for STMicroelectronics.X-CUBE-DPower.1.2.0
2024-11-26 11:49:02,846 [WARN] PackLoader:240 - Cannot read IP mode file for STMicroelectronics.X-CUBE-NFC7.1.0.1
2024-11-26 11:49:02,862 [WARN] ConditionMgr:438 - getConditionDescription Invalid condition id : LAN8742 Phy interface Condition cause : null
2024-11-26 11:49:02,863 [WARN] PackLoader:240 - Cannot read IP mode file for STMicroelectronics.X-CUBE-AZRTOS-L4.2.0.0
2024-11-26 11:49:02,864 [WARN] ConditionMgr:1039 - genDependencies : Invalid condition id : LAN8742 Phy interface Condition cause : null
2024-11-26 11:49:02,865 [WARN] ConditionMgr:1039 - genDependencies : Invalid condition id : LAN8742 Phy interface Condition cause : null
2024-11-26 11:49:02,866 [WARN] ConditionMgr:1039 - genDependencies : Invalid condition id : LAN8742 Phy interface Condition cause : null
2024-11-26 11:49:02,872 [WARN] PackLoader:240 - Cannot read IP mode file for STMicroelectronics.X-CUBE-SFXS2LP1.4.0.0
2024-11-26 11:49:02,889 [WARN] PackLoader:240 - Cannot read IP mode file for STMicroelectronics.X-CUBE-AZRTOS-H7.3.3.0
2024-11-26 11:49:02,902 [WARN] PackLoader:240 - Cannot read IP mode file for STMicroelectronics.X-CUBE-IPS.3.0.0
2024-11-26 11:49:02,923 [WARN] ConditionMgr:438 - getConditionDescription Invalid condition id : UX DEVICE CLASS RTOS Condition cause : null
2024-11-26 11:49:02,923 [WARN] ConditionMgr:438 - getConditionDescription Invalid condition id : UX DEVICE CLASS RTOS Condition cause : null
2024-11-26 11:49:02,925 [WARN] PackLoader:240 - Cannot read IP mode file for STMicroelectronics.X-CUBE-AZRTOS-WB.2.0.0
2024-11-26 11:49:02,926 [WARN] ConditionMgr:1039 - genDependencies : Invalid condition id : UX DEVICE CLASS RTOS Condition cause : null
2024-11-26 11:49:02,926 [WARN] ConditionMgr:1039 - genDependencies : Invalid condition id : UX DEVICE CLASS RTOS Condition cause : null
2024-11-26 11:49:02,927 [WARN] ConditionMgr:1039 - genDependencies : Invalid condition id : UX DEVICE CLASS RTOS Condition cause : null
2024-11-26 11:49:02,927 [WARN] ConditionMgr:1039 - genDependencies : Invalid condition id : UX DEVICE CLASS RTOS Condition cause : null
2024-11-26 11:49:02,927 [WARN] ConditionMgr:1039 - genDependencies : Invalid condition id : UX DEVICE CLASS RTOS Condition cause : null
2024-11-26 11:49:02,935 [WARN] PackLoader:240 - Cannot read IP mode file for STMicroelectronics.X-CUBE-GNSS1.7.0.0
2024-11-26 11:49:02,941 [WARN] PackLoader:240 - Cannot read IP mode file for STMicroelectronics.FP-SNS-STBOX1.2.0.0
2024-11-26 11:49:02,953 [WARN] PackLoader:240 - Cannot read IP mode file for STMicroelectronics.X-CUBE-SUBG2.5.0.0
2024-11-26 11:49:02,962 [WARN] PackLoader:240 - Cannot read IP mode file for Cesanta.I-CUBE-Mongoose.7.13.0
2024-11-26 11:49:02,972 [WARN] PackLoader:240 - Cannot read IP mode file for STMicroelectronics.X-CUBE-AZRTOS-G4.2.0.0
2024-11-26 11:49:02,978 [WARN] PackLoader:240 - Cannot read IP mode file for STMicroelectronics.X-CUBE-ALS.1.0.2
2024-11-26 11:49:02,982 [WARN] PackLoader:240 - Cannot read IP mode file for STMicroelectronics.X-CUBE-TOUCHGFX.4.24.1
2024-11-26 11:49:02,984 [WARN] PackLoader:240 - Cannot read IP mode file for wolfSSL.I-CUBE-wolfTPM.3.4.0
2024-11-26 11:49:02,988 [WARN] PackLoader:240 - Cannot read IP mode file for portGmbH.I-Cube-SoM-uGOAL.1.1.0
2024-11-26 11:49:03,000 [WARN] PackLoader:240 - Cannot read IP mode file for STMicroelectronics.X-CUBE-AZRTOS-H7RS.1.0.0
2024-11-26 11:49:03,010 [WARN] PackLoader:240 - Cannot read IP mode file for STMicroelectronics.X-CUBE-TOF1.3.4.2
2024-11-26 11:49:03,041 [WARN] PackLoader:240 - Cannot read IP mode file for Infineon.AIROC-Wi-Fi-Bluetooth-STM32.1.6.1
2024-11-26 11:49:03,049 [WARN] PackLoader:240 - Cannot read IP mode file for wolfSSL.I-CUBE-wolfSSH.1.4.17
2024-11-26 11:49:03,049 [INFO] ThirdParty:978 - Integrity check success = true
2024-11-26 11:49:03,050 [INFO] IntegrityCheckThread:100 - exiting critical section [integrity check]
2024-11-26 11:49:03,050 [INFO] IntegrityCheckThread:103 - End integrity checks thread
2024-11-26 11:59:00,170 [ERROR] LogOutputStream:75 - [STDERR_REDIRECT] 
2024-11-26 11:59:04,141 [INFO] Activator:176 - 


2024-11-26 11:59:04,143 [INFO] Activator:177 - !SESSION log4j initialized
2024-11-26 11:59:07,182 [INFO] LogOutputStream:77 - [STDOUT_REDIRECT] 
2024-11-26 11:59:08,389 [INFO] ApplicationProperties:184 - Using Application install path: /opt/st/stm32cubeide_1.16.1/plugins/com.st.stm32cube.common.mx_6.12.1.202409122256
2024-11-26 11:59:08,399 [INFO] DbMcusXml:78 - Set database path to: /opt/st/stm32cubeide_1.16.1/plugins/com.st.stm32cube.common.mx_6.12.1.202409122256//db//mcu/
2024-11-26 11:59:08,399 [INFO] ApiDb:274 - Set plugin database path to: /opt/st/stm32cubeide_1.16.1/plugins/com.st.stm32cube.common.mx_6.12.1.202409122256//db//plugins/boardmanager/
2024-11-26 11:59:08,399 [WARN] ApiDb:259 - Overriding images path with different value:  => /opt/st/stm32cubeide_1.16.1/plugins/com.st.stm32cube.common.mx_6.12.1.202409122256//db//plugins/mcufinder/images/
2024-11-26 11:59:08,402 [INFO] ApiDb:250 - Set database path to: /home/sharad/.stmcufinder/plugins/mcufinder//mcu/
2024-11-26 11:59:08,402 [INFO] DbMcusAds:125 - Set database path to: /home/sharad/.stmcufinder/plugins/mcufinder//mcu/
2024-11-26 11:59:08,404 [INFO] CrossReferenceDbSqlite:203 - Set database path to: /home/sharad/.stmcufinder/plugins/mcufinder//mcu/cs/
2024-11-26 11:59:08,475 [INFO] RulesReader:64 - Compatibility file has been processed (297 Rules)
2024-11-26 11:59:08,520 [INFO] DbMcusXml:78 - Set database path to: /opt/st/stm32cubeide_1.16.1/plugins/com.st.stm32cube.common.mx_6.12.1.202409122256//db//mcu/
2024-11-26 11:59:08,520 [INFO] ApiDb:274 - Set plugin database path to: /opt/st/stm32cubeide_1.16.1/plugins/com.st.stm32cube.common.mx_6.12.1.202409122256//db//plugins/boardmanager/
2024-11-26 11:59:08,520 [INFO] ApiDb:261 - Set plugin images path to: /opt/st/stm32cubeide_1.16.1/plugins/com.st.stm32cube.common.mx_6.12.1.202409122256//db//plugins/mcufinder/images/
2024-11-26 11:59:08,520 [WARN] DbFile:41 - Overriding database path with different value: /home/sharad/.stmcufinder/plugins/mcufinder/ => /home/sharad/.stmcufinder/plugins/mcufinder
2024-11-26 11:59:08,521 [INFO] ApiDb:250 - Set database path to: /home/sharad/.stmcufinder/plugins/mcufinder//mcu/
2024-11-26 11:59:08,521 [WARN] DbFile:41 - Overriding database path with different value: /home/sharad/.stmcufinder/plugins/mcufinder/ => /home/sharad/.stmcufinder/plugins/mcufinder
2024-11-26 11:59:08,521 [INFO] DbMcusAds:125 - Set database path to: /home/sharad/.stmcufinder/plugins/mcufinder//mcu/
2024-11-26 11:59:08,521 [WARN] DbFile:41 - Overriding database path with different value: /home/sharad/.stmcufinder/plugins/mcufinder/ => /home/sharad/.stmcufinder/plugins/mcufinder
2024-11-26 11:59:08,521 [WARN] DbFile:41 - Overriding database path with different value: /home/sharad/.stmcufinder/plugins/mcufinder/ => /home/sharad/.stmcufinder/plugins/mcufinder
2024-11-26 11:59:08,521 [INFO] CrossReferenceDbSqlite:203 - Set database path to: /home/sharad/.stmcufinder/plugins/mcufinder//mcu/cs/
2024-11-26 11:59:08,570 [INFO] MainPanel:268 - HeapMemory: 268435456
2024-11-26 11:59:08,643 [INFO] DbMcusXml:78 - Set database path to: /opt/st/stm32cubeide_1.16.1/plugins/com.st.stm32cube.common.mx_6.12.1.202409122256//db//mcu/
2024-11-26 11:59:08,643 [INFO] ApiDb:274 - Set plugin database path to: /opt/st/stm32cubeide_1.16.1/plugins/com.st.stm32cube.common.mx_6.12.1.202409122256//db//plugins/boardmanager/
2024-11-26 11:59:08,643 [INFO] ApiDb:261 - Set plugin images path to: /opt/st/stm32cubeide_1.16.1/plugins/com.st.stm32cube.common.mx_6.12.1.202409122256//db//plugins/mcufinder/images/
2024-11-26 11:59:08,644 [WARN] DbFile:41 - Overriding database path with different value: /home/sharad/.stmcufinder/plugins/mcufinder/ => /home/sharad/.stmcufinder/plugins/mcufinder
2024-11-26 11:59:08,644 [INFO] ApiDb:250 - Set database path to: /home/sharad/.stmcufinder/plugins/mcufinder//mcu/
2024-11-26 11:59:08,644 [WARN] DbFile:41 - Overriding database path with different value: /home/sharad/.stmcufinder/plugins/mcufinder/ => /home/sharad/.stmcufinder/plugins/mcufinder
2024-11-26 11:59:08,644 [INFO] DbMcusAds:125 - Set database path to: /home/sharad/.stmcufinder/plugins/mcufinder//mcu/
2024-11-26 11:59:08,644 [WARN] DbFile:41 - Overriding database path with different value: /home/sharad/.stmcufinder/plugins/mcufinder/ => /home/sharad/.stmcufinder/plugins/mcufinder
2024-11-26 11:59:08,644 [WARN] DbFile:41 - Overriding database path with different value: /home/sharad/.stmcufinder/plugins/mcufinder/ => /home/sharad/.stmcufinder/plugins/mcufinder
2024-11-26 11:59:08,645 [INFO] CrossReferenceDbSqlite:203 - Set database path to: /home/sharad/.stmcufinder/plugins/mcufinder//mcu/cs/
2024-11-26 11:59:08,655 [INFO] ApplicationProperties:184 - Using Application install path: /opt/st/stm32cubeide_1.16.1/plugins/com.st.stm32cube.common.mx_6.12.1.202409122256
2024-11-26 11:59:08,657 [INFO] PluginManage:196 - Search for loadable plugins [exclusion list=, ]
2024-11-26 11:59:08,657 [INFO] PluginManage:310 - Check plugin analytics
2024-11-26 11:59:08,761 [INFO] AnalyticsPlugin:253 - Accepted Software Licenses: 
2024-11-26 11:59:08,761 [INFO] AnalyticsPlugin:255 - Accepted CMSIS Pack Licenses: 
2024-11-26 11:59:08,761 [INFO] AnalyticsPlugin:257 - Accepted Firmware Licenses: FW.F4.1.28.0
2024-11-26 11:59:08,763 [INFO] PluginManage:359 - Loaded plugin analytics (category:tool,tabindex:-1)
2024-11-26 11:59:08,763 [INFO] PluginManage:310 - Check plugin cadmodel
2024-11-26 11:59:08,765 [INFO] CADModel:105 - Init CAD model plugin
2024-11-26 11:59:08,765 [INFO] PluginManage:359 - Loaded plugin cadmodel (category:power,tabindex:5)
2024-11-26 11:59:08,766 [INFO] PluginManage:310 - Check plugin clock
2024-11-26 11:59:08,771 [INFO] PluginManage:359 - Loaded plugin clock (category:base,tabindex:2)
2024-11-26 11:59:08,771 [INFO] PluginManage:310 - Check plugin ddr
2024-11-26 11:59:08,772 [INFO] PluginManage:359 - Loaded plugin ddr (category:tool,tabindex:6)
2024-11-26 11:59:08,772 [INFO] PluginManage:310 - Check plugin filemanager
2024-11-26 11:59:08,860 [INFO] PluginManage:359 - Loaded plugin filemanager (category:base,tabindex:10)
2024-11-26 11:59:08,861 [INFO] PluginManage:310 - Check plugin ipmanager
2024-11-26 11:59:08,864 [INFO] PluginManage:359 - Loaded plugin ipmanager (category:base,tabindex:5)
2024-11-26 11:59:08,864 [INFO] PluginManage:310 - Check plugin lpbam
2024-11-26 11:59:08,870 [INFO] PluginManage:359 - Loaded plugin lpbam (category:base,tabindex:0)
2024-11-26 11:59:08,870 [INFO] PluginManage:310 - Check plugin memorymap
2024-11-26 11:59:08,877 [INFO] PluginManage:359 - Loaded plugin memorymap (category:base,tabindex:4)
2024-11-26 11:59:08,877 [INFO] PluginManage:310 - Check plugin pinoutandconfiguration
2024-11-26 11:59:08,882 [INFO] PluginManage:359 - Loaded plugin pinoutandconfiguration (category:base,tabindex:1)
2024-11-26 11:59:08,882 [INFO] PluginManage:310 - Check plugin pinoutconfig
2024-11-26 11:59:08,941 [WARN] SupportedApi:132 - Cannot load RTOS API schema: s4s-elt-must-match.1: The content of 'definitions' must match (annotation?, (simpleType | complexType)?, (unique | key | keyref)*)). A problem was found starting at: attribute.
2024-11-26 11:59:09,028 [INFO] PluginManage:359 - Loaded plugin pinoutconfig (category:base,tabindex:0)
2024-11-26 11:59:09,028 [INFO] PluginManage:310 - Check plugin power
2024-11-26 11:59:09,033 [INFO] PluginManage:359 - Loaded plugin power (category:power,tabindex:4)
2024-11-26 11:59:09,033 [INFO] PluginManage:310 - Check plugin projectmanager
2024-11-26 11:59:09,044 [INFO] PluginManage:359 - Loaded plugin projectmanager (category:projectmanager,tabindex:4)
2024-11-26 11:59:09,044 [INFO] PluginManage:310 - Check plugin rif
2024-11-26 11:59:09,047 [INFO] PluginManage:359 - Loaded plugin rif (category:base,tabindex:3)
2024-11-26 11:59:09,047 [INFO] PluginManage:310 - Check plugin thirdparty
2024-11-26 11:59:09,125 [INFO] PluginManage:359 - Loaded plugin thirdparty (category:base,tabindex:-1)
2024-11-26 11:59:09,125 [WARN] IntegrityCheckThread:84 - waiting for thirdparty lock release [integrity check]
2024-11-26 11:59:09,125 [INFO] PluginManage:310 - Check plugin tools
2024-11-26 11:59:09,125 [INFO] IntegrityCheckThread:86 - entering critical section [integrity check]
2024-11-26 11:59:09,126 [INFO] ThirdPartyUpdaterWithRetryManager:70 - Updater plugin not ready yet. [1/15]
2024-11-26 11:59:09,127 [INFO] PluginManage:359 - Loaded plugin tools (category:base,tabindex:7)
2024-11-26 11:59:09,127 [INFO] PluginManage:310 - Check plugin tutovideos
2024-11-26 11:59:09,266 [INFO] PluginManage:359 - Loaded plugin tutovideos (category:base,tabindex:-1)
2024-11-26 11:59:09,267 [INFO] PluginManage:310 - Check plugin updater
2024-11-26 11:59:09,278 [INFO] PluginManage:359 - Loaded plugin updater (category:base,tabindex:12)
2024-11-26 11:59:09,279 [INFO] PluginManage:310 - Check plugin userauth
2024-11-26 11:59:09,282 [INFO] UserAuth:113 - Init User Auth plugin
2024-11-26 11:59:09,282 [INFO] PluginManage:359 - Loaded plugin userauth (category:base,tabindex:14)
2024-11-26 11:59:09,283 [INFO] PluginManage:283 - PluginManage : Loaded plugins [18]
2024-11-26 11:59:09,396 [INFO] PinOutPanel:1561 - setPackage(No Configuration,No Configuration)
2024-11-26 11:59:09,440 [INFO] CADModel:165 - CPN selected for project level
2024-11-26 11:59:09,440 [INFO] CADModel:114 - Register for checkConnection events
2024-11-26 11:59:09,446 [INFO] IPUIPlugin:80 - create IPUIPlugin
2024-11-26 11:59:09,446 [INFO] PluginManager:220 - loadIPPluginJar : add gtzc
2024-11-26 11:59:09,447 [INFO] IPUIPlugin:80 - create IPUIPlugin
2024-11-26 11:59:09,447 [INFO] PluginManager:220 - loadIPPluginJar : add comp
2024-11-26 11:59:09,449 [INFO] IPUIPlugin:80 - create IPUIPlugin
2024-11-26 11:59:09,449 [INFO] PluginManager:220 - loadIPPluginJar : add hash
2024-11-26 11:59:09,451 [INFO] IPUIPlugin:80 - create IPUIPlugin
2024-11-26 11:59:09,451 [INFO] PluginManager:220 - loadIPPluginJar : add dma3
2024-11-26 11:59:09,453 [INFO] IPUIPlugin:80 - create IPUIPlugin
2024-11-26 11:59:09,453 [INFO] PluginManager:220 - loadIPPluginJar : add touchsensing
2024-11-26 11:59:09,454 [INFO] IPUIPlugin:80 - create IPUIPlugin
2024-11-26 11:59:09,454 [INFO] PluginManager:220 - loadIPPluginJar : add lorawan
2024-11-26 11:59:09,455 [INFO] IPUIPlugin:80 - create IPUIPlugin
2024-11-26 11:59:09,455 [INFO] PluginManager:220 - loadIPPluginJar : add ts
2024-11-26 11:59:09,456 [INFO] IPUIPlugin:80 - create IPUIPlugin
2024-11-26 11:59:09,456 [INFO] PluginManager:220 - loadIPPluginJar : add genericplugin
2024-11-26 11:59:09,457 [INFO] IPUIPlugin:80 - create IPUIPlugin
2024-11-26 11:59:09,457 [INFO] PluginManager:220 - loadIPPluginJar : add tracer_emb
2024-11-26 11:59:09,458 [INFO] IPUIPlugin:80 - create IPUIPlugin
2024-11-26 11:59:09,458 [INFO] PluginManager:220 - loadIPPluginJar : add extmemmanager
2024-11-26 11:59:09,460 [INFO] IPUIPlugin:80 - create IPUIPlugin
2024-11-26 11:59:09,460 [INFO] PluginManager:220 - loadIPPluginJar : add can
2024-11-26 11:59:09,462 [INFO] IPUIPlugin:80 - create IPUIPlugin
2024-11-26 11:59:09,462 [INFO] PluginManager:220 - loadIPPluginJar : add nvic
2024-11-26 11:59:09,466 [INFO] IPUIPlugin:80 - create IPUIPlugin
2024-11-26 11:59:09,466 [INFO] PluginManager:220 - loadIPPluginJar : add adc
2024-11-26 11:59:09,467 [INFO] IPUIPlugin:80 - create IPUIPlugin
2024-11-26 11:59:09,467 [INFO] PluginManager:220 - loadIPPluginJar : add i3c
2024-11-26 11:59:09,468 [INFO] IPUIPlugin:80 - create IPUIPlugin
2024-11-26 11:59:09,468 [INFO] PluginManager:220 - loadIPPluginJar : add ltdc
2024-11-26 11:59:09,469 [INFO] IPUIPlugin:80 - create IPUIPlugin
2024-11-26 11:59:09,469 [INFO] PluginManager:220 - loadIPPluginJar : add openamp
2024-11-26 11:59:09,471 [INFO] IPUIPlugin:80 - create IPUIPlugin
2024-11-26 11:59:09,471 [INFO] PluginManager:220 - loadIPPluginJar : add i2c
2024-11-26 11:59:09,472 [INFO] IPUIPlugin:80 - create IPUIPlugin
2024-11-26 11:59:09,472 [INFO] PluginManager:220 - loadIPPluginJar : add pdm2pcm
2024-11-26 11:59:09,474 [INFO] IPUIPlugin:80 - create IPUIPlugin
2024-11-26 11:59:09,475 [INFO] PluginManager:220 - loadIPPluginJar : add fmc
2024-11-26 11:59:09,476 [INFO] IPUIPlugin:80 - create IPUIPlugin
2024-11-26 11:59:09,476 [INFO] PluginManager:220 - loadIPPluginJar : add spi
2024-11-26 11:59:09,477 [INFO] IPUIPlugin:80 - create IPUIPlugin
2024-11-26 11:59:09,477 [INFO] PluginManager:220 - loadIPPluginJar : add fatfs
2024-11-26 11:59:09,478 [INFO] IPUIPlugin:80 - create IPUIPlugin
2024-11-26 11:59:09,478 [INFO] PluginManager:220 - loadIPPluginJar : add dfsdm
2024-11-26 11:59:09,482 [INFO] IPUIPlugin:80 - create IPUIPlugin
2024-11-26 11:59:09,482 [INFO] PluginManager:220 - loadIPPluginJar : add linkedlist
2024-11-26 11:59:09,483 [INFO] IPUIPlugin:80 - create IPUIPlugin
2024-11-26 11:59:09,483 [INFO] PluginManager:220 - loadIPPluginJar : add tim
2024-11-26 11:59:09,484 [INFO] IPUIPlugin:80 - create IPUIPlugin
2024-11-26 11:59:09,484 [INFO] PluginManager:220 - loadIPPluginJar : add quadspi
2024-11-26 11:59:09,486 [INFO] IPUIPlugin:80 - create IPUIPlugin
2024-11-26 11:59:09,486 [INFO] PluginManager:220 - loadIPPluginJar : add ddr_ctrl_phy
2024-11-26 11:59:09,489 [INFO] IPUIPlugin:80 - create IPUIPlugin
2024-11-26 11:59:09,491 [INFO] PluginManager:220 - loadIPPluginJar : add plateformsettings
2024-11-26 11:59:09,495 [INFO] IPUIPlugin:80 - create IPUIPlugin
2024-11-26 11:59:09,495 [INFO] PluginManager:220 - loadIPPluginJar : add mdma
2024-11-26 11:59:09,498 [INFO] IPUIPlugin:80 - create IPUIPlugin
2024-11-26 11:59:09,498 [INFO] PluginManager:220 - loadIPPluginJar : add stm32_wpan
2024-11-26 11:59:09,501 [INFO] IPUIPlugin:80 - create IPUIPlugin
2024-11-26 11:59:09,501 [INFO] PluginManager:220 - loadIPPluginJar : add freertos
2024-11-26 11:59:09,504 [INFO] IPUIPlugin:80 - create IPUIPlugin
2024-11-26 11:59:09,504 [INFO] PluginManager:220 - loadIPPluginJar : add dma
2024-11-26 11:59:09,506 [INFO] IPUIPlugin:80 - create IPUIPlugin
2024-11-26 11:59:09,506 [INFO] PluginManager:220 - loadIPPluginJar : add cryp
2024-11-26 11:59:09,507 [INFO] IPUIPlugin:80 - create IPUIPlugin
2024-11-26 11:59:09,507 [INFO] PluginManager:220 - loadIPPluginJar : add gfxmmu
2024-11-26 11:59:09,509 [INFO] IPUIPlugin:80 - create IPUIPlugin
2024-11-26 11:59:09,509 [INFO] PluginManager:220 - loadIPPluginJar : add sai
2024-11-26 11:59:09,510 [INFO] IPUIPlugin:80 - create IPUIPlugin
2024-11-26 11:59:09,510 [INFO] PluginManager:220 - loadIPPluginJar : add ucpd
2024-11-26 11:59:09,512 [INFO] IPUIPlugin:80 - create IPUIPlugin
2024-11-26 11:59:09,512 [INFO] PluginManager:220 - loadIPPluginJar : add usart
2024-11-26 11:59:09,513 [INFO] IPUIPlugin:80 - create IPUIPlugin
2024-11-26 11:59:09,513 [INFO] PluginManager:220 - loadIPPluginJar : add aes
2024-11-26 11:59:09,514 [INFO] IPUIPlugin:80 - create IPUIPlugin
2024-11-26 11:59:09,515 [INFO] PluginManager:220 - loadIPPluginJar : add i2s
2024-11-26 11:59:09,517 [INFO] IPUIPlugin:80 - create IPUIPlugin
2024-11-26 11:59:09,517 [INFO] PluginManager:220 - loadIPPluginJar : add gpio
2024-11-26 11:59:09,520 [INFO] IPUIPlugin:80 - create IPUIPlugin
2024-11-26 11:59:09,520 [INFO] PluginManager:220 - loadIPPluginJar : add gic
2024-11-26 11:59:09,522 [INFO] IPUIPlugin:80 - create IPUIPlugin
2024-11-26 11:59:09,522 [INFO] PluginManager:220 - loadIPPluginJar : add ipddr
2024-11-26 11:59:09,523 [INFO] IPUIPlugin:80 - create IPUIPlugin
2024-11-26 11:59:09,523 [INFO] PluginManager:220 - loadIPPluginJar : add tsc
2024-11-26 11:59:09,525 [INFO] IPUIPlugin:80 - create IPUIPlugin
2024-11-26 11:59:09,525 [INFO] PluginManager:220 - loadIPPluginJar : add resmgrutility
2024-11-26 11:59:09,527 [INFO] IPUIPlugin:80 - create IPUIPlugin
2024-11-26 11:59:09,528 [INFO] PluginManager:220 - loadIPPluginJar : add usbx
2024-11-26 11:59:09,529 [INFO] IPUIPlugin:80 - create IPUIPlugin
2024-11-26 11:59:09,529 [INFO] PluginManager:220 - loadIPPluginJar : add radio
2024-11-26 11:59:09,531 [INFO] IPUIPlugin:80 - create IPUIPlugin
2024-11-26 11:59:09,531 [INFO] PluginManager:220 - loadIPPluginJar : add opamp
2024-11-26 11:59:09,624 [INFO] CADModel:165 - CPN selected for project level
2024-11-26 11:59:09,624 [INFO] CADModel:114 - Register for checkConnection events
2024-11-26 11:59:09,625 [FATAL] Updater:334 - Updater called before beeing initialized
2024-11-26 11:59:09,625 [ERROR] CADModel:125 - Updater not yet initialized, retry later 
2024-11-26 11:59:09,693 [INFO] CADModel:165 - CPN selected for project level
2024-11-26 11:59:09,693 [INFO] CADModel:114 - Register for checkConnection events
2024-11-26 11:59:09,693 [FATAL] Updater:334 - Updater called before beeing initialized
2024-11-26 11:59:09,693 [ERROR] CADModel:125 - Updater not yet initialized, retry later 
2024-11-26 11:59:09,695 [FATAL] Updater:334 - Updater called before beeing initialized
2024-11-26 11:59:09,745 [FATAL] Updater:334 - Updater called before beeing initialized
2024-11-26 11:59:09,748 [INFO] DbMcusAds:53 - JSON generation date=Fri Sep 20 18:34:38 IST 2024 (1726837478367)
2024-11-26 11:59:09,748 [FATAL] Updater:334 - Updater called before beeing initialized
2024-11-26 11:59:09,769 [WARN] DetailPanel:346 - Failed to get advertising image, set to default
2024-11-26 11:59:09,829 [FATAL] Updater:334 - Updater called before beeing initialized
2024-11-26 11:59:09,831 [FATAL] Updater:334 - Updater called before beeing initialized
2024-11-26 11:59:09,831 [FATAL] Updater:334 - Updater called before beeing initialized
2024-11-26 11:59:09,831 [WARN] DetailPanel:346 - Failed to get advertising image, set to default
2024-11-26 11:59:09,832 [FATAL] Updater:334 - Updater called before beeing initialized
2024-11-26 11:59:09,852 [ERROR] Updater:1164 - MainUpdater not yet initialized. External WinMGr cannot be set.
2024-11-26 11:59:09,854 [INFO] Updater:1100 - Updater Version found : 6.12.1
2024-11-26 11:59:09,863 [INFO] ApplicationProperties:184 - Using Application install path: /opt/st/stm32cubeide_1.16.1/plugins/com.st.stm32cube.common.mx_6.12.1.202409122256
2024-11-26 11:59:10,091 [INFO] MainUpdater:2873 - connection check result : 10
2024-11-26 11:59:10,092 [INFO] MainUpdater:290 - Updater Check For Update Now.
2024-11-26 11:59:10,092 [INFO] MicroXplorer:498 - Change Database Version : DB.6.0.121
2024-11-26 11:59:10,095 [INFO] McuFinderGlobals:63 - Set McuFinder mode to 2 (CubeIDE integrated)
2024-11-26 11:59:10,095 [INFO] UserAuth:417 - Internet connection configuration mode: 1
2024-11-26 11:59:10,102 [INFO] JxBrowserEngine:152 - Initiate JxBrowser Engine with user profile folder
2024-11-26 11:59:10,243 [INFO] CheckServerUpdateThread:120 - End of CheckServer Thread
2024-11-26 11:59:10,500 [INFO] WebApp:167 - Instantiating new browser for Auth
2024-11-26 11:59:11,034 [INFO] WebApp:448 - Apply proxy settings
2024-11-26 11:59:11,035 [INFO] WebApp:533 - Chromium requires no authentication
2024-11-26 11:59:11,040 [INFO] WebApp:476 - Direct internet connection detected
2024-11-26 11:59:11,051 [INFO] WebApp:869 - Register for checkConnection events
2024-11-26 11:59:11,051 [INFO] WebApp:448 - Apply proxy settings
2024-11-26 11:59:11,051 [INFO] WebApp:533 - Chromium requires no authentication
2024-11-26 11:59:11,052 [INFO] WebApp:476 - Direct internet connection detected
2024-11-26 11:59:11,133 [INFO] WebApp:220 - Starting web application
2024-11-26 11:59:11,133 [INFO] WebApp:578 - Web application path used /opt/st/stm32cubeide_1.16.1/plugins/com.st.stm32cube.common.mx_6.12.1.202409122256/db/plugins/mcufinder/reactClient1/index.html
2024-11-26 11:59:11,201 [INFO] UserAuth:417 - Internet connection configuration mode: 1
2024-11-26 11:59:11,366 [INFO] WebApp:186 - Connection restablished
2024-11-26 11:59:12,201 [WARN] PackLoader:240 - Cannot read IP mode file for STMicroelectronics.FP-SNS-MOTENVWB1.1.4.0
2024-11-26 11:59:12,208 [WARN] PackLoader:240 - Cannot read IP mode file for STMicroelectronics.FP-ATR-ASTRA1.2.0.1
2024-11-26 11:59:12,212 [WARN] PackLoader:240 - Cannot read IP mode file for STMicroelectronics.X-CUBE-SMBUS.2.1.0
2024-11-26 11:59:12,217 [WARN] PackLoader:240 - Cannot read IP mode file for STMicroelectronics.X-CUBE-WB05N.1.1.0
2024-11-26 11:59:12,238 [WARN] PackLoader:240 - Cannot read IP mode file for STMicroelectronics.X-CUBE-AZRTOS-F7.1.1.0
2024-11-26 11:59:12,288 [WARN] PackLoader:240 - Cannot read IP mode file for STMicroelectronics.X-CUBE-MEMS1.11.0.0
2024-11-26 11:59:12,453 [WARN] PackLoader:240 - Cannot read IP mode file for STMicroelectronics.FP-SNS-FLIGHT1.5.0.2
2024-11-26 11:59:12,459 [WARN] PackLoader:240 - Cannot read IP mode file for STMicroelectronics.X-CUBE-DISPLAY.3.0.0
2024-11-26 11:59:12,466 [WARN] PackLoader:240 - Cannot read IP mode file for STMicroelectronics.X-CUBE-BLE1.7.0.0
2024-11-26 11:59:12,470 [WARN] PackLoader:240 - Cannot read IP mode file for STMicroelectronics.X-CUBE-NFC10.1.0.0
2024-11-26 11:59:12,475 [WARN] PackLoader:240 - Cannot read IP mode file for emotas.I-CUBE-CANOPEN.1.3.0
2024-11-26 11:59:12,481 [WARN] PackLoader:240 - Cannot read IP mode file for STMicroelectronics.X-CUBE-BLEMGR.3.1.0
2024-11-26 11:59:12,485 [WARN] PackLoader:240 - Cannot read IP mode file for STMicroelectronics.FP-SNS-SMARTAG2.1.2.0
2024-11-26 11:59:12,491 [INFO] LogOutputStream:77 - [STDOUT_REDIRECT] 1 : Invalid condition id : UX_CORESTACK_Condition cause : null
2024-11-26 11:59:12,492 [INFO] LogOutputStream:77 - [STDOUT_REDIRECT] 1 : Invalid condition id : UX_CORESTACK_Condition cause : null
2024-11-26 11:59:12,492 [INFO] LogOutputStream:77 - [STDOUT_REDIRECT] 1 : Invalid condition id : UX_CORESTACK_Condition cause : null
2024-11-26 11:59:12,492 [INFO] LogOutputStream:77 - [STDOUT_REDIRECT] 1 : Invalid condition id : UX_CORESTACK_Condition cause : null
2024-11-26 11:59:12,493 [INFO] LogOutputStream:77 - [STDOUT_REDIRECT] 1 : Invalid condition id : UX_CORESTACK_Condition cause : null
2024-11-26 11:59:12,499 [WARN] PackLoader:240 - Cannot read IP mode file for STMicroelectronics.X-CUBE-AZRTOS-WL.2.0.0
2024-11-26 11:59:12,503 [WARN] PackLoader:240 - Cannot read IP mode file for STMicroelectronics.FP-SNS-MOTENV1.5.0.0
2024-11-26 11:59:12,506 [WARN] PackLoader:240 - Cannot read IP mode file for wolfSSL.I-CUBE-wolfMQTT.1.19.0
2024-11-26 11:59:12,510 [WARN] PackLoader:240 - Cannot read IP mode file for WES.I-CUBE-Cesium.1.3.0
2024-11-26 11:59:12,513 [WARN] PackLoader:240 - Cannot read IP mode file for STMicroelectronics.X-CUBE-BLE2.3.3.0
2024-11-26 11:59:12,517 [WARN] PackLoader:240 - Cannot read IP mode file for STMicroelectronics.X-CUBE-NFC9.1.0.0
2024-11-26 11:59:12,522 [WARN] PackLoader:240 - Cannot read IP mode file for STMicroelectronics.X-CUBE-TCPP.4.1.0
2024-11-26 11:59:12,535 [WARN] PackLoader:240 - Cannot read IP mode file for STMicroelectronics.X-CUBE-AZRTOS-G0.1.1.0
2024-11-26 11:59:12,540 [WARN] PackLoader:240 - Cannot read IP mode file for STMicroelectronics.X-CUBE-SAFEA1.1.2.2
2024-11-26 11:59:12,545 [WARN] PackLoader:240 - Cannot read IP mode file for STMicroelectronics.X-CUBE-NFC4.3.0.0
2024-11-26 11:59:12,551 [WARN] PackLoader:240 - Cannot read IP mode file for EmbeddedOffice.I-CUBE-FS-RTOS.1.0.1
2024-11-26 11:59:12,552 [ERROR] ConditionMgr:805 - Attr not supported : Dmpu
2024-11-26 11:59:12,552 [ERROR] ConditionMgr:805 - Attr not supported : Dmpu
2024-11-26 11:59:12,552 [ERROR] ConditionMgr:805 - Attr not supported : Dmpu
2024-11-26 11:59:12,552 [ERROR] ConditionMgr:805 - Attr not supported : Dmpu
2024-11-26 11:59:12,552 [ERROR] ConditionMgr:805 - Attr not supported : Dmpu
2024-11-26 11:59:12,553 [ERROR] ConditionMgr:805 - Attr not supported : Dmpu
2024-11-26 11:59:12,553 [ERROR] ConditionMgr:805 - Attr not supported : Dmpu
2024-11-26 11:59:12,553 [ERROR] ConditionMgr:805 - Attr not supported : Dmpu
2024-11-26 11:59:12,553 [ERROR] ConditionMgr:805 - Attr not supported : Dmpu
2024-11-26 11:59:12,553 [ERROR] ConditionMgr:805 - Attr not supported : Dmpu
2024-11-26 11:59:12,553 [ERROR] ConditionMgr:805 - Attr not supported : Dmpu
2024-11-26 11:59:12,553 [ERROR] ConditionMgr:805 - Attr not supported : Dmpu
2024-11-26 11:59:12,553 [ERROR] ConditionMgr:805 - Attr not supported : Dmpu
2024-11-26 11:59:12,554 [ERROR] ConditionMgr:805 - Attr not supported : Dmpu
2024-11-26 11:59:12,554 [ERROR] ConditionMgr:805 - Attr not supported : Dmpu
2024-11-26 11:59:12,554 [ERROR] ConditionMgr:805 - Attr not supported : Dmpu
2024-11-26 11:59:12,554 [ERROR] ConditionMgr:805 - Attr not supported : Dmpu
2024-11-26 11:59:12,554 [ERROR] ConditionMgr:805 - Attr not supported : Dmpu
2024-11-26 11:59:12,554 [ERROR] ConditionMgr:805 - Attr not supported : Dmpu
2024-11-26 11:59:12,554 [ERROR] ConditionMgr:805 - Attr not supported : Dmpu
2024-11-26 11:59:12,554 [ERROR] ConditionMgr:805 - Attr not supported : Dmpu
2024-11-26 11:59:12,554 [ERROR] ConditionMgr:805 - Attr not supported : Dmpu
2024-11-26 11:59:12,554 [ERROR] ConditionMgr:805 - Attr not supported : Dmpu
2024-11-26 11:59:12,555 [ERROR] ConditionMgr:805 - Attr not supported : Dmpu
2024-11-26 11:59:12,555 [ERROR] ConditionMgr:805 - Attr not supported : Dmpu
2024-11-26 11:59:12,555 [ERROR] ConditionMgr:805 - Attr not supported : Dmpu
2024-11-26 11:59:12,555 [ERROR] ConditionMgr:805 - Attr not supported : Dmpu
2024-11-26 11:59:12,555 [ERROR] ConditionMgr:805 - Attr not supported : Dmpu
2024-11-26 11:59:12,555 [ERROR] ConditionMgr:805 - Attr not supported : Dmpu
2024-11-26 11:59:12,555 [ERROR] ConditionMgr:805 - Attr not supported : Dmpu
2024-11-26 11:59:12,555 [ERROR] ConditionMgr:805 - Attr not supported : Dmpu
2024-11-26 11:59:12,556 [ERROR] ConditionMgr:805 - Attr not supported : Dmpu
2024-11-26 11:59:12,556 [ERROR] ConditionMgr:805 - Attr not supported : Dmpu
2024-11-26 11:59:12,556 [ERROR] ConditionMgr:805 - Attr not supported : Dmpu
2024-11-26 11:59:12,556 [ERROR] ConditionMgr:805 - Attr not supported : Dmpu
2024-11-26 11:59:12,556 [ERROR] ConditionMgr:805 - Attr not supported : Dmpu
2024-11-26 11:59:12,556 [ERROR] ConditionMgr:805 - Attr not supported : Dmpu
2024-11-26 11:59:12,556 [ERROR] ConditionMgr:805 - Attr not supported : Dmpu
2024-11-26 11:59:12,556 [ERROR] ConditionMgr:805 - Attr not supported : Dmpu
2024-11-26 11:59:12,557 [ERROR] ConditionMgr:805 - Attr not supported : Dmpu
2024-11-26 11:59:12,557 [ERROR] ConditionMgr:805 - Attr not supported : Dmpu
2024-11-26 11:59:12,557 [ERROR] ConditionMgr:805 - Attr not supported : Dmpu
2024-11-26 11:59:12,557 [ERROR] ConditionMgr:805 - Attr not supported : Dmpu
2024-11-26 11:59:12,557 [ERROR] ConditionMgr:805 - Attr not supported : Dmpu
2024-11-26 11:59:12,557 [ERROR] ConditionMgr:805 - Attr not supported : Dmpu
2024-11-26 11:59:12,557 [ERROR] ConditionMgr:805 - Attr not supported : Dmpu
2024-11-26 11:59:12,558 [ERROR] ConditionMgr:805 - Attr not supported : Dmpu
2024-11-26 11:59:12,558 [ERROR] ConditionMgr:805 - Attr not supported : Dmpu
2024-11-26 11:59:12,558 [ERROR] ConditionMgr:805 - Attr not supported : Dmpu
2024-11-26 11:59:12,558 [ERROR] ConditionMgr:805 - Attr not supported : Dmpu
2024-11-26 11:59:12,558 [ERROR] ConditionMgr:805 - Attr not supported : Dmpu
2024-11-26 11:59:12,558 [ERROR] ConditionMgr:805 - Attr not supported : Dmpu
2024-11-26 11:59:12,558 [ERROR] ConditionMgr:805 - Attr not supported : Dmpu
2024-11-26 11:59:12,558 [ERROR] ConditionMgr:805 - Attr not supported : Dmpu
2024-11-26 11:59:12,559 [ERROR] ConditionMgr:805 - Attr not supported : Dmpu
2024-11-26 11:59:12,559 [ERROR] ConditionMgr:805 - Attr not supported : Dmpu
2024-11-26 11:59:12,559 [ERROR] ConditionMgr:805 - Attr not supported : Dmpu
2024-11-26 11:59:12,559 [ERROR] ConditionMgr:805 - Attr not supported : Dmpu
2024-11-26 11:59:12,559 [ERROR] ConditionMgr:805 - Attr not supported : Dmpu
2024-11-26 11:59:12,559 [ERROR] ConditionMgr:805 - Attr not supported : Dmpu
2024-11-26 11:59:12,559 [ERROR] ConditionMgr:805 - Attr not supported : Dmpu
2024-11-26 11:59:12,559 [ERROR] ConditionMgr:805 - Attr not supported : Dmpu
2024-11-26 11:59:12,560 [ERROR] ConditionMgr:805 - Attr not supported : Dmpu
2024-11-26 11:59:12,560 [ERROR] ConditionMgr:805 - Attr not supported : Dmpu
2024-11-26 11:59:12,562 [WARN] PackLoader:240 - Cannot read IP mode file for RealThread.X-CUBE-RT-Thread_Nano.4.1.1
2024-11-26 11:59:12,565 [WARN] PackLoader:240 - Cannot read IP mode file for STMicroelectronics.FP-ATR-SIGFOX1.3.2.0
2024-11-26 11:59:12,567 [WARN] ConditionMgr:438 - getConditionDescription Invalid condition id : Cortex-A Device cause : null
2024-11-26 11:59:12,577 [WARN] ConditionMgr:1039 - genDependencies : Invalid condition id : Cortex-A Device cause : null
2024-11-26 11:59:12,577 [WARN] ConditionMgr:1039 - genDependencies : Invalid condition id : Cortex-A Device cause : null
2024-11-26 11:59:12,577 [WARN] ConditionMgr:1039 - genDependencies : Invalid condition id : Cortex-A Device cause : null
2024-11-26 11:59:12,581 [WARN] PackLoader:240 - Cannot read IP mode file for STMicroelectronics.X-CUBE-EEPRMA1.5.1.0
2024-11-26 11:59:12,585 [WARN] PackLoader:240 - Cannot read IP mode file for wolfSSL.I-CUBE-wolfSSL.5.7.4
2024-11-26 11:59:12,588 [WARN] PackLoader:240 - Cannot read IP mode file for ITTIA_DB.I-CUBE-ITTIADB.8.9.0
2024-11-26 11:59:12,604 [WARN] PackLoader:240 - Cannot read IP mode file for SEGGER.I-CUBE-embOS.1.3.1
2024-11-26 11:59:12,649 [WARN] PackLoader:240 - Cannot read IP mode file for STMicroelectronics.X-CUBE-ALGOBUILD.1.4.0
2024-11-26 11:59:12,652 [WARN] PackLoader:240 - Cannot read IP mode file for STMicroelectronics.X-CUBE-AI.9.1.0
2024-11-26 11:59:12,661 [WARN] PackLoader:240 - Cannot read IP mode file for STMicroelectronics.X-CUBE-AZRTOS-F4.1.1.0
2024-11-26 11:59:12,666 [WARN] PackLoader:240 - Cannot read IP mode file for STMicroelectronics.X-CUBE-ISPU.2.1.0
2024-11-26 11:59:12,669 [WARN] PackLoader:240 - Cannot read IP mode file for STMicroelectronics.X-CUBE-FREERTOS.1.2.0
2024-11-26 11:59:12,678 [WARN] PackLoader:240 - Cannot read IP mode file for STMicroelectronics.X-CUBE-AZRTOS-L5.2.0.0
2024-11-26 11:59:12,684 [WARN] PackLoader:240 - Cannot read IP mode file for STMicroelectronics.X-CUBE-NFC6.3.1.0
2024-11-26 11:59:12,693 [WARN] PackLoader:240 - Cannot read IP mode file for STMicroelectronics.X-CUBE-DPower.1.2.0
2024-11-26 11:59:12,697 [WARN] PackLoader:240 - Cannot read IP mode file for STMicroelectronics.X-CUBE-NFC7.1.0.1
2024-11-26 11:59:12,708 [WARN] ConditionMgr:438 - getConditionDescription Invalid condition id : LAN8742 Phy interface Condition cause : null
2024-11-26 11:59:12,709 [WARN] PackLoader:240 - Cannot read IP mode file for STMicroelectronics.X-CUBE-AZRTOS-L4.2.0.0
2024-11-26 11:59:12,711 [WARN] ConditionMgr:1039 - genDependencies : Invalid condition id : LAN8742 Phy interface Condition cause : null
2024-11-26 11:59:12,711 [WARN] ConditionMgr:1039 - genDependencies : Invalid condition id : LAN8742 Phy interface Condition cause : null
2024-11-26 11:59:12,712 [WARN] ConditionMgr:1039 - genDependencies : Invalid condition id : LAN8742 Phy interface Condition cause : null
2024-11-26 11:59:12,717 [WARN] PackLoader:240 - Cannot read IP mode file for STMicroelectronics.X-CUBE-SFXS2LP1.4.0.0
2024-11-26 11:59:12,729 [WARN] PackLoader:240 - Cannot read IP mode file for STMicroelectronics.X-CUBE-AZRTOS-H7.3.3.0
2024-11-26 11:59:12,739 [WARN] PackLoader:240 - Cannot read IP mode file for STMicroelectronics.X-CUBE-IPS.3.0.0
2024-11-26 11:59:12,760 [WARN] ConditionMgr:438 - getConditionDescription Invalid condition id : UX DEVICE CLASS RTOS Condition cause : null
2024-11-26 11:59:12,760 [WARN] ConditionMgr:438 - getConditionDescription Invalid condition id : UX DEVICE CLASS RTOS Condition cause : null
2024-11-26 11:59:12,763 [WARN] PackLoader:240 - Cannot read IP mode file for STMicroelectronics.X-CUBE-AZRTOS-WB.2.0.0
2024-11-26 11:59:12,764 [WARN] ConditionMgr:1039 - genDependencies : Invalid condition id : UX DEVICE CLASS RTOS Condition cause : null
2024-11-26 11:59:12,764 [WARN] ConditionMgr:1039 - genDependencies : Invalid condition id : UX DEVICE CLASS RTOS Condition cause : null
2024-11-26 11:59:12,765 [WARN] ConditionMgr:1039 - genDependencies : Invalid condition id : UX DEVICE CLASS RTOS Condition cause : null
2024-11-26 11:59:12,765 [WARN] ConditionMgr:1039 - genDependencies : Invalid condition id : UX DEVICE CLASS RTOS Condition cause : null
2024-11-26 11:59:12,765 [WARN] ConditionMgr:1039 - genDependencies : Invalid condition id : UX DEVICE CLASS RTOS Condition cause : null
2024-11-26 11:59:12,772 [WARN] PackLoader:240 - Cannot read IP mode file for STMicroelectronics.X-CUBE-GNSS1.7.0.0
2024-11-26 11:59:12,777 [WARN] PackLoader:240 - Cannot read IP mode file for STMicroelectronics.FP-SNS-STBOX1.2.0.0
2024-11-26 11:59:12,786 [WARN] PackLoader:240 - Cannot read IP mode file for STMicroelectronics.X-CUBE-SUBG2.5.0.0
2024-11-26 11:59:12,793 [WARN] PackLoader:240 - Cannot read IP mode file for Cesanta.I-CUBE-Mongoose.7.13.0
2024-11-26 11:59:12,800 [WARN] PackLoader:240 - Cannot read IP mode file for STMicroelectronics.X-CUBE-AZRTOS-G4.2.0.0
2024-11-26 11:59:12,804 [WARN] PackLoader:240 - Cannot read IP mode file for STMicroelectronics.X-CUBE-ALS.1.0.2
2024-11-26 11:59:12,809 [WARN] PackLoader:240 - Cannot read IP mode file for STMicroelectronics.X-CUBE-TOUCHGFX.4.24.1
2024-11-26 11:59:12,838 [WARN] PackLoader:240 - Cannot read IP mode file for wolfSSL.I-CUBE-wolfTPM.3.4.0
2024-11-26 11:59:12,847 [WARN] PackLoader:240 - Cannot read IP mode file for portGmbH.I-Cube-SoM-uGOAL.1.1.0
2024-11-26 11:59:12,874 [WARN] PackLoader:240 - Cannot read IP mode file for STMicroelectronics.X-CUBE-AZRTOS-H7RS.1.0.0
2024-11-26 11:59:12,891 [WARN] PackLoader:240 - Cannot read IP mode file for STMicroelectronics.X-CUBE-TOF1.3.4.2
2024-11-26 11:59:12,960 [WARN] PackLoader:240 - Cannot read IP mode file for Infineon.AIROC-Wi-Fi-Bluetooth-STM32.1.6.1
2024-11-26 11:59:12,970 [WARN] PackLoader:240 - Cannot read IP mode file for wolfSSL.I-CUBE-wolfSSH.1.4.17
2024-11-26 11:59:12,971 [INFO] ThirdParty:978 - Integrity check success = true
2024-11-26 11:59:12,972 [INFO] IntegrityCheckThread:100 - exiting critical section [integrity check]
2024-11-26 11:59:12,973 [INFO] IntegrityCheckThread:103 - End integrity checks thread
2024-11-26 14:02:09,097 [INFO] WebApp:189 - Connection lost
