2024-11-24 12:12:07,383 [INFO] Activator:176 - 


2024-11-24 12:12:07,386 [INFO] Activator:177 - !SESSION log4j initialized
2024-11-24 12:12:08,845 [INFO] LogOutputStream:77 - [STDOUT_REDIRECT] 
2024-11-24 12:12:11,578 [INFO] ApplicationProperties:184 - Using Application install path: /opt/st/stm32cubeide_1.16.1/plugins/com.st.stm32cube.common.mx_6.12.1.202409122256
2024-11-24 12:12:11,591 [INFO] DbMcusXml:78 - Set database path to: /opt/st/stm32cubeide_1.16.1/plugins/com.st.stm32cube.common.mx_6.12.1.202409122256//db//mcu/
2024-11-24 12:12:11,591 [INFO] ApiDb:274 - Set plugin database path to: /opt/st/stm32cubeide_1.16.1/plugins/com.st.stm32cube.common.mx_6.12.1.202409122256//db//plugins/boardmanager/
2024-11-24 12:12:11,591 [WARN] ApiDb:259 - Overriding images path with different value:  => /opt/st/stm32cubeide_1.16.1/plugins/com.st.stm32cube.common.mx_6.12.1.202409122256//db//plugins/mcufinder/images/
2024-11-24 12:12:12,137 [WARN] ApiFinderProperties:113 - /home/sharad/.stmcufinder/plugins/mcufinder/mcu/mcuFinder.mfd doesn't exist
2024-11-24 12:12:12,137 [INFO] ApiDb:250 - Set database path to: /home/sharad/.stmcufinder/plugins/mcufinder//mcu/
2024-11-24 12:12:12,138 [INFO] DbMcusAds:125 - Set database path to: /home/sharad/.stmcufinder/plugins/mcufinder//mcu/
2024-11-24 12:12:12,140 [INFO] CrossReferenceDbSqlite:203 - Set database path to: /home/sharad/.stmcufinder/plugins/mcufinder//mcu/cs/
2024-11-24 12:12:12,211 [INFO] RulesReader:64 - Compatibility file has been processed (297 Rules)
2024-11-24 12:12:12,252 [INFO] DbMcusXml:78 - Set database path to: /opt/st/stm32cubeide_1.16.1/plugins/com.st.stm32cube.common.mx_6.12.1.202409122256//db//mcu/
2024-11-24 12:12:12,252 [INFO] ApiDb:274 - Set plugin database path to: /opt/st/stm32cubeide_1.16.1/plugins/com.st.stm32cube.common.mx_6.12.1.202409122256//db//plugins/boardmanager/
2024-11-24 12:12:12,252 [INFO] ApiDb:261 - Set plugin images path to: /opt/st/stm32cubeide_1.16.1/plugins/com.st.stm32cube.common.mx_6.12.1.202409122256//db//plugins/mcufinder/images/
2024-11-24 12:12:12,252 [WARN] DbFile:41 - Overriding database path with different value: /home/sharad/.stmcufinder/plugins/mcufinder/ => /home/sharad/.stmcufinder/plugins/mcufinder
2024-11-24 12:12:12,252 [INFO] ApiDb:250 - Set database path to: /home/sharad/.stmcufinder/plugins/mcufinder//mcu/
2024-11-24 12:12:12,252 [WARN] DbFile:41 - Overriding database path with different value: /home/sharad/.stmcufinder/plugins/mcufinder/ => /home/sharad/.stmcufinder/plugins/mcufinder
2024-11-24 12:12:12,252 [INFO] DbMcusAds:125 - Set database path to: /home/sharad/.stmcufinder/plugins/mcufinder//mcu/
2024-11-24 12:12:12,252 [WARN] DbFile:41 - Overriding database path with different value: /home/sharad/.stmcufinder/plugins/mcufinder/ => /home/sharad/.stmcufinder/plugins/mcufinder
2024-11-24 12:12:12,253 [WARN] DbFile:41 - Overriding database path with different value: /home/sharad/.stmcufinder/plugins/mcufinder/ => /home/sharad/.stmcufinder/plugins/mcufinder
2024-11-24 12:12:12,253 [INFO] CrossReferenceDbSqlite:203 - Set database path to: /home/sharad/.stmcufinder/plugins/mcufinder//mcu/cs/
2024-11-24 12:12:12,314 [INFO] MainPanel:268 - HeapMemory: 268435456
2024-11-24 12:12:12,554 [INFO] DbMcusXml:78 - Set database path to: /opt/st/stm32cubeide_1.16.1/plugins/com.st.stm32cube.common.mx_6.12.1.202409122256//db//mcu/
2024-11-24 12:12:12,554 [INFO] ApiDb:274 - Set plugin database path to: /opt/st/stm32cubeide_1.16.1/plugins/com.st.stm32cube.common.mx_6.12.1.202409122256//db//plugins/boardmanager/
2024-11-24 12:12:12,554 [INFO] ApiDb:261 - Set plugin images path to: /opt/st/stm32cubeide_1.16.1/plugins/com.st.stm32cube.common.mx_6.12.1.202409122256//db//plugins/mcufinder/images/
2024-11-24 12:12:12,554 [WARN] DbFile:41 - Overriding database path with different value: /home/sharad/.stmcufinder/plugins/mcufinder/ => /home/sharad/.stmcufinder/plugins/mcufinder
2024-11-24 12:12:12,554 [INFO] ApiDb:250 - Set database path to: /home/sharad/.stmcufinder/plugins/mcufinder//mcu/
2024-11-24 12:12:12,554 [WARN] DbFile:41 - Overriding database path with different value: /home/sharad/.stmcufinder/plugins/mcufinder/ => /home/sharad/.stmcufinder/plugins/mcufinder
2024-11-24 12:12:12,554 [INFO] DbMcusAds:125 - Set database path to: /home/sharad/.stmcufinder/plugins/mcufinder//mcu/
2024-11-24 12:12:12,554 [WARN] DbFile:41 - Overriding database path with different value: /home/sharad/.stmcufinder/plugins/mcufinder/ => /home/sharad/.stmcufinder/plugins/mcufinder
2024-11-24 12:12:12,555 [WARN] DbFile:41 - Overriding database path with different value: /home/sharad/.stmcufinder/plugins/mcufinder/ => /home/sharad/.stmcufinder/plugins/mcufinder
2024-11-24 12:12:12,555 [INFO] CrossReferenceDbSqlite:203 - Set database path to: /home/sharad/.stmcufinder/plugins/mcufinder//mcu/cs/
2024-11-24 12:12:12,567 [INFO] ApplicationProperties:184 - Using Application install path: /opt/st/stm32cubeide_1.16.1/plugins/com.st.stm32cube.common.mx_6.12.1.202409122256
2024-11-24 12:12:12,568 [INFO] PluginManage:196 - Search for loadable plugins [exclusion list=, ]
2024-11-24 12:12:12,569 [INFO] PluginManage:310 - Check plugin analytics
2024-11-24 12:12:12,676 [INFO] AnalyticsPlugin:253 - Accepted Software Licenses: 
2024-11-24 12:12:12,676 [INFO] AnalyticsPlugin:255 - Accepted CMSIS Pack Licenses: 
2024-11-24 12:12:12,677 [INFO] AnalyticsPlugin:257 - Accepted Firmware Licenses: 
2024-11-24 12:12:12,679 [INFO] PluginManage:359 - Loaded plugin analytics (category:tool,tabindex:-1)
2024-11-24 12:12:12,680 [INFO] PluginManage:310 - Check plugin cadmodel
2024-11-24 12:12:12,684 [INFO] CADModel:105 - Init CAD model plugin
2024-11-24 12:12:12,684 [INFO] PluginManage:359 - Loaded plugin cadmodel (category:power,tabindex:5)
2024-11-24 12:12:12,684 [INFO] PluginManage:310 - Check plugin clock
2024-11-24 12:12:12,691 [INFO] PluginManage:359 - Loaded plugin clock (category:base,tabindex:2)
2024-11-24 12:12:12,692 [INFO] PluginManage:310 - Check plugin ddr
2024-11-24 12:12:12,693 [INFO] PluginManage:359 - Loaded plugin ddr (category:tool,tabindex:6)
2024-11-24 12:12:12,694 [INFO] PluginManage:310 - Check plugin filemanager
2024-11-24 12:12:12,826 [INFO] PluginManage:359 - Loaded plugin filemanager (category:base,tabindex:10)
2024-11-24 12:12:12,827 [INFO] PluginManage:310 - Check plugin ipmanager
2024-11-24 12:12:12,832 [INFO] PluginManage:359 - Loaded plugin ipmanager (category:base,tabindex:5)
2024-11-24 12:12:12,832 [INFO] PluginManage:310 - Check plugin lpbam
2024-11-24 12:12:12,839 [INFO] PluginManage:359 - Loaded plugin lpbam (category:base,tabindex:0)
2024-11-24 12:12:12,839 [INFO] PluginManage:310 - Check plugin memorymap
2024-11-24 12:12:12,849 [INFO] PluginManage:359 - Loaded plugin memorymap (category:base,tabindex:4)
2024-11-24 12:12:12,849 [INFO] PluginManage:310 - Check plugin pinoutandconfiguration
2024-11-24 12:12:12,855 [INFO] PluginManage:359 - Loaded plugin pinoutandconfiguration (category:base,tabindex:1)
2024-11-24 12:12:12,856 [INFO] PluginManage:310 - Check plugin pinoutconfig
2024-11-24 12:12:12,931 [WARN] SupportedApi:132 - Cannot load RTOS API schema: s4s-elt-must-match.1: The content of 'definitions' must match (annotation?, (simpleType | complexType)?, (unique | key | keyref)*)). A problem was found starting at: attribute.
2024-11-24 12:12:13,036 [INFO] PluginManage:359 - Loaded plugin pinoutconfig (category:base,tabindex:0)
2024-11-24 12:12:13,037 [INFO] PluginManage:310 - Check plugin power
2024-11-24 12:12:13,042 [INFO] PluginManage:359 - Loaded plugin power (category:power,tabindex:4)
2024-11-24 12:12:13,042 [INFO] PluginManage:310 - Check plugin projectmanager
2024-11-24 12:12:13,056 [INFO] PluginManage:359 - Loaded plugin projectmanager (category:projectmanager,tabindex:4)
2024-11-24 12:12:13,056 [INFO] PluginManage:310 - Check plugin rif
2024-11-24 12:12:13,060 [INFO] PluginManage:359 - Loaded plugin rif (category:base,tabindex:3)
2024-11-24 12:12:13,060 [INFO] PluginManage:310 - Check plugin thirdparty
2024-11-24 12:12:13,149 [INFO] PluginManage:359 - Loaded plugin thirdparty (category:base,tabindex:-1)
2024-11-24 12:12:13,149 [WARN] IntegrityCheckThread:84 - waiting for thirdparty lock release [integrity check]
2024-11-24 12:12:13,149 [INFO] PluginManage:310 - Check plugin tools
2024-11-24 12:12:13,149 [INFO] IntegrityCheckThread:86 - entering critical section [integrity check]
2024-11-24 12:12:13,149 [INFO] ThirdPartyUpdaterWithRetryManager:70 - Updater plugin not ready yet. [1/15]
2024-11-24 12:12:13,150 [INFO] PluginManage:359 - Loaded plugin tools (category:base,tabindex:7)
2024-11-24 12:12:13,150 [INFO] PluginManage:310 - Check plugin tutovideos
2024-11-24 12:12:13,298 [INFO] PluginManage:359 - Loaded plugin tutovideos (category:base,tabindex:-1)
2024-11-24 12:12:13,298 [INFO] PluginManage:310 - Check plugin updater
2024-11-24 12:12:13,313 [INFO] PluginManage:359 - Loaded plugin updater (category:base,tabindex:12)
2024-11-24 12:12:13,314 [INFO] PluginManage:310 - Check plugin userauth
2024-11-24 12:12:13,319 [INFO] UserAuth:113 - Init User Auth plugin
2024-11-24 12:12:13,319 [INFO] PluginManage:359 - Loaded plugin userauth (category:base,tabindex:14)
2024-11-24 12:12:13,319 [INFO] PluginManage:283 - PluginManage : Loaded plugins [18]
2024-11-24 12:12:13,476 [INFO] PinOutPanel:1561 - setPackage(No Configuration,No Configuration)
2024-11-24 12:12:13,539 [INFO] CADModel:165 - CPN selected for project level
2024-11-24 12:12:13,539 [INFO] CADModel:114 - Register for checkConnection events
2024-11-24 12:12:13,548 [INFO] IPUIPlugin:80 - create IPUIPlugin
2024-11-24 12:12:13,548 [INFO] PluginManager:220 - loadIPPluginJar : add gtzc
2024-11-24 12:12:13,550 [INFO] IPUIPlugin:80 - create IPUIPlugin
2024-11-24 12:12:13,550 [INFO] PluginManager:220 - loadIPPluginJar : add comp
2024-11-24 12:12:13,553 [INFO] IPUIPlugin:80 - create IPUIPlugin
2024-11-24 12:12:13,553 [INFO] PluginManager:220 - loadIPPluginJar : add hash
2024-11-24 12:12:13,554 [INFO] IPUIPlugin:80 - create IPUIPlugin
2024-11-24 12:12:13,555 [INFO] PluginManager:220 - loadIPPluginJar : add dma3
2024-11-24 12:12:13,557 [INFO] IPUIPlugin:80 - create IPUIPlugin
2024-11-24 12:12:13,557 [INFO] PluginManager:220 - loadIPPluginJar : add touchsensing
2024-11-24 12:12:13,558 [INFO] IPUIPlugin:80 - create IPUIPlugin
2024-11-24 12:12:13,558 [INFO] PluginManager:220 - loadIPPluginJar : add lorawan
2024-11-24 12:12:13,560 [INFO] IPUIPlugin:80 - create IPUIPlugin
2024-11-24 12:12:13,560 [INFO] PluginManager:220 - loadIPPluginJar : add ts
2024-11-24 12:12:13,560 [INFO] IPUIPlugin:80 - create IPUIPlugin
2024-11-24 12:12:13,560 [INFO] PluginManager:220 - loadIPPluginJar : add genericplugin
2024-11-24 12:12:13,562 [INFO] IPUIPlugin:80 - create IPUIPlugin
2024-11-24 12:12:13,562 [INFO] PluginManager:220 - loadIPPluginJar : add tracer_emb
2024-11-24 12:12:13,565 [INFO] IPUIPlugin:80 - create IPUIPlugin
2024-11-24 12:12:13,565 [INFO] PluginManager:220 - loadIPPluginJar : add extmemmanager
2024-11-24 12:12:13,567 [INFO] IPUIPlugin:80 - create IPUIPlugin
2024-11-24 12:12:13,567 [INFO] PluginManager:220 - loadIPPluginJar : add can
2024-11-24 12:12:13,569 [INFO] IPUIPlugin:80 - create IPUIPlugin
2024-11-24 12:12:13,569 [INFO] PluginManager:220 - loadIPPluginJar : add nvic
2024-11-24 12:12:13,574 [INFO] IPUIPlugin:80 - create IPUIPlugin
2024-11-24 12:12:13,575 [INFO] PluginManager:220 - loadIPPluginJar : add adc
2024-11-24 12:12:13,576 [INFO] IPUIPlugin:80 - create IPUIPlugin
2024-11-24 12:12:13,577 [INFO] PluginManager:220 - loadIPPluginJar : add i3c
2024-11-24 12:12:13,578 [INFO] IPUIPlugin:80 - create IPUIPlugin
2024-11-24 12:12:13,578 [INFO] PluginManager:220 - loadIPPluginJar : add ltdc
2024-11-24 12:12:13,580 [INFO] IPUIPlugin:80 - create IPUIPlugin
2024-11-24 12:12:13,581 [INFO] PluginManager:220 - loadIPPluginJar : add openamp
2024-11-24 12:12:13,582 [INFO] IPUIPlugin:80 - create IPUIPlugin
2024-11-24 12:12:13,582 [INFO] PluginManager:220 - loadIPPluginJar : add i2c
2024-11-24 12:12:13,585 [INFO] IPUIPlugin:80 - create IPUIPlugin
2024-11-24 12:12:13,585 [INFO] PluginManager:220 - loadIPPluginJar : add pdm2pcm
2024-11-24 12:12:13,588 [INFO] IPUIPlugin:80 - create IPUIPlugin
2024-11-24 12:12:13,588 [INFO] PluginManager:220 - loadIPPluginJar : add fmc
2024-11-24 12:12:13,589 [INFO] IPUIPlugin:80 - create IPUIPlugin
2024-11-24 12:12:13,589 [INFO] PluginManager:220 - loadIPPluginJar : add spi
2024-11-24 12:12:13,590 [INFO] IPUIPlugin:80 - create IPUIPlugin
2024-11-24 12:12:13,590 [INFO] PluginManager:220 - loadIPPluginJar : add fatfs
2024-11-24 12:12:13,592 [INFO] IPUIPlugin:80 - create IPUIPlugin
2024-11-24 12:12:13,592 [INFO] PluginManager:220 - loadIPPluginJar : add dfsdm
2024-11-24 12:12:13,599 [INFO] IPUIPlugin:80 - create IPUIPlugin
2024-11-24 12:12:13,600 [INFO] PluginManager:220 - loadIPPluginJar : add linkedlist
2024-11-24 12:12:13,601 [INFO] IPUIPlugin:80 - create IPUIPlugin
2024-11-24 12:12:13,602 [INFO] PluginManager:220 - loadIPPluginJar : add tim
2024-11-24 12:12:13,603 [INFO] IPUIPlugin:80 - create IPUIPlugin
2024-11-24 12:12:13,603 [INFO] PluginManager:220 - loadIPPluginJar : add quadspi
2024-11-24 12:12:13,604 [INFO] IPUIPlugin:80 - create IPUIPlugin
2024-11-24 12:12:13,604 [INFO] PluginManager:220 - loadIPPluginJar : add ddr_ctrl_phy
2024-11-24 12:12:13,610 [INFO] IPUIPlugin:80 - create IPUIPlugin
2024-11-24 12:12:13,613 [INFO] PluginManager:220 - loadIPPluginJar : add plateformsettings
2024-11-24 12:12:13,617 [INFO] IPUIPlugin:80 - create IPUIPlugin
2024-11-24 12:12:13,618 [INFO] PluginManager:220 - loadIPPluginJar : add mdma
2024-11-24 12:12:13,621 [INFO] IPUIPlugin:80 - create IPUIPlugin
2024-11-24 12:12:13,621 [INFO] PluginManager:220 - loadIPPluginJar : add stm32_wpan
2024-11-24 12:12:13,625 [INFO] IPUIPlugin:80 - create IPUIPlugin
2024-11-24 12:12:13,625 [INFO] PluginManager:220 - loadIPPluginJar : add freertos
2024-11-24 12:12:13,631 [INFO] IPUIPlugin:80 - create IPUIPlugin
2024-11-24 12:12:13,631 [INFO] PluginManager:220 - loadIPPluginJar : add dma
2024-11-24 12:12:13,632 [INFO] IPUIPlugin:80 - create IPUIPlugin
2024-11-24 12:12:13,632 [INFO] PluginManager:220 - loadIPPluginJar : add cryp
2024-11-24 12:12:13,634 [INFO] IPUIPlugin:80 - create IPUIPlugin
2024-11-24 12:12:13,634 [INFO] PluginManager:220 - loadIPPluginJar : add gfxmmu
2024-11-24 12:12:13,635 [INFO] IPUIPlugin:80 - create IPUIPlugin
2024-11-24 12:12:13,635 [INFO] PluginManager:220 - loadIPPluginJar : add sai
2024-11-24 12:12:13,636 [INFO] IPUIPlugin:80 - create IPUIPlugin
2024-11-24 12:12:13,636 [INFO] PluginManager:220 - loadIPPluginJar : add ucpd
2024-11-24 12:12:13,638 [INFO] IPUIPlugin:80 - create IPUIPlugin
2024-11-24 12:12:13,638 [INFO] PluginManager:220 - loadIPPluginJar : add usart
2024-11-24 12:12:13,639 [INFO] IPUIPlugin:80 - create IPUIPlugin
2024-11-24 12:12:13,639 [INFO] PluginManager:220 - loadIPPluginJar : add aes
2024-11-24 12:12:13,640 [INFO] IPUIPlugin:80 - create IPUIPlugin
2024-11-24 12:12:13,640 [INFO] PluginManager:220 - loadIPPluginJar : add i2s
2024-11-24 12:12:13,642 [INFO] IPUIPlugin:80 - create IPUIPlugin
2024-11-24 12:12:13,642 [INFO] PluginManager:220 - loadIPPluginJar : add gpio
2024-11-24 12:12:13,645 [INFO] IPUIPlugin:80 - create IPUIPlugin
2024-11-24 12:12:13,645 [INFO] PluginManager:220 - loadIPPluginJar : add gic
2024-11-24 12:12:13,647 [INFO] IPUIPlugin:80 - create IPUIPlugin
2024-11-24 12:12:13,647 [INFO] PluginManager:220 - loadIPPluginJar : add ipddr
2024-11-24 12:12:13,648 [INFO] IPUIPlugin:80 - create IPUIPlugin
2024-11-24 12:12:13,648 [INFO] PluginManager:220 - loadIPPluginJar : add tsc
2024-11-24 12:12:13,649 [INFO] IPUIPlugin:80 - create IPUIPlugin
2024-11-24 12:12:13,649 [INFO] PluginManager:220 - loadIPPluginJar : add resmgrutility
2024-11-24 12:12:13,651 [INFO] IPUIPlugin:80 - create IPUIPlugin
2024-11-24 12:12:13,651 [INFO] PluginManager:220 - loadIPPluginJar : add usbx
2024-11-24 12:12:13,652 [INFO] IPUIPlugin:80 - create IPUIPlugin
2024-11-24 12:12:13,653 [INFO] PluginManager:220 - loadIPPluginJar : add radio
2024-11-24 12:12:13,654 [INFO] IPUIPlugin:80 - create IPUIPlugin
2024-11-24 12:12:13,654 [INFO] PluginManager:220 - loadIPPluginJar : add opamp
2024-11-24 12:12:13,750 [INFO] CADModel:165 - CPN selected for project level
2024-11-24 12:12:13,750 [INFO] CADModel:114 - Register for checkConnection events
2024-11-24 12:12:13,751 [FATAL] Updater:334 - Updater called before beeing initialized
2024-11-24 12:12:13,751 [ERROR] CADModel:125 - Updater not yet initialized, retry later 
2024-11-24 12:12:13,834 [INFO] CADModel:165 - CPN selected for project level
2024-11-24 12:12:13,834 [INFO] CADModel:114 - Register for checkConnection events
2024-11-24 12:12:13,834 [FATAL] Updater:334 - Updater called before beeing initialized
2024-11-24 12:12:13,834 [ERROR] CADModel:125 - Updater not yet initialized, retry later 
2024-11-24 12:12:13,836 [FATAL] Updater:334 - Updater called before beeing initialized
2024-11-24 12:12:13,895 [FATAL] Updater:334 - Updater called before beeing initialized
2024-11-24 12:12:13,900 [INFO] DbMcusAds:53 - JSON generation date=Thu Sep 30 12:25:09 IST 2021 (1632984909247)
2024-11-24 12:12:13,900 [FATAL] Updater:334 - Updater called before beeing initialized
2024-11-24 12:12:13,932 [WARN] DetailPanel:346 - Failed to get advertising image, set to default
2024-11-24 12:12:14,002 [FATAL] Updater:334 - Updater called before beeing initialized
2024-11-24 12:12:14,004 [FATAL] Updater:334 - Updater called before beeing initialized
2024-11-24 12:12:14,004 [FATAL] Updater:334 - Updater called before beeing initialized
2024-11-24 12:12:14,004 [WARN] DetailPanel:346 - Failed to get advertising image, set to default
2024-11-24 12:12:14,004 [FATAL] Updater:334 - Updater called before beeing initialized
2024-11-24 12:12:14,035 [ERROR] Updater:1164 - MainUpdater not yet initialized. External WinMGr cannot be set.
2024-11-24 12:12:14,036 [INFO] Updater:1100 - Updater Version found : 6.12.1
2024-11-24 12:12:14,052 [INFO] ApplicationProperties:184 - Using Application install path: /opt/st/stm32cubeide_1.16.1/plugins/com.st.stm32cube.common.mx_6.12.1.202409122256
2024-11-24 12:12:14,079 [INFO] MainUpdater:526 - Copy updater definitions from MX database
2024-11-24 12:12:14,101 [INFO] MainUpdater:559 - Copy flag file definitions from MX database
2024-11-24 12:12:14,102 [INFO] MainUpdater:575 - Copy thirdparty index definitions from MX database
2024-11-24 12:12:14,102 [INFO] MainUpdater:594 - Copy default thirdparty db definitions from MX database
2024-11-24 12:12:15,476 [INFO] MainUpdater:2873 - connection check result : 10
2024-11-24 12:12:15,477 [INFO] MainUpdater:3567 - Updater definition file requires update
2024-11-24 12:12:15,477 [INFO] MainUpdater:290 - Updater Check For Update Now.
2024-11-24 12:12:15,477 [INFO] MicroXplorer:498 - Change Database Version : DB.6.0.121
2024-11-24 12:12:15,481 [INFO] McuFinderGlobals:63 - Set McuFinder mode to 2 (CubeIDE integrated)
2024-11-24 12:12:15,481 [INFO] UserAuth:179 - activating auth plugin
2024-11-24 12:12:15,483 [INFO] UserAuth:417 - Internet connection configuration mode: 1
2024-11-24 12:12:15,491 [INFO] JxBrowserEngine:152 - Initiate JxBrowser Engine with user profile folder
2024-11-24 12:12:16,150 [WARN] MainUpdater:1194 - Updater busy. Cannot search thirdparties
2024-11-24 12:12:16,150 [INFO] ThirdPartyUpdaterWithRetryManager:96 - Updater plugin is busy. [1/15]
2024-11-24 12:12:17,197 [INFO] ServerAccessManage:473 - Download File updaters.zip
2024-11-24 12:12:17,387 [INFO] FileExtend:240 - Unzip File : updaters.zip
2024-11-24 12:12:17,387 [INFO] FileExtend:255 - Standard Zip Deflate
2024-11-24 12:12:17,593 [INFO] ServerAccessManage:473 - Download File PacksControlFlags.xml
2024-11-24 12:12:17,613 [INFO] WebApp:167 - Instantiating new browser for Auth
2024-11-24 12:12:17,700 [INFO] ServerAccessManage:473 - Download File cubemx.pidx
2024-11-24 12:12:18,078 [INFO] WebApp:448 - Apply proxy settings
2024-11-24 12:12:18,078 [INFO] WebApp:533 - Chromium requires no authentication
2024-11-24 12:12:18,083 [INFO] WebApp:476 - Direct internet connection detected
2024-11-24 12:12:18,096 [INFO] WebApp:869 - Register for checkConnection events
2024-11-24 12:12:18,096 [INFO] WebApp:448 - Apply proxy settings
2024-11-24 12:12:18,096 [INFO] WebApp:533 - Chromium requires no authentication
2024-11-24 12:12:18,096 [INFO] WebApp:476 - Direct internet connection detected
2024-11-24 12:12:18,181 [INFO] WebApp:220 - Starting web application
2024-11-24 12:12:18,181 [INFO] WebApp:578 - Web application path used /opt/st/stm32cubeide_1.16.1/plugins/com.st.stm32cube.common.mx_6.12.1.202409122256/db/plugins/mcufinder/reactClient1/index.html
2024-11-24 12:12:18,417 [INFO] WebApp:186 - Connection restablished
2024-11-24 12:12:18,656 [INFO] ServerAccessManage:473 - Download File STMicroelectronics.FP-ATR-ASTRA1.pdsc
2024-11-24 12:12:19,151 [WARN] MainUpdater:1194 - Updater busy. Cannot search thirdparties
2024-11-24 12:12:19,151 [INFO] ThirdPartyUpdaterWithRetryManager:96 - Updater plugin is busy. [2/15]
2024-11-24 12:12:22,151 [WARN] MainUpdater:1194 - Updater busy. Cannot search thirdparties
2024-11-24 12:12:22,152 [INFO] ThirdPartyUpdaterWithRetryManager:96 - Updater plugin is busy. [3/15]
2024-11-24 12:12:22,388 [INFO] ServerAccessManage:473 - Download File STMicroelectronics.FP-ATR-SIGFOX1.pdsc
2024-11-24 12:12:23,555 [INFO] ServerAccessManage:473 - Download File STMicroelectronics.FP-SNS-STBOX1.pdsc
2024-11-24 12:12:24,777 [INFO] ServerAccessManage:473 - Download File STMicroelectronics.FP-SNS-FLIGHT1.pdsc
2024-11-24 12:12:25,152 [WARN] MainUpdater:1194 - Updater busy. Cannot search thirdparties
2024-11-24 12:12:25,152 [INFO] ThirdPartyUpdaterWithRetryManager:96 - Updater plugin is busy. [4/15]
2024-11-24 12:12:28,152 [WARN] MainUpdater:1194 - Updater busy. Cannot search thirdparties
2024-11-24 12:12:28,153 [INFO] ThirdPartyUpdaterWithRetryManager:96 - Updater plugin is busy. [5/15]
2024-11-24 12:12:28,210 [INFO] ServerAccessManage:473 - Download File STMicroelectronics.FP-SNS-MOTENV1.pdsc
2024-11-24 12:12:31,153 [WARN] MainUpdater:1194 - Updater busy. Cannot search thirdparties
2024-11-24 12:12:31,153 [INFO] ThirdPartyUpdaterWithRetryManager:96 - Updater plugin is busy. [6/15]
2024-11-24 12:12:32,388 [INFO] ServerAccessManage:473 - Download File STMicroelectronics.FP-SNS-MOTENVWB1.pdsc
2024-11-24 12:12:34,153 [WARN] MainUpdater:1194 - Updater busy. Cannot search thirdparties
2024-11-24 12:12:34,154 [INFO] ThirdPartyUpdaterWithRetryManager:96 - Updater plugin is busy. [7/15]
2024-11-24 12:12:34,751 [INFO] ServerAccessManage:473 - Download File STMicroelectronics.FP-SNS-SMARTAG2.pdsc
2024-11-24 12:12:36,433 [INFO] ServerAccessManage:473 - Download File STMicroelectronics.X-CUBE-AI.pdsc
2024-11-24 12:12:37,154 [WARN] MainUpdater:1194 - Updater busy. Cannot search thirdparties
2024-11-24 12:12:37,154 [INFO] ThirdPartyUpdaterWithRetryManager:96 - Updater plugin is busy. [8/15]
2024-11-24 12:12:40,154 [WARN] MainUpdater:1194 - Updater busy. Cannot search thirdparties
2024-11-24 12:12:40,155 [INFO] ThirdPartyUpdaterWithRetryManager:96 - Updater plugin is busy. [9/15]
2024-11-24 12:12:43,155 [WARN] MainUpdater:1194 - Updater busy. Cannot search thirdparties
2024-11-24 12:12:43,155 [INFO] ThirdPartyUpdaterWithRetryManager:96 - Updater plugin is busy. [10/15]
2024-11-24 12:12:46,156 [WARN] MainUpdater:1194 - Updater busy. Cannot search thirdparties
2024-11-24 12:12:46,156 [INFO] ThirdPartyUpdaterWithRetryManager:96 - Updater plugin is busy. [11/15]
2024-11-24 12:12:49,156 [WARN] MainUpdater:1194 - Updater busy. Cannot search thirdparties
2024-11-24 12:12:49,156 [INFO] ThirdPartyUpdaterWithRetryManager:96 - Updater plugin is busy. [12/15]
2024-11-24 12:12:51,346 [INFO] ServerAccessManage:473 - Download File STMicroelectronics.X-CUBE-ALS.pdsc
2024-11-24 12:12:52,157 [WARN] MainUpdater:1194 - Updater busy. Cannot search thirdparties
2024-11-24 12:12:52,157 [INFO] ThirdPartyUpdaterWithRetryManager:96 - Updater plugin is busy. [13/15]
2024-11-24 12:12:54,667 [INFO] ServerAccessManage:473 - Download File STMicroelectronics.X-CUBE-BLE1.pdsc
2024-11-24 12:12:55,158 [WARN] MainUpdater:1194 - Updater busy. Cannot search thirdparties
2024-11-24 12:12:55,158 [INFO] ThirdPartyUpdaterWithRetryManager:96 - Updater plugin is busy. [14/15]
2024-11-24 12:12:58,158 [WARN] MainUpdater:1194 - Updater busy. Cannot search thirdparties
2024-11-24 12:12:58,158 [INFO] ThirdPartyUpdaterWithRetryManager:96 - Updater plugin is busy. [15/15]
2024-11-24 12:12:58,159 [ERROR] IntegrityCheckThread:130 - Cannot retrieve database content from updater: error -1
2024-11-24 12:12:58,159 [INFO] ThirdParty:978 - Integrity check success = false
2024-11-24 12:12:58,159 [INFO] IntegrityCheckThread:100 - exiting critical section [integrity check]
2024-11-24 12:12:58,159 [INFO] IntegrityCheckThread:103 - End integrity checks thread
2024-11-24 12:13:05,235 [ERROR] ServerAccessManage:1089 - Problem, file not found on Server
2024-11-24 12:13:06,045 [INFO] ServerAccessManage:473 - Download File STMicroelectronics.X-CUBE-BLE2.pdsc
2024-11-24 12:13:11,914 [INFO] ServerAccessManage:473 - Download File STMicroelectronics.X-CUBE-BLEMGR.pdsc
2024-11-24 12:13:18,503 [INFO] ServerAccessManage:473 - Download File STMicroelectronics.X-CUBE-DISPLAY.pdsc
2024-11-24 12:13:23,741 [INFO] ServerAccessManage:473 - Download File STMicroelectronics.X-CUBE-DPOWER.pdsc
2024-11-24 12:13:25,383 [ERROR] ServerAccessManage:1089 - Problem, file not found on Server
2024-11-24 12:13:25,698 [ERROR] ServerAccessManage:1089 - Problem, file not found on Server
2024-11-24 12:13:26,510 [ERROR] ServerAccessManage:1089 - Problem, file not found on Server
2024-11-24 12:13:27,311 [ERROR] ServerAccessManage:1089 - Problem, file not found on Server
2024-11-24 12:13:28,118 [ERROR] ServerAccessManage:1089 - Problem, file not found on Server
2024-11-24 12:13:28,426 [ERROR] ServerAccessManage:1089 - Problem, file not found on Server
2024-11-24 12:13:29,237 [ERROR] ServerAccessManage:1089 - Problem, file not found on Server
2024-11-24 12:13:30,034 [ERROR] ServerAccessManage:1089 - Problem, file not found on Server
2024-11-24 12:13:30,835 [ERROR] ServerAccessManage:1089 - Problem, file not found on Server
2024-11-24 12:13:31,645 [ERROR] ServerAccessManage:1089 - Problem, file not found on Server
2024-11-24 12:13:32,449 [ERROR] ServerAccessManage:1089 - Problem, file not found on Server
2024-11-24 12:13:33,264 [INFO] ServerAccessManage:473 - Download File STMicroelectronics.X-CUBE-EEPRMA1.pdsc
2024-11-24 12:13:34,867 [ERROR] ServerAccessManage:1089 - Problem, file not found on Server
2024-11-24 12:13:37,314 [ERROR] ServerAccessManage:1089 - Problem, file not found on Server
2024-11-24 12:13:40,583 [INFO] ServerAccessManage:473 - Download File STMicroelectronics.X-CUBE-FREERTOS.pdsc
2024-11-24 12:13:44,180 [INFO] ServerAccessManage:473 - Download File STMicroelectronics.X-CUBE-GNSS1.pdsc
2024-11-24 12:13:51,346 [ERROR] ServerAccessManage:1089 - Problem, file not found on Server
2024-11-24 12:13:52,166 [ERROR] ServerAccessManage:1089 - Problem, file not found on Server
2024-11-24 12:13:52,978 [ERROR] ServerAccessManage:1089 - Problem, file not found on Server
2024-11-24 12:13:53,776 [ERROR] ServerAccessManage:1089 - Problem, file not found on Server
2024-11-24 12:13:54,593 [ERROR] ServerAccessManage:1089 - Problem, file not found on Server
2024-11-24 12:13:55,405 [ERROR] ServerAccessManage:1089 - Problem, file not found on Server
2024-11-24 12:13:55,724 [INFO] ServerAccessManage:473 - Download File STMicroelectronics.X-CUBE-ISPU.pdsc
2024-11-24 12:13:59,786 [INFO] ServerAccessManage:473 - Download File STMicroelectronics.X-CUBE-IPS.pdsc
2024-11-24 12:14:01,436 [INFO] ServerAccessManage:473 - Download File STMicroelectronics.X-CUBE-MEMS1.pdsc
2024-11-24 12:14:21,124 [INFO] ServerAccessManage:473 - Download File STMicroelectronics.X-CUBE-NFC4.pdsc
2024-11-24 12:14:32,147 [INFO] ServerAccessManage:473 - Download File STMicroelectronics.X-CUBE-NFC6.pdsc
2024-11-24 12:14:34,597 [INFO] ServerAccessManage:473 - Download File STMicroelectronics.X-CUBE-NFC7.pdsc
2024-11-24 12:14:37,078 [INFO] ServerAccessManage:473 - Download File STMicroelectronics.X-CUBE-NFC9.pdsc
2024-11-24 12:14:38,229 [INFO] ServerAccessManage:473 - Download File STMicroelectronics.X-CUBE-NFC10.pdsc
2024-11-24 12:14:39,890 [INFO] ServerAccessManage:473 - Download File STMicroelectronics.X-CUBE-SFXS2LP1.pdsc
2024-11-24 12:14:43,511 [INFO] ServerAccessManage:473 - Download File STMicroelectronics.X-CUBE-SAFEA1.pdsc
2024-11-24 12:14:44,653 [INFO] ServerAccessManage:473 - Download File STMicroelectronics.X-CUBE-SUBG2.pdsc
2024-11-24 12:14:52,845 [INFO] ServerAccessManage:473 - Download File STMicroelectronics.X-CUBE-SMBUS.pdsc
2024-11-24 12:14:54,494 [ERROR] ServerAccessManage:1089 - Problem, file not found on Server
2024-11-24 12:14:55,306 [INFO] ServerAccessManage:473 - Download File STMicroelectronics.X-CUBE-TCPP.pdsc
2024-11-24 12:14:56,951 [INFO] ServerAccessManage:473 - Download File STMicroelectronics.X-CUBE-TOF1.pdsc
2024-11-24 12:15:04,101 [ERROR] ServerAccessManage:1089 - Problem, file not found on Server
2024-11-24 12:15:05,759 [INFO] ServerAccessManage:473 - Download File STMicroelectronics.X-CUBE-TOUCHGFX.pdsc
2024-11-24 12:15:24,453 [INFO] ServerAccessManage:473 - Download File STMicroelectronics.X-CUBE-ALGOBUILD.pdsc
2024-11-24 12:15:30,201 [INFO] ServerAccessManage:473 - Download File STMicroelectronics.X-CUBE-AZRTOS-H7.pdsc
2024-11-24 12:15:37,621 [INFO] ServerAccessManage:473 - Download File STMicroelectronics.X-CUBE-AZRTOS-H7RS.pdsc
2024-11-24 12:15:39,305 [INFO] ServerAccessManage:473 - Download File STMicroelectronics.X-CUBE-AZRTOS-F4.pdsc
2024-11-24 12:15:41,781 [INFO] ServerAccessManage:473 - Download File STMicroelectronics.X-CUBE-AZRTOS-F7.pdsc
2024-11-24 12:15:44,296 [INFO] ServerAccessManage:473 - Download File STMicroelectronics.X-CUBE-AZRTOS-L4.pdsc
2024-11-24 12:15:46,773 [INFO] ServerAccessManage:473 - Download File STMicroelectronics.X-CUBE-AZRTOS-L5.pdsc
2024-11-24 12:15:50,092 [INFO] ServerAccessManage:473 - Download File STMicroelectronics.X-CUBE-AZRTOS-G0.pdsc
2024-11-24 12:15:52,114 [INFO] ServerAccessManage:473 - Download File STMicroelectronics.X-CUBE-AZRTOS-G4.pdsc
2024-11-24 12:15:54,586 [INFO] ServerAccessManage:473 - Download File STMicroelectronics.X-CUBE-AZRTOS-WB.pdsc
2024-11-24 12:15:56,549 [INFO] ServerAccessManage:473 - Download File STMicroelectronics.X-CUBE-AZRTOS-WL.pdsc
2024-11-24 12:15:58,500 [INFO] ServerAccessManage:473 - Download File STMicroelectronics.X-CUBE-WB05N.pdsc
2024-11-24 12:16:00,465 [INFO] ServerAccessManage:473 - Download File wolfSSL.I-CUBE-wolfSSL.pdsc
2024-11-24 12:16:06,786 [ERROR] ServerAccessManage:1089 - Problem, file not found on Server
2024-11-24 12:16:07,264 [ERROR] ServerAccessManage:1089 - Problem, file not found on Server
2024-11-24 12:16:07,741 [ERROR] ServerAccessManage:1089 - Problem, file not found on Server
2024-11-24 12:16:08,022 [INFO] ServerAccessManage:473 - Download File wolfSSL.I-CUBE-wolfMQTT.pdsc
2024-11-24 12:16:09,384 [ERROR] ServerAccessManage:1089 - Problem, file not found on Server
2024-11-24 12:16:09,667 [INFO] ServerAccessManage:473 - Download File wolfSSL.I-CUBE-wolfTPM.pdsc
2024-11-24 12:16:11,408 [INFO] ServerAccessManage:473 - Download File wolfSSL.I-CUBE-wolfSSH.pdsc
2024-11-24 12:16:13,357 [INFO] ServerAccessManage:473 - Download File RealThread.X-CUBE-RT-Thread_Nano.pdsc
2024-11-24 12:16:13,962 [INFO] ServerAccessManage:473 - Download File SEGGER.I-CUBE-embOS.pdsc
2024-11-24 12:16:16,060 [INFO] ServerAccessManage:473 - Download File portGmbH.I-Cube-SoM-uGOAL.pdsc
2024-11-24 12:16:17,468 [ERROR] ServerAccessManage:1089 - Problem, file not found on Server
2024-11-24 12:16:17,616 [ERROR] ServerAccessManage:1089 - Problem, file not found on Server
2024-11-24 12:16:17,764 [ERROR] ServerAccessManage:1089 - Problem, file not found on Server
2024-11-24 12:16:18,784 [INFO] ServerAccessManage:473 - Download File emotas.I-CUBE-CANOPEN.pdsc
2024-11-24 12:16:20,491 [INFO] ServerAccessManage:473 - Download File WES.I-CUBE-Cesium.pdsc
2024-11-24 12:16:21,376 [ERROR] ServerAccessManage:1089 - Problem, file not found on Server
2024-11-24 12:16:21,762 [ERROR] ServerAccessManage:1089 - Problem, file not found on Server
2024-11-24 12:16:22,835 [INFO] ServerAccessManage:473 - Download File ITTIA_DB.I-CUBE-ITTIADB.pdsc
2024-11-24 12:16:29,589 [INFO] ServerAccessManage:473 - Download File Infineon.AIROC-Wi-Fi-Bluetooth-STM32.pdsc
2024-11-24 12:16:36,699 [INFO] ServerAccessManage:473 - Download File Cesanta.I-CUBE-Mongoose.pdsc
2024-11-24 12:16:39,625 [INFO] ServerAccessManage:473 - Download File EmbeddedOffice.I-CUBE-FS-RTOS.pdsc
2024-11-24 12:16:40,784 [INFO] ServerAccessManage:473 - Download File quantropi.X-CUBE-qispace-sdk-base.pdsc
2024-11-24 12:16:41,041 [WARN] PackLoader:240 - Cannot read IP mode file for STMicroelectronics.FP-ATR-ASTRA1.2.0.1
2024-11-24 12:16:41,044 [WARN] CheckServerUpdateThread:151 - Open CheckUpdateFile Fail
2024-11-24 12:16:41,045 [WARN] PackLoader:240 - Cannot read IP mode file for STMicroelectronics.FP-ATR-SIGFOX1.3.2.0
2024-11-24 12:16:41,052 [WARN] PackLoader:240 - Cannot read IP mode file for STMicroelectronics.FP-SNS-STBOX1.2.0.0
2024-11-24 12:16:41,065 [WARN] PackLoader:240 - Cannot read IP mode file for STMicroelectronics.FP-SNS-FLIGHT1.5.0.2
2024-11-24 12:16:41,072 [WARN] PackLoader:240 - Cannot read IP mode file for STMicroelectronics.FP-SNS-MOTENV1.5.0.0
2024-11-24 12:16:41,079 [WARN] PackLoader:240 - Cannot read IP mode file for STMicroelectronics.FP-SNS-MOTENVWB1.1.4.0
2024-11-24 12:16:41,085 [WARN] PackLoader:240 - Cannot read IP mode file for STMicroelectronics.FP-SNS-SMARTAG2.1.2.0
2024-11-24 12:16:41,089 [WARN] PackLoader:240 - Cannot read IP mode file for STMicroelectronics.X-CUBE-AI.9.1.0
2024-11-24 12:16:41,094 [WARN] PackLoader:240 - Cannot read IP mode file for STMicroelectronics.X-CUBE-ALS.1.0.2
2024-11-24 12:16:41,101 [WARN] PackLoader:240 - Cannot read IP mode file for STMicroelectronics.X-CUBE-BLE1.7.0.0
2024-11-24 12:16:41,107 [WARN] PackLoader:240 - Cannot read IP mode file for STMicroelectronics.X-CUBE-BLE2.3.3.0
2024-11-24 12:16:41,116 [WARN] PackLoader:240 - Cannot read IP mode file for STMicroelectronics.X-CUBE-BLEMGR.3.1.0
2024-11-24 12:16:41,127 [WARN] PackLoader:240 - Cannot read IP mode file for STMicroelectronics.X-CUBE-DISPLAY.3.0.0
2024-11-24 12:16:41,136 [WARN] PackLoader:240 - Cannot read IP mode file for STMicroelectronics.X-CUBE-DPower.1.2.0
2024-11-24 12:16:41,139 [WARN] PackLoader:240 - Cannot read IP mode file for STMicroelectronics.X-CUBE-EEPRMA1.5.1.0
2024-11-24 12:16:41,144 [WARN] PackLoader:240 - Cannot read IP mode file for STMicroelectronics.X-CUBE-FREERTOS.1.2.0
2024-11-24 12:16:41,147 [WARN] PackLoader:240 - Cannot read IP mode file for STMicroelectronics.X-CUBE-GNSS1.7.0.0
2024-11-24 12:16:41,149 [WARN] PackLoader:240 - Cannot read IP mode file for STMicroelectronics.X-CUBE-ISPU.2.1.0
2024-11-24 12:16:41,156 [WARN] PackLoader:240 - Cannot read IP mode file for STMicroelectronics.X-CUBE-IPS.3.0.0
2024-11-24 12:16:41,163 [INFO] CheckServerUpdateThread:120 - End of CheckServer Thread
2024-11-24 12:16:41,215 [WARN] PackLoader:240 - Cannot read IP mode file for STMicroelectronics.X-CUBE-MEMS1.11.0.0
2024-11-24 12:16:41,363 [WARN] PackLoader:240 - Cannot read IP mode file for STMicroelectronics.X-CUBE-NFC4.3.0.0
2024-11-24 12:16:41,368 [WARN] PackLoader:240 - Cannot read IP mode file for STMicroelectronics.X-CUBE-NFC6.3.1.0
2024-11-24 12:16:41,373 [WARN] PackLoader:240 - Cannot read IP mode file for STMicroelectronics.X-CUBE-NFC7.1.0.1
2024-11-24 12:16:41,377 [WARN] PackLoader:240 - Cannot read IP mode file for STMicroelectronics.X-CUBE-NFC9.1.0.0
2024-11-24 12:16:41,382 [WARN] PackLoader:240 - Cannot read IP mode file for STMicroelectronics.X-CUBE-NFC10.1.0.0
2024-11-24 12:16:41,389 [WARN] PackLoader:240 - Cannot read IP mode file for STMicroelectronics.X-CUBE-SFXS2LP1.4.0.0
2024-11-24 12:16:41,394 [WARN] PackLoader:240 - Cannot read IP mode file for STMicroelectronics.X-CUBE-SAFEA1.1.2.2
2024-11-24 12:16:41,401 [WARN] PackLoader:240 - Cannot read IP mode file for STMicroelectronics.X-CUBE-SUBG2.5.0.0
2024-11-24 12:16:41,409 [WARN] PackLoader:240 - Cannot read IP mode file for STMicroelectronics.X-CUBE-SMBUS.2.1.0
2024-11-24 12:16:41,412 [WARN] PackLoader:240 - Cannot read IP mode file for STMicroelectronics.X-CUBE-TCPP.4.1.0
2024-11-24 12:16:41,420 [WARN] PackLoader:240 - Cannot read IP mode file for STMicroelectronics.X-CUBE-TOF1.3.4.2
2024-11-24 12:16:41,436 [WARN] PackLoader:240 - Cannot read IP mode file for STMicroelectronics.X-CUBE-TOUCHGFX.4.24.1
2024-11-24 12:16:41,441 [WARN] PackLoader:240 - Cannot read IP mode file for STMicroelectronics.X-CUBE-ALGOBUILD.1.4.0
2024-11-24 12:16:41,459 [WARN] PackLoader:240 - Cannot read IP mode file for STMicroelectronics.X-CUBE-AZRTOS-H7.3.3.0
2024-11-24 12:16:41,477 [WARN] PackLoader:240 - Cannot read IP mode file for STMicroelectronics.X-CUBE-AZRTOS-H7RS.1.0.0
2024-11-24 12:16:41,494 [WARN] PackLoader:240 - Cannot read IP mode file for STMicroelectronics.X-CUBE-AZRTOS-F4.1.1.0
2024-11-24 12:16:41,510 [WARN] PackLoader:240 - Cannot read IP mode file for STMicroelectronics.X-CUBE-AZRTOS-F7.1.1.0
2024-11-24 12:16:41,528 [WARN] ConditionMgr:438 - getConditionDescription Invalid condition id : LAN8742 Phy interface Condition cause : null
2024-11-24 12:16:41,529 [WARN] PackLoader:240 - Cannot read IP mode file for STMicroelectronics.X-CUBE-AZRTOS-L4.2.0.0
2024-11-24 12:16:41,530 [WARN] ConditionMgr:1039 - genDependencies : Invalid condition id : LAN8742 Phy interface Condition cause : null
2024-11-24 12:16:41,531 [WARN] ConditionMgr:1039 - genDependencies : Invalid condition id : LAN8742 Phy interface Condition cause : null
2024-11-24 12:16:41,531 [WARN] ConditionMgr:1039 - genDependencies : Invalid condition id : LAN8742 Phy interface Condition cause : null
2024-11-24 12:16:41,546 [WARN] PackLoader:240 - Cannot read IP mode file for STMicroelectronics.X-CUBE-AZRTOS-L5.2.0.0
2024-11-24 12:16:41,560 [WARN] PackLoader:240 - Cannot read IP mode file for STMicroelectronics.X-CUBE-AZRTOS-G0.1.1.0
2024-11-24 12:16:41,575 [WARN] PackLoader:240 - Cannot read IP mode file for STMicroelectronics.X-CUBE-AZRTOS-G4.2.0.0
2024-11-24 12:16:41,585 [WARN] ConditionMgr:438 - getConditionDescription Invalid condition id : UX DEVICE CLASS RTOS Condition cause : null
2024-11-24 12:16:41,586 [WARN] ConditionMgr:438 - getConditionDescription Invalid condition id : UX DEVICE CLASS RTOS Condition cause : null
2024-11-24 12:16:41,587 [WARN] PackLoader:240 - Cannot read IP mode file for STMicroelectronics.X-CUBE-AZRTOS-WB.2.0.0
2024-11-24 12:16:41,588 [WARN] ConditionMgr:1039 - genDependencies : Invalid condition id : UX DEVICE CLASS RTOS Condition cause : null
2024-11-24 12:16:41,588 [WARN] ConditionMgr:1039 - genDependencies : Invalid condition id : UX DEVICE CLASS RTOS Condition cause : null
2024-11-24 12:16:41,589 [WARN] ConditionMgr:1039 - genDependencies : Invalid condition id : UX DEVICE CLASS RTOS Condition cause : null
2024-11-24 12:16:41,589 [WARN] ConditionMgr:1039 - genDependencies : Invalid condition id : UX DEVICE CLASS RTOS Condition cause : null
2024-11-24 12:16:41,589 [WARN] ConditionMgr:1039 - genDependencies : Invalid condition id : UX DEVICE CLASS RTOS Condition cause : null
2024-11-24 12:16:41,596 [INFO] LogOutputStream:77 - [STDOUT_REDIRECT] 1 : Invalid condition id : UX_CORESTACK_Condition cause : null
2024-11-24 12:16:41,597 [INFO] LogOutputStream:77 - [STDOUT_REDIRECT] 1 : Invalid condition id : UX_CORESTACK_Condition cause : null
2024-11-24 12:16:41,597 [INFO] LogOutputStream:77 - [STDOUT_REDIRECT] 1 : Invalid condition id : UX_CORESTACK_Condition cause : null
2024-11-24 12:16:41,598 [INFO] LogOutputStream:77 - [STDOUT_REDIRECT] 1 : Invalid condition id : UX_CORESTACK_Condition cause : null
2024-11-24 12:16:41,598 [INFO] LogOutputStream:77 - [STDOUT_REDIRECT] 1 : Invalid condition id : UX_CORESTACK_Condition cause : null
2024-11-24 12:16:41,600 [WARN] PackLoader:240 - Cannot read IP mode file for STMicroelectronics.X-CUBE-AZRTOS-WL.2.0.0
2024-11-24 12:16:41,605 [WARN] PackLoader:240 - Cannot read IP mode file for STMicroelectronics.X-CUBE-WB05N.1.1.0
2024-11-24 12:16:41,609 [WARN] PackLoader:240 - Cannot read IP mode file for wolfSSL.I-CUBE-wolfSSL.5.7.4
2024-11-24 12:16:41,611 [WARN] PackLoader:240 - Cannot read IP mode file for wolfSSL.I-CUBE-wolfMQTT.1.19.0
2024-11-24 12:16:41,613 [WARN] PackLoader:240 - Cannot read IP mode file for wolfSSL.I-CUBE-wolfTPM.3.4.0
2024-11-24 12:16:41,615 [WARN] PackLoader:240 - Cannot read IP mode file for wolfSSL.I-CUBE-wolfSSH.1.4.17
2024-11-24 12:16:41,619 [WARN] PackLoader:240 - Cannot read IP mode file for RealThread.X-CUBE-RT-Thread_Nano.4.1.1
2024-11-24 12:16:41,643 [WARN] PackLoader:240 - Cannot read IP mode file for SEGGER.I-CUBE-embOS.1.3.1
2024-11-24 12:16:41,711 [WARN] PackLoader:240 - Cannot read IP mode file for portGmbH.I-Cube-SoM-uGOAL.1.1.0
2024-11-24 12:16:41,714 [WARN] PackLoader:240 - Cannot read IP mode file for emotas.I-CUBE-CANOPEN.1.3.0
2024-11-24 12:16:41,720 [WARN] PackLoader:240 - Cannot read IP mode file for WES.I-CUBE-Cesium.1.3.0
2024-11-24 12:16:41,725 [WARN] PackLoader:240 - Cannot read IP mode file for ITTIA_DB.I-CUBE-ITTIADB.8.9.0
2024-11-24 12:16:41,742 [WARN] PackLoader:240 - Cannot read IP mode file for Infineon.AIROC-Wi-Fi-Bluetooth-STM32.1.6.1
2024-11-24 12:16:41,750 [WARN] PackLoader:240 - Cannot read IP mode file for Cesanta.I-CUBE-Mongoose.7.13.0
2024-11-24 12:16:41,757 [WARN] PackLoader:240 - Cannot read IP mode file for EmbeddedOffice.I-CUBE-FS-RTOS.1.0.1
2024-11-24 12:16:41,758 [ERROR] ConditionMgr:805 - Attr not supported : Dmpu
2024-11-24 12:16:41,758 [ERROR] ConditionMgr:805 - Attr not supported : Dmpu
2024-11-24 12:16:41,758 [ERROR] ConditionMgr:805 - Attr not supported : Dmpu
2024-11-24 12:16:41,758 [ERROR] ConditionMgr:805 - Attr not supported : Dmpu
2024-11-24 12:16:41,758 [ERROR] ConditionMgr:805 - Attr not supported : Dmpu
2024-11-24 12:16:41,758 [ERROR] ConditionMgr:805 - Attr not supported : Dmpu
2024-11-24 12:16:41,758 [ERROR] ConditionMgr:805 - Attr not supported : Dmpu
2024-11-24 12:16:41,758 [ERROR] ConditionMgr:805 - Attr not supported : Dmpu
2024-11-24 12:16:41,758 [ERROR] ConditionMgr:805 - Attr not supported : Dmpu
2024-11-24 12:16:41,758 [ERROR] ConditionMgr:805 - Attr not supported : Dmpu
2024-11-24 12:16:41,758 [ERROR] ConditionMgr:805 - Attr not supported : Dmpu
2024-11-24 12:16:41,758 [ERROR] ConditionMgr:805 - Attr not supported : Dmpu
2024-11-24 12:16:41,758 [ERROR] ConditionMgr:805 - Attr not supported : Dmpu
2024-11-24 12:16:41,758 [ERROR] ConditionMgr:805 - Attr not supported : Dmpu
2024-11-24 12:16:41,758 [ERROR] ConditionMgr:805 - Attr not supported : Dmpu
2024-11-24 12:16:41,758 [ERROR] ConditionMgr:805 - Attr not supported : Dmpu
2024-11-24 12:16:41,758 [ERROR] ConditionMgr:805 - Attr not supported : Dmpu
2024-11-24 12:16:41,759 [ERROR] ConditionMgr:805 - Attr not supported : Dmpu
2024-11-24 12:16:41,759 [ERROR] ConditionMgr:805 - Attr not supported : Dmpu
2024-11-24 12:16:41,759 [ERROR] ConditionMgr:805 - Attr not supported : Dmpu
2024-11-24 12:16:41,759 [ERROR] ConditionMgr:805 - Attr not supported : Dmpu
2024-11-24 12:16:41,759 [ERROR] ConditionMgr:805 - Attr not supported : Dmpu
2024-11-24 12:16:41,759 [ERROR] ConditionMgr:805 - Attr not supported : Dmpu
2024-11-24 12:16:41,759 [ERROR] ConditionMgr:805 - Attr not supported : Dmpu
2024-11-24 12:16:41,759 [ERROR] ConditionMgr:805 - Attr not supported : Dmpu
2024-11-24 12:16:41,759 [ERROR] ConditionMgr:805 - Attr not supported : Dmpu
2024-11-24 12:16:41,759 [ERROR] ConditionMgr:805 - Attr not supported : Dmpu
2024-11-24 12:16:41,759 [ERROR] ConditionMgr:805 - Attr not supported : Dmpu
2024-11-24 12:16:41,759 [ERROR] ConditionMgr:805 - Attr not supported : Dmpu
2024-11-24 12:16:41,759 [ERROR] ConditionMgr:805 - Attr not supported : Dmpu
2024-11-24 12:16:41,759 [ERROR] ConditionMgr:805 - Attr not supported : Dmpu
2024-11-24 12:16:41,759 [ERROR] ConditionMgr:805 - Attr not supported : Dmpu
2024-11-24 12:16:41,759 [ERROR] ConditionMgr:805 - Attr not supported : Dmpu
2024-11-24 12:16:41,759 [ERROR] ConditionMgr:805 - Attr not supported : Dmpu
2024-11-24 12:16:41,759 [ERROR] ConditionMgr:805 - Attr not supported : Dmpu
2024-11-24 12:16:41,759 [ERROR] ConditionMgr:805 - Attr not supported : Dmpu
2024-11-24 12:16:41,759 [ERROR] ConditionMgr:805 - Attr not supported : Dmpu
2024-11-24 12:16:41,759 [ERROR] ConditionMgr:805 - Attr not supported : Dmpu
2024-11-24 12:16:41,759 [ERROR] ConditionMgr:805 - Attr not supported : Dmpu
2024-11-24 12:16:41,760 [ERROR] ConditionMgr:805 - Attr not supported : Dmpu
2024-11-24 12:16:41,760 [ERROR] ConditionMgr:805 - Attr not supported : Dmpu
2024-11-24 12:16:41,760 [ERROR] ConditionMgr:805 - Attr not supported : Dmpu
2024-11-24 12:16:41,760 [ERROR] ConditionMgr:805 - Attr not supported : Dmpu
2024-11-24 12:16:41,760 [ERROR] ConditionMgr:805 - Attr not supported : Dmpu
2024-11-24 12:16:41,760 [ERROR] ConditionMgr:805 - Attr not supported : Dmpu
2024-11-24 12:16:41,760 [ERROR] ConditionMgr:805 - Attr not supported : Dmpu
2024-11-24 12:16:41,760 [ERROR] ConditionMgr:805 - Attr not supported : Dmpu
2024-11-24 12:16:41,760 [ERROR] ConditionMgr:805 - Attr not supported : Dmpu
2024-11-24 12:16:41,760 [ERROR] ConditionMgr:805 - Attr not supported : Dmpu
2024-11-24 12:16:41,760 [ERROR] ConditionMgr:805 - Attr not supported : Dmpu
2024-11-24 12:16:41,760 [ERROR] ConditionMgr:805 - Attr not supported : Dmpu
2024-11-24 12:16:41,760 [ERROR] ConditionMgr:805 - Attr not supported : Dmpu
2024-11-24 12:16:41,760 [ERROR] ConditionMgr:805 - Attr not supported : Dmpu
2024-11-24 12:16:41,760 [ERROR] ConditionMgr:805 - Attr not supported : Dmpu
2024-11-24 12:16:41,761 [ERROR] ConditionMgr:805 - Attr not supported : Dmpu
2024-11-24 12:16:41,761 [ERROR] ConditionMgr:805 - Attr not supported : Dmpu
2024-11-24 12:16:41,761 [ERROR] ConditionMgr:805 - Attr not supported : Dmpu
2024-11-24 12:16:41,761 [ERROR] ConditionMgr:805 - Attr not supported : Dmpu
2024-11-24 12:16:41,761 [ERROR] ConditionMgr:805 - Attr not supported : Dmpu
2024-11-24 12:16:41,761 [ERROR] ConditionMgr:805 - Attr not supported : Dmpu
2024-11-24 12:16:41,761 [ERROR] ConditionMgr:805 - Attr not supported : Dmpu
2024-11-24 12:16:41,761 [ERROR] ConditionMgr:805 - Attr not supported : Dmpu
2024-11-24 12:16:41,761 [ERROR] ConditionMgr:805 - Attr not supported : Dmpu
2024-11-24 12:16:41,761 [ERROR] ConditionMgr:805 - Attr not supported : Dmpu
2024-11-24 12:16:41,764 [WARN] ConditionMgr:438 - getConditionDescription Invalid condition id : Cortex-A Device cause : null
2024-11-24 12:16:41,773 [WARN] ConditionMgr:1039 - genDependencies : Invalid condition id : Cortex-A Device cause : null
2024-11-24 12:16:41,773 [WARN] ConditionMgr:1039 - genDependencies : Invalid condition id : Cortex-A Device cause : null
2024-11-24 12:16:41,773 [WARN] ConditionMgr:1039 - genDependencies : Invalid condition id : Cortex-A Device cause : null
2024-11-24 12:16:41,774 [INFO] PopulateThirdPartyThread:66 - Ending populate Thread
2024-11-24 12:16:41,777 [INFO] ThirdParty:1030 - CMSIS Pack Vendor :STMicroelectronics X-CUBE-AZRTOS-H7 3.3.0
2024-11-24 12:16:41,777 [INFO] ThirdParty:1030 - CMSIS Pack Vendor :STMicroelectronics X-CUBE-NFC9 1.0.0
2024-11-24 12:16:41,777 [INFO] ThirdParty:1030 - CMSIS Pack Vendor :STMicroelectronics FP-SNS-MOTENVWB1 1.4.0
2024-11-24 12:16:41,777 [INFO] ThirdParty:1030 - CMSIS Pack Vendor :STMicroelectronics X-CUBE-AZRTOS-F4 1.1.0
2024-11-24 12:16:41,777 [INFO] ThirdParty:1030 - CMSIS Pack Vendor :STMicroelectronics FP-ATR-ASTRA1 2.0.1
2024-11-24 12:16:41,777 [INFO] ThirdParty:1030 - CMSIS Pack Vendor :STMicroelectronics X-CUBE-SMBUS 2.1.0
2024-11-24 12:16:41,777 [INFO] ThirdParty:1030 - CMSIS Pack Vendor :STMicroelectronics X-CUBE-WB05N 1.1.0
2024-11-24 12:16:41,777 [INFO] ThirdParty:1030 - CMSIS Pack Vendor :STMicroelectronics X-CUBE-ISPU 2.1.0
2024-11-24 12:16:41,777 [INFO] ThirdParty:1030 - CMSIS Pack Vendor :STMicroelectronics X-CUBE-TCPP 4.1.0
2024-11-24 12:16:41,777 [INFO] ThirdParty:1030 - CMSIS Pack Vendor :STMicroelectronics X-CUBE-FREERTOS 1.2.0
2024-11-24 12:16:41,777 [INFO] ThirdParty:1030 - CMSIS Pack Vendor :STMicroelectronics X-CUBE-IPS 3.0.0
2024-11-24 12:16:41,777 [INFO] ThirdParty:1030 - CMSIS Pack Vendor :STMicroelectronics X-CUBE-AZRTOS-WB 2.0.0
2024-11-24 12:16:41,777 [INFO] ThirdParty:1030 - CMSIS Pack Vendor :STMicroelectronics X-CUBE-GNSS1 7.0.0
2024-11-24 12:16:41,778 [INFO] ThirdParty:1030 - CMSIS Pack Vendor :STMicroelectronics X-CUBE-AZRTOS-F7 1.1.0
2024-11-24 12:16:41,778 [INFO] ThirdParty:1030 - CMSIS Pack Vendor :STMicroelectronics X-CUBE-AZRTOS-L5 2.0.0
2024-11-24 12:16:41,778 [INFO] ThirdParty:1030 - CMSIS Pack Vendor :STMicroelectronics X-CUBE-NFC6 3.1.0
2024-11-24 12:16:41,778 [INFO] ThirdParty:1030 - CMSIS Pack Vendor :STMicroelectronics FP-SNS-STBOX1 2.0.0
2024-11-24 12:16:41,778 [INFO] ThirdParty:1030 - CMSIS Pack Vendor :STMicroelectronics X-CUBE-MEMS1 11.0.0
2024-11-24 12:16:41,778 [INFO] ThirdParty:1030 - CMSIS Pack Vendor :STMicroelectronics X-CUBE-AZRTOS-G0 1.1.0
2024-11-24 12:16:41,778 [INFO] ThirdParty:1030 - CMSIS Pack Vendor :STMicroelectronics X-CUBE-DPower 1.2.0
2024-11-24 12:16:41,778 [INFO] ThirdParty:1030 - CMSIS Pack Vendor :STMicroelectronics X-CUBE-NFC4 3.0.0
2024-11-24 12:16:41,778 [INFO] ThirdParty:1030 - CMSIS Pack Vendor :STMicroelectronics X-CUBE-SAFEA1 1.2.2
2024-11-24 12:16:41,778 [INFO] ThirdParty:1030 - CMSIS Pack Vendor :STMicroelectronics X-CUBE-SUBG2 5.0.0
2024-11-24 12:16:41,778 [INFO] ThirdParty:1030 - CMSIS Pack Vendor :EmbeddedOffice I-CUBE-FS-RTOS 1.0.1
2024-11-24 12:16:41,778 [INFO] ThirdParty:1030 - CMSIS Pack Vendor :STMicroelectronics FP-SNS-FLIGHT1 5.0.2
2024-11-24 12:16:41,778 [INFO] ThirdParty:1030 - CMSIS Pack Vendor :Cesanta I-CUBE-Mongoose 7.13.0
2024-11-24 12:16:41,778 [INFO] ThirdParty:1030 - CMSIS Pack Vendor :STMicroelectronics X-CUBE-AZRTOS-G4 2.0.0
2024-11-24 12:16:41,778 [INFO] ThirdParty:1030 - CMSIS Pack Vendor :STMicroelectronics X-CUBE-DISPLAY 3.0.0
2024-11-24 12:16:41,779 [INFO] ThirdParty:1030 - CMSIS Pack Vendor :RealThread X-CUBE-RT-Thread_Nano 4.1.1
2024-11-24 12:16:41,779 [INFO] ThirdParty:1030 - CMSIS Pack Vendor :STMicroelectronics FP-ATR-SIGFOX1 3.2.0
2024-11-24 12:16:41,779 [INFO] ThirdParty:1030 - CMSIS Pack Vendor :STMicroelectronics X-CUBE-BLE1 7.0.0
2024-11-24 12:16:41,779 [INFO] ThirdParty:1030 - CMSIS Pack Vendor :STMicroelectronics X-CUBE-NFC10 1.0.0
2024-11-24 12:16:41,779 [INFO] ThirdParty:1030 - CMSIS Pack Vendor :quantropi X-CUBE-qispace-sdk-base 1.9.3
2024-11-24 12:16:41,779 [INFO] ThirdParty:1030 - CMSIS Pack Vendor :STMicroelectronics X-CUBE-EEPRMA1 5.1.0
2024-11-24 12:16:41,779 [INFO] ThirdParty:1030 - CMSIS Pack Vendor :STMicroelectronics X-CUBE-ALS 1.0.2
2024-11-24 12:16:41,779 [INFO] ThirdParty:1030 - CMSIS Pack Vendor :emotas I-CUBE-CANOPEN 1.3.0
2024-11-24 12:16:41,779 [INFO] ThirdParty:1030 - CMSIS Pack Vendor :wolfSSL I-CUBE-wolfSSL 5.7.4
2024-11-24 12:16:41,779 [INFO] ThirdParty:1030 - CMSIS Pack Vendor :STMicroelectronics X-CUBE-NFC7 1.0.1
2024-11-24 12:16:41,779 [INFO] ThirdParty:1030 - CMSIS Pack Vendor :ITTIA_DB I-CUBE-ITTIADB 8.9.0
2024-11-24 12:16:41,779 [INFO] ThirdParty:1030 - CMSIS Pack Vendor :STMicroelectronics X-CUBE-TOUCHGFX 4.24.1
2024-11-24 12:16:41,779 [INFO] ThirdParty:1030 - CMSIS Pack Vendor :wolfSSL I-CUBE-wolfTPM 3.4.0
2024-11-24 12:16:41,779 [INFO] ThirdParty:1030 - CMSIS Pack Vendor :portGmbH I-Cube-SoM-uGOAL 1.1.0
2024-11-24 12:16:41,779 [INFO] ThirdParty:1030 - CMSIS Pack Vendor :STMicroelectronics X-CUBE-BLEMGR 3.1.0
2024-11-24 12:16:41,779 [INFO] ThirdParty:1030 - CMSIS Pack Vendor :STMicroelectronics FP-SNS-SMARTAG2 1.2.0
2024-11-24 12:16:41,779 [INFO] ThirdParty:1030 - CMSIS Pack Vendor :STMicroelectronics X-CUBE-AZRTOS-WL 2.0.0
2024-11-24 12:16:41,779 [INFO] ThirdParty:1030 - CMSIS Pack Vendor :SEGGER I-CUBE-embOS 1.3.1
2024-11-24 12:16:41,780 [INFO] ThirdParty:1030 - CMSIS Pack Vendor :STMicroelectronics X-CUBE-ALGOBUILD 1.4.0
2024-11-24 12:16:41,780 [INFO] ThirdParty:1030 - CMSIS Pack Vendor :STMicroelectronics FP-SNS-MOTENV1 5.0.0
2024-11-24 12:16:41,780 [INFO] ThirdParty:1030 - CMSIS Pack Vendor :STMicroelectronics X-CUBE-AZRTOS-H7RS 1.0.0
2024-11-24 12:16:41,780 [INFO] ThirdParty:1030 - CMSIS Pack Vendor :wolfSSL I-CUBE-wolfMQTT 1.19.0
2024-11-24 12:16:41,780 [INFO] ThirdParty:1030 - CMSIS Pack Vendor :STMicroelectronics X-CUBE-AZRTOS-L4 2.0.0
2024-11-24 12:16:41,780 [INFO] ThirdParty:1030 - CMSIS Pack Vendor :WES I-CUBE-Cesium 1.3.0
2024-11-24 12:16:41,780 [INFO] ThirdParty:1030 - CMSIS Pack Vendor :STMicroelectronics X-CUBE-SFXS2LP1 4.0.0
2024-11-24 12:16:41,780 [INFO] ThirdParty:1030 - CMSIS Pack Vendor :STMicroelectronics X-CUBE-BLE2 3.3.0
2024-11-24 12:16:41,780 [INFO] ThirdParty:1030 - CMSIS Pack Vendor :STMicroelectronics X-CUBE-TOF1 3.4.2
2024-11-24 12:16:41,780 [INFO] ThirdParty:1030 - CMSIS Pack Vendor :STMicroelectronics X-CUBE-AI 9.1.0
2024-11-24 12:16:41,780 [INFO] ThirdParty:1030 - CMSIS Pack Vendor :Infineon AIROC-Wi-Fi-Bluetooth-STM32 1.6.1
2024-11-24 12:16:41,780 [INFO] ThirdParty:1030 - CMSIS Pack Vendor :wolfSSL I-CUBE-wolfSSH 1.4.17
2024-11-24 12:16:41,781 [INFO] LoadServerUpdatesThread:375 - End of LoadServerUpdate Thread
2024-11-24 12:18:00,494 [INFO] McuFinderGlobals:63 - Set McuFinder mode to 2 (CubeIDE integrated)
2024-11-24 12:18:00,495 [INFO] MainUpdater:2873 - connection check result : 10
2024-11-24 12:18:00,496 [INFO] McuFinderGlobals:76 - Set McuFinderConnectedMode to true
2024-11-24 12:18:01,127 [INFO] ServerAccessManage:473 - Download File mcusAds.json._tmp_
2024-11-24 12:18:01,231 [INFO] LoadUrlFilesThread:156 - End of LoadUrlFiles Thread
2024-11-24 12:18:03,059 [INFO] ServerAccessManage:473 - Download File cube-finder-db.zip
2024-11-24 12:18:09,462 [INFO] FileExtend:240 - Unzip File : cube-finder-db.zip
2024-11-24 12:18:09,462 [INFO] FileExtend:255 - Standard Zip Deflate
2024-11-24 12:18:09,947 [INFO] LoadUrlFilesThread:156 - End of LoadUrlFiles Thread
2024-11-24 12:18:11,438 [INFO] ServerAccessManage:473 - Download File crdb.zip
2024-11-24 12:18:12,135 [INFO] FileExtend:240 - Unzip File : crdb.zip
2024-11-24 12:18:12,136 [INFO] FileExtend:255 - Standard Zip Deflate
2024-11-24 12:18:12,252 [INFO] LoadUrlFilesThread:156 - End of LoadUrlFiles Thread
2024-11-24 12:18:13,826 [INFO] ServerAccessManage:473 - Download File tutoVideoDB.zip
2024-11-24 12:18:13,849 [INFO] FileExtend:240 - Unzip File : tutoVideoDB.zip
2024-11-24 12:18:13,849 [INFO] FileExtend:255 - Standard Zip Deflate
2024-11-24 12:18:13,953 [INFO] LoadUrlFilesThread:156 - End of LoadUrlFiles Thread
2024-11-24 12:18:13,955 [WARN] DbFile:41 - Overriding database path with different value: /home/sharad/.stmcufinder/plugins/mcufinder/ => /home/sharad/.stmcufinder/plugins/mcufinder
2024-11-24 12:18:14,788 [INFO] ServerAccessManage:473 - Download File api_config.json
2024-11-24 12:18:14,891 [INFO] LoadUrlFilesThread:156 - End of LoadUrlFiles Thread
2024-11-24 12:18:14,892 [INFO] DbMcusAds:53 - JSON generation date=Fri Sep 20 18:34:38 IST 2024 (1726837478367)
2024-11-24 12:18:15,145 [INFO] ServerAccessManage:473 - Download File 
2024-11-24 12:18:15,240 [INFO] LoadUrlFilesThread:185 - End of LoadServerUrlFiles without Thread
2024-11-24 12:18:15,240 [INFO] TargetSelectorAdapter:259 - Refresh data is successful
2024-11-24 12:18:15,284 [INFO] ApiDb:581 - Connected to CubeFinder SQLite database (/home/sharad/.stmcufinder/plugins/mcufinder/mcu/cube-finder-db.db)
2024-11-24 12:18:15,322 [INFO] ApiDb:668 - CubeFinder database Data Model version=2.1
2024-11-24 12:18:15,322 [INFO] ApiDb:669 - CubeFinder database Configuration version=3.0.39
2024-11-24 12:18:15,323 [INFO] ApiDb:670 - CubeFinder database generation date=2024-10-15 (1729006872)
2024-11-24 12:18:15,323 [INFO] ApiDb:671 - CubeFinder database FW Pack versions=[FP-ATR-ASTRA1_V2.0.0, FP-SNS-FLIGHT1_V5.0.2, FP-SNS-MOTENV1_V5.0.0, FP-SNS-MOTENVWB1_V1.4.0, FP-SNS-SMARTAG2_V1.2.0, FP-SNS-STBOX1_V2.0.0, STM32Cube_FW_C0_V1.2.0, STM32Cube_FW_F4_V1.28.1, STM32Cube_FW_F7_V1.17.2, STM32Cube_FW_G0_V1.6.2, STM32Cube_FW_G4_V1.6.0, STM32Cube_FW_H5_V1.3.0, STM32Cube_FW_H7RS_V1.1.0, STM32Cube_FW_H7_V1.11.2, STM32Cube_FW_L0_V1.12.2, STM32Cube_FW_L5_V1.5.1, STM32Cube_FW_U0_V1.1.0, STM32Cube_FW_U5_V1.6.0, STM32Cube_FW_WB0_V1.0.0, STM32Cube_FW_WBA_V1.4.1, STM32Cube_FW_WB_V1.20.0, STM32Cube_FW_WL_V1.3.0, X-CUBE-ALGOBUILD_V1.4.0, X-CUBE-ALS_V1.0.2, X-CUBE-AZRTOS-F4_V1.1.0, X-CUBE-AZRTOS-F7_V1.1.0, X-CUBE-AZRTOS-G0_V1.1.0, X-CUBE-AZRTOS-G4_V2.0.0, X-CUBE-AZRTOS-H7RS_V1.0.0, X-CUBE-AZRTOS-H7_V3.3.0, X-CUBE-AZRTOS-L4_V2.0.0, X-CUBE-AZRTOS-L5_V2.0.0, X-CUBE-AZRTOS-WB_V2.0.0, X-CUBE-AZRTOS-WL_V2.0.0, X-CUBE-BLE1_V7.0.0, X-CUBE-BLE2_V3.3.0, X-CUBE-BLEMGR_V3.1.0, X-CUBE-EEPRMA1_V5.1.0, X-CUBE-FREERTOS_V1.2.0, X-CUBE-GNSS1_V6.0.0, X-CUBE-MEMS1_V11.0.0, X-CUBE-NFC4_V3.0.0, X-CUBE-NFC7_V1.0.1, X-CUBE-SFXS2LP1_V4.0.0, X-CUBE-SUBG2_V5.0.0, X-CUBE-TOF1_V3.4.2]
2024-11-24 12:18:16,955 [INFO] ApiDb:240 - Found 646 in-development CPN: [B-G473E-ZEST1S, B-WB1M-WPAN1, B-WL5M-SUBG1, NUCLEO-C031C6, NUCLEO-C071RB, NUCLEO-H503RB, NUCLEO-H533RE, NUCLEO-H563ZI, NUCLEO-H7S3L8, NUCLEO-U031R8, NUCLEO-U083RC, NUCLEO-U545RE-Q, NUCLEO-U5A5ZJ-Q, NUCLEO-WB05KZ, NUCLEO-WB07CC, NUCLEO-WB09KE, NUCLEO-WBA52CG, NUCLEO-WBA55CG, STEVAL-PROTEUS1, STEVAL-SMARTAG2, STEVAL-STWINBX1, STM320518-EVAL, STM32C0116-DK, STM32C011D6Y3TR, STM32C011D6Y6TR, STM32C011F4P3, STM32C011F4P6, STM32C011F4U3, STM32C011F4U6TR, STM32C011F6P3, STM32C011F6P6, STM32C011F6U3, STM32C011F6U6TR, STM32C011J4M3, STM32C011J4M6, STM32C011J6M3, STM32C011J6M6, STM32C0316-DK, STM32C031C4T3, STM32C031C4T6, STM32C031C4U3, STM32C031C4U6, STM32C031C6T3, STM32C031C6T6, STM32C031C6U3, STM32C031C6U6, STM32C031F4P3, STM32C031F4P6, STM32C031F6P3, STM32C031F6P6, STM32C031G4U3, STM32C031G4U6, STM32C031G6U3, STM32C031G6U6, STM32C031K4T3, STM32C031K4T6, STM32C031K4U3, STM32C031K4U6, STM32C031K6T3, STM32C031K6T6, STM32C031K6U3, STM32C031K6U6, STM32C071C8T6, STM32C071C8T6N, STM32C071C8U6, STM32C071C8U6N, STM32C071CBT6, STM32C071CBT6N, STM32C071CBU6, STM32C071CBU6N, STM32C071F8P6, STM32C071F8P6N, STM32C071FBP6, STM32C071FBP6N, STM32C071FBY6TR, STM32C071G8U6, STM32C071G8U6N, STM32C071GBU6, STM32C071GBU6N, STM32C071K8T6, STM32C071K8T6N, STM32C071K8U6, STM32C071K8U6N, STM32C071KBT6, STM32C071KBT6N, STM32C071KBU6, STM32C071KBU6N, STM32C071R8T6, STM32C071R8T6N, STM32C071RBI6N, STM32C071RBT6, STM32C071RBT6N, STM32G071K8TXN, STM32G071K8UXN, STM32G081GBU6N, STM32G081KBT6N, STM32G081KBUXN, STM32G0B1CCT6N, STM32G0B1KCT6, STM32G0B1NEY6TR, STM32G0B1RCT6N, STM32G0C1CCT6, STM32G0C1CCT6N, STM32G0C1CCU6N, STM32G0C1CET6N, STM32G0C1CEU6N, STM32G0C1KCT6, STM32G0C1NEY6TR, STM32G0C1RCI6N, STM32G0C1RCT6N, STM32G0C1REI6N, STM32G0C1RET6N, STM32G0C1VCI6, STM32G0C1VEI6, STM32G411C6T3, STM32G411C6T6, STM32G411C6U3, STM32G411C6U6, STM32G411C8T3, STM32G411C8T6, STM32G411C8U3, STM32G411C8U6, STM32G411CBT3, STM32G411CBT6, STM32G411CBU3, STM32G411CBU6, STM32G411K6T3, STM32G411K6T6, STM32G411K6U3, STM32G411K6U6, STM32G411K8T3, STM32G411K8T6, STM32G411K8U3, STM32G411K8U6, STM32G411KBT3, STM32G411KBT6, STM32G411KBU3, STM32G411KBU6, STM32G411M6T3, STM32G411M6T6, STM32G411M8T3, STM32G411M8T6, STM32G411MBT3, STM32G411MBT6, STM32G411R6T3, STM32G411R6T6, STM32G411R8T3, STM32G411R8T6, STM32G411RBT3, STM32G411RBT6, STM32G414CBT3, STM32G414CBT6, STM32G414CBU3, STM32G414CBU6, STM32G414CCT3, STM32G414CCT6, STM32G414CCU3, STM32G414CCU6, STM32G414MBT3, STM32G414MBT6, STM32G414MCT3, STM32G414MCT6, STM32G414RBT3, STM32G414RBT6, STM32G414RCT3, STM32G414RCT6, STM32G414VBT3, STM32G414VBT6, STM32G414VCT3, STM32G414VCT6, STM32G431CBT3Z, STM32G431RBT3Z, STM32G471CCT6, STM32G471CCU6, STM32G471CET3, STM32G471CET6, STM32G471CEU3, STM32G471CEU6, STM32G471MCT6, STM32G471MET3, STM32G471MET6, STM32G471MEY6TR, STM32G471QCT6, STM32G471QET3, STM32G471RCT6, STM32G471RET3, STM32G471RET6, STM32G471VCH6, STM32G471VCI6, STM32G471VCT6, STM32G471VEH3, STM32G471VEH6, STM32G471VEI3, STM32G471VEI6, STM32G471VET3, STM32G471VET6, STM32G473QET3Z, STM32G473RET3Z, STM32G474CCT6, STM32G491RET3Z, STM32H503CBT6, STM32H503CBU6, STM32H503EBY6TR, STM32H503KBU6, STM32H503RBT6, STM32H523CCT6, STM32H523CCU6, STM32H523CET6, STM32H523CEU6, STM32H523HEY6TR, STM32H523RCT6, STM32H523RET6, STM32H523VCI6, STM32H523VCT6, STM32H523VEI6, STM32H523VET6, STM32H523ZCJ6, STM32H523ZCT6, STM32H523ZEJ6, STM32H523ZET6, STM32H533CET6, STM32H533CEU6, STM32H533HEY6TR, STM32H533RET6, STM32H533VEI6, STM32H533VET6, STM32H533ZEJ6, STM32H533ZET6, STM32H562AGI6, STM32H562AII6, STM32H562IGK6, STM32H562IGT6, STM32H562IIK6, STM32H562IIT6, STM32H562RGT6, STM32H562RGV6, STM32H562RIT6, STM32H562RIV6, STM32H562VGT6, STM32H562VIT6, STM32H562ZGT6, STM32H562ZIT6, STM32H563AGI6, STM32H563AII3Q, STM32H563AII6, STM32H563IGK6, STM32H563IGT6, STM32H563IIK3Q, STM32H563IIK6, STM32H563IIT3Q, STM32H563IIT6, STM32H563MIY3QTR, STM32H563RGT6, STM32H563RGV6, STM32H563RIT6, STM32H563RIV6, STM32H563VGT6, STM32H563VIT3Q, STM32H563VIT6, STM32H563ZGT6, STM32H563ZIT3Q, STM32H563ZIT6, STM32H573AII3Q, STM32H573AII6, STM32H573I-DK, STM32H573IIK3Q, STM32H573IIK6, STM32H573IIT3Q, STM32H573IIT6, STM32H573MIY3QTR, STM32H573RIT6, STM32H573RIV6, STM32H573VIT3Q, STM32H573VIT6, STM32H573ZIT3Q, STM32H573ZIT6, STM32H7R3A8I6, STM32H7R3I8K6, STM32H7R3I8T6, STM32H7R3L8H6, STM32H7R3L8H6H, STM32H7R3R8V6, STM32H7R3V8H6, STM32H7R3V8T6, STM32H7R3V8Y6TR, STM32H7R3Z8J6, STM32H7R3Z8T6, STM32H7R7A8I6, STM32H7R7I8K6, STM32H7R7I8T6, STM32H7R7L8H6, STM32H7R7L8H6H, STM32H7R7Z8J6, STM32H7S3A8I6, STM32H7S3I8K6, STM32H7S3I8T6, STM32H7S3L8H6, STM32H7S3L8H6H, STM32H7S3R8V6, STM32H7S3V8H6, STM32H7S3V8T6, STM32H7S3V8Y6TR, STM32H7S3Z8J6, STM32H7S3Z8T6, STM32H7S78-DK, STM32H7S7A8I6, STM32H7S7I8K6, STM32H7S7I8T6, STM32H7S7L8H6, STM32H7S7L8H6H, STM32H7S7Z8J6, STM32L4R5QGI6STR, STM32MP131AAE3, STM32MP131AAF3, STM32MP131AAG3, STM32MP131CAE3, STM32MP131CAF3, STM32MP131CAG3, STM32MP131DAE7, STM32MP131DAF7, STM32MP131DAG7, STM32MP131FAE7, STM32MP131FAF7, STM32MP131FAG7, STM32MP133AAE3, STM32MP133AAF3, STM32MP133AAG3, STM32MP133CAE3, STM32MP133CAF3, STM32MP133CAG3, STM32MP133DAE7, STM32MP133DAF7, STM32MP133DAG7, STM32MP133FAE7, STM32MP133FAF7, STM32MP133FAG7, STM32MP135AAE3, STM32MP135AAF3, STM32MP135AAG3, STM32MP135CAE3, STM32MP135CAF3, STM32MP135CAG3, STM32MP135DAE7, STM32MP135DAF7, STM32MP135DAG7, STM32MP135F-DK, STM32MP135FAE7, STM32MP135FAF7, STM32MP135FAF7T, STM32MP135FAF7U, STM32MP135FAG7, STM32MP251AAI3, STM32MP251AAK3, STM32MP251AAL3, STM32MP251CAI3, STM32MP251CAK3, STM32MP251CAL3, STM32MP251DAI3, STM32MP251DAK3, STM32MP251DAL3, STM32MP251FAI3, STM32MP251FAK3, STM32MP251FAL3, STM32MP253AAI3, STM32MP253AAK3, STM32MP253AAL3, STM32MP253CAI3, STM32MP253CAK3, STM32MP253CAL3, STM32MP253DAI3, STM32MP253DAK3, STM32MP253DAL3, STM32MP253FAI3, STM32MP253FAK3, STM32MP253FAL3, STM32MP255AAI3, STM32MP255AAK3, STM32MP255AAL3, STM32MP255CAI3, STM32MP255CAK3, STM32MP255CAL3, STM32MP255DAI3, STM32MP255DAK3, STM32MP255DAL3, STM32MP255FAI3, STM32MP255FAK3, STM32MP255FAL3, STM32MP257AAI3, STM32MP257AAK3, STM32MP257AAL3, STM32MP257CAI3, STM32MP257CAK3, STM32MP257CAL3, STM32MP257DAI3, STM32MP257DAK3, STM32MP257DAL3, STM32MP257F-DK, STM32MP257F-EV1, STM32MP257FAI3, STM32MP257FAK3, STM32MP257FAL3, STM32U031C6T6, STM32U031C6U6, STM32U031C8T6, STM32U031C8U6, STM32U031F4P6, STM32U031F6P6, STM32U031F8P6, STM32U031G6Y6TR, STM32U031G8Y6TR, STM32U031K4U6, STM32U031K6U6, STM32U031K8U6, STM32U031R6I6, STM32U031R6T6, STM32U031R8I6, STM32U031R8T6, STM32U073C8T6, STM32U073C8U6, STM32U073CBT6, STM32U073CBU6, STM32U073CCT6, STM32U073CCU6, STM32U073H8Y6TR, STM32U073HBY6TR, STM32U073HCY6TR, STM32U073K8U6, STM32U073KBU6, STM32U073KCU6, STM32U073M8I6, STM32U073M8T6, STM32U073MBI6, STM32U073MBT6, STM32U073MCI6, STM32U073MCT6, STM32U073R8I6, STM32U073R8T6, STM32U073RBI6, STM32U073RBT6, STM32U073RCI6, STM32U073RCT6, STM32U083C-DK, STM32U083CCT6, STM32U083CCU6, STM32U083HCY6TR, STM32U083KCU6, STM32U083MCI6, STM32U083MCT6, STM32U083RCI6, STM32U083RCT6, STM32U535CBT6, STM32U535CBT6Q, STM32U535CBU6, STM32U535CBU6Q, STM32U535CCT6, STM32U535CCT6Q, STM32U535CCU6, STM32U535CCU6Q, STM32U535CET6, STM32U535CET6Q, STM32U535CEU6, STM32U535CEU6Q, STM32U535JEY6QTR, STM32U535NCY6QTR, STM32U535NEY6QTR, STM32U535RBI6, STM32U535RBI6Q, STM32U535RBT6, STM32U535RBT6Q, STM32U535RCI6, STM32U535RCI6Q, STM32U535RCT6, STM32U535RCT6Q, STM32U535REI6, STM32U535REI6Q, STM32U535RET6, STM32U535RET6Q, STM32U535VCI6, STM32U535VCI6Q, STM32U535VCT6, STM32U535VCT6Q, STM32U535VEI6, STM32U535VEI6Q, STM32U535VET6, STM32U535VET6Q, STM32U545CET6, STM32U545CET6Q, STM32U545CEU6, STM32U545CEU6Q, STM32U545JEY6QTR, STM32U545NEY6QTR, STM32U545REI6, STM32U545REI6Q, STM32U545RET6, STM32U545RET6Q, STM32U545VEI6, STM32U545VEI6Q, STM32U545VET6, STM32U545VET6Q, STM32U595AIH6, STM32U595AIH6Q, STM32U595AJH6, STM32U595AJH6Q, STM32U595QII6, STM32U595QII6Q, STM32U595QJI6, STM32U595QJI6Q, STM32U595RIT6, STM32U595RIT6Q, STM32U595RJT6, STM32U595RJT6Q, STM32U595VIT6, STM32U595VIT6Q, STM32U595VJT6, STM32U595VJT6Q, STM32U595ZIT6, STM32U595ZIT6Q, STM32U595ZIY6QTR, STM32U595ZJT6, STM32U595ZJT6Q, STM32U595ZJY6QTR, STM32U599BJY6QTR, STM32U599NIH6Q, STM32U599NJH6Q, STM32U599VIT6Q, STM32U599VJT6, STM32U599VJT6Q, STM32U599ZIT6Q, STM32U599ZIY6QTR, STM32U599ZJT6Q, STM32U599ZJY6QTR, STM32U5A5AJH6, STM32U5A5AJH6Q, STM32U5A5QII3Q , STM32U5A5QJI6, STM32U5A5QJI6Q, STM32U5A5RJT6, STM32U5A5RJT6Q, STM32U5A5VJT6, STM32U5A5VJT6Q, STM32U5A5ZJT6, STM32U5A5ZJT6Q, STM32U5A5ZJY6QTR, STM32U5A9BJY6QTR, STM32U5A9J-DK, STM32U5A9NJH6Q, STM32U5A9VJT6Q, STM32U5A9ZJT6Q, STM32U5A9ZJY6QTR, STM32U5F7VIT6, STM32U5F7VIT6Q, STM32U5F7VJT6, STM32U5F7VJT6Q, STM32U5F9BJY6QTR, STM32U5F9NJH6Q, STM32U5F9VIT6Q, STM32U5F9VJT6Q, STM32U5F9ZIJ6QTR, STM32U5F9ZIT6Q, STM32U5F9ZJJ6QTR, STM32U5F9ZJT6Q, STM32U5G7VJT6, STM32U5G7VJT6Q, STM32U5G9BJY6QTR, STM32U5G9J-DK1, STM32U5G9J-DK2, STM32U5G9NJH6Q, STM32U5G9VJT6Q, STM32U5G9ZJJ6QTR, STM32U5G9ZJT6Q, STM32WB05KZV6TR, STM32WB05KZV7TR, STM32WB05TZF6TR, STM32WB05TZF7TR, STM32WB06CCF6TR, STM32WB06CCF7TR, STM32WB06CCV6TR, STM32WB06CCV7TR, STM32WB06KCV6TR, STM32WB06KCV7TR, STM32WB07CCF6TR, STM32WB07CCF7TR, STM32WB07CCV6TR, STM32WB07CCV7TR, STM32WB07KCV6TR, STM32WB07KCV7TR, STM32WB09KEV6TR, STM32WB09KEV7TR, STM32WB09TEF6TR, STM32WB09TEF7TR, STM32WB1MMCH6, STM32WBA50KGU6, STM32WBA50KGU6TR, STM32WBA52CEU6, STM32WBA52CEU6TR, STM32WBA52CEU7, STM32WBA52CEU7TR, STM32WBA52CGU6, STM32WBA52CGU6TR, STM32WBA52CGU6U, STM32WBA52CGU7, STM32WBA52CGU7TR, STM32WBA52KEU6, STM32WBA52KEU6TR, STM32WBA52KGU6, STM32WBA52KGU6TR, STM32WBA54CEU6, STM32WBA54CEU6TR, STM32WBA54CEU7, STM32WBA54CEU7TR, STM32WBA54CGU6, STM32WBA54CGU6TR, STM32WBA54CGU7, STM32WBA54CGU7TR, STM32WBA54KEU6, STM32WBA54KEU6TR, STM32WBA54KEU7, STM32WBA54KEU7TR, STM32WBA54KGU6, STM32WBA54KGU6TR, STM32WBA54KGU7, STM32WBA54KGU7TR, STM32WBA55CEU6, STM32WBA55CEU6TR, STM32WBA55CEU7, STM32WBA55CEU7TR, STM32WBA55CGU6, STM32WBA55CGU6TR, STM32WBA55CGU6U, STM32WBA55CGU7, STM32WBA55CGU7TR, STM32WBA55G-DK1, STM32WBA55HEF6, STM32WBA55HEF7, STM32WBA55HGF6, STM32WBA55HGF7, STM32WBA55UEI6, STM32WBA55UEI6TR, STM32WBA55UEI7, STM32WBA55UEI7TR, STM32WBA55UGI6, STM32WBA55UGI6TR, STM32WBA55UGI7, STM32WBA55UGI7TR, STM32WL5MOCH6, STM32WL5MOCH6TR]
2024-11-24 12:18:16,958 [INFO] DbMcus:218 - Found 4252 MCUs, 4252 are supported
2024-11-24 12:18:16,959 [INFO] ApiDb:414 - User favorites file not found: /home/sharad/.stm32cubeide/favorites.mcus.txt
2024-11-24 12:18:16,959 [INFO] DbMcus:224 - Set 0 / 0 favorites MCUs
2024-11-24 12:18:17,156 [INFO] ApiDb:668 - CubeFinder database Data Model version=2.1
2024-11-24 12:18:17,156 [INFO] ApiDb:669 - CubeFinder database Configuration version=3.0.39
2024-11-24 12:18:17,156 [INFO] ApiDb:670 - CubeFinder database generation date=2024-10-15 (1729006872)
2024-11-24 12:18:17,156 [INFO] ApiDb:671 - CubeFinder database FW Pack versions=[FP-ATR-ASTRA1_V2.0.0, FP-SNS-FLIGHT1_V5.0.2, FP-SNS-MOTENV1_V5.0.0, FP-SNS-MOTENVWB1_V1.4.0, FP-SNS-SMARTAG2_V1.2.0, FP-SNS-STBOX1_V2.0.0, STM32Cube_FW_C0_V1.2.0, STM32Cube_FW_F4_V1.28.1, STM32Cube_FW_F7_V1.17.2, STM32Cube_FW_G0_V1.6.2, STM32Cube_FW_G4_V1.6.0, STM32Cube_FW_H5_V1.3.0, STM32Cube_FW_H7RS_V1.1.0, STM32Cube_FW_H7_V1.11.2, STM32Cube_FW_L0_V1.12.2, STM32Cube_FW_L5_V1.5.1, STM32Cube_FW_U0_V1.1.0, STM32Cube_FW_U5_V1.6.0, STM32Cube_FW_WB0_V1.0.0, STM32Cube_FW_WBA_V1.4.1, STM32Cube_FW_WB_V1.20.0, STM32Cube_FW_WL_V1.3.0, X-CUBE-ALGOBUILD_V1.4.0, X-CUBE-ALS_V1.0.2, X-CUBE-AZRTOS-F4_V1.1.0, X-CUBE-AZRTOS-F7_V1.1.0, X-CUBE-AZRTOS-G0_V1.1.0, X-CUBE-AZRTOS-G4_V2.0.0, X-CUBE-AZRTOS-H7RS_V1.0.0, X-CUBE-AZRTOS-H7_V3.3.0, X-CUBE-AZRTOS-L4_V2.0.0, X-CUBE-AZRTOS-L5_V2.0.0, X-CUBE-AZRTOS-WB_V2.0.0, X-CUBE-AZRTOS-WL_V2.0.0, X-CUBE-BLE1_V7.0.0, X-CUBE-BLE2_V3.3.0, X-CUBE-BLEMGR_V3.1.0, X-CUBE-EEPRMA1_V5.1.0, X-CUBE-FREERTOS_V1.2.0, X-CUBE-GNSS1_V6.0.0, X-CUBE-MEMS1_V11.0.0, X-CUBE-NFC4_V3.0.0, X-CUBE-NFC7_V1.0.1, X-CUBE-SFXS2LP1_V4.0.0, X-CUBE-SUBG2_V5.0.0, X-CUBE-TOF1_V3.4.2]
2024-11-24 12:18:17,190 [INFO] DbBoardsSqlite:226 - include board P-NUCLEO-WB55-NUCLEO as a kit item of type 'Nucleo-64'
2024-11-24 12:18:17,190 [INFO] DbBoardsSqlite:226 - include board P-NUCLEO-WB55-USBDONGLE as a kit item of type 'Nucleo USB Dongle'
2024-11-24 12:18:17,190 [INFO] DbBoardsSqlite:226 - include board STEVAL-IDP005V1 as a kit item of type 'Evaluation Board'
2024-11-24 12:18:17,190 [INFO] DbBoardsSqlite:226 - include board STEVAL-IDP005V2 as a kit item of type 'Evaluation Board'
2024-11-24 12:18:17,215 [INFO] ApiDb:240 - Found 646 in-development CPN: [B-G473E-ZEST1S, B-WB1M-WPAN1, B-WL5M-SUBG1, NUCLEO-C031C6, NUCLEO-C071RB, NUCLEO-H503RB, NUCLEO-H533RE, NUCLEO-H563ZI, NUCLEO-H7S3L8, NUCLEO-U031R8, NUCLEO-U083RC, NUCLEO-U545RE-Q, NUCLEO-U5A5ZJ-Q, NUCLEO-WB05KZ, NUCLEO-WB07CC, NUCLEO-WB09KE, NUCLEO-WBA52CG, NUCLEO-WBA55CG, STEVAL-PROTEUS1, STEVAL-SMARTAG2, STEVAL-STWINBX1, STM320518-EVAL, STM32C0116-DK, STM32C011D6Y3TR, STM32C011D6Y6TR, STM32C011F4P3, STM32C011F4P6, STM32C011F4U3, STM32C011F4U6TR, STM32C011F6P3, STM32C011F6P6, STM32C011F6U3, STM32C011F6U6TR, STM32C011J4M3, STM32C011J4M6, STM32C011J6M3, STM32C011J6M6, STM32C0316-DK, STM32C031C4T3, STM32C031C4T6, STM32C031C4U3, STM32C031C4U6, STM32C031C6T3, STM32C031C6T6, STM32C031C6U3, STM32C031C6U6, STM32C031F4P3, STM32C031F4P6, STM32C031F6P3, STM32C031F6P6, STM32C031G4U3, STM32C031G4U6, STM32C031G6U3, STM32C031G6U6, STM32C031K4T3, STM32C031K4T6, STM32C031K4U3, STM32C031K4U6, STM32C031K6T3, STM32C031K6T6, STM32C031K6U3, STM32C031K6U6, STM32C071C8T6, STM32C071C8T6N, STM32C071C8U6, STM32C071C8U6N, STM32C071CBT6, STM32C071CBT6N, STM32C071CBU6, STM32C071CBU6N, STM32C071F8P6, STM32C071F8P6N, STM32C071FBP6, STM32C071FBP6N, STM32C071FBY6TR, STM32C071G8U6, STM32C071G8U6N, STM32C071GBU6, STM32C071GBU6N, STM32C071K8T6, STM32C071K8T6N, STM32C071K8U6, STM32C071K8U6N, STM32C071KBT6, STM32C071KBT6N, STM32C071KBU6, STM32C071KBU6N, STM32C071R8T6, STM32C071R8T6N, STM32C071RBI6N, STM32C071RBT6, STM32C071RBT6N, STM32G071K8TXN, STM32G071K8UXN, STM32G081GBU6N, STM32G081KBT6N, STM32G081KBUXN, STM32G0B1CCT6N, STM32G0B1KCT6, STM32G0B1NEY6TR, STM32G0B1RCT6N, STM32G0C1CCT6, STM32G0C1CCT6N, STM32G0C1CCU6N, STM32G0C1CET6N, STM32G0C1CEU6N, STM32G0C1KCT6, STM32G0C1NEY6TR, STM32G0C1RCI6N, STM32G0C1RCT6N, STM32G0C1REI6N, STM32G0C1RET6N, STM32G0C1VCI6, STM32G0C1VEI6, STM32G411C6T3, STM32G411C6T6, STM32G411C6U3, STM32G411C6U6, STM32G411C8T3, STM32G411C8T6, STM32G411C8U3, STM32G411C8U6, STM32G411CBT3, STM32G411CBT6, STM32G411CBU3, STM32G411CBU6, STM32G411K6T3, STM32G411K6T6, STM32G411K6U3, STM32G411K6U6, STM32G411K8T3, STM32G411K8T6, STM32G411K8U3, STM32G411K8U6, STM32G411KBT3, STM32G411KBT6, STM32G411KBU3, STM32G411KBU6, STM32G411M6T3, STM32G411M6T6, STM32G411M8T3, STM32G411M8T6, STM32G411MBT3, STM32G411MBT6, STM32G411R6T3, STM32G411R6T6, STM32G411R8T3, STM32G411R8T6, STM32G411RBT3, STM32G411RBT6, STM32G414CBT3, STM32G414CBT6, STM32G414CBU3, STM32G414CBU6, STM32G414CCT3, STM32G414CCT6, STM32G414CCU3, STM32G414CCU6, STM32G414MBT3, STM32G414MBT6, STM32G414MCT3, STM32G414MCT6, STM32G414RBT3, STM32G414RBT6, STM32G414RCT3, STM32G414RCT6, STM32G414VBT3, STM32G414VBT6, STM32G414VCT3, STM32G414VCT6, STM32G431CBT3Z, STM32G431RBT3Z, STM32G471CCT6, STM32G471CCU6, STM32G471CET3, STM32G471CET6, STM32G471CEU3, STM32G471CEU6, STM32G471MCT6, STM32G471MET3, STM32G471MET6, STM32G471MEY6TR, STM32G471QCT6, STM32G471QET3, STM32G471RCT6, STM32G471RET3, STM32G471RET6, STM32G471VCH6, STM32G471VCI6, STM32G471VCT6, STM32G471VEH3, STM32G471VEH6, STM32G471VEI3, STM32G471VEI6, STM32G471VET3, STM32G471VET6, STM32G473QET3Z, STM32G473RET3Z, STM32G474CCT6, STM32G491RET3Z, STM32H503CBT6, STM32H503CBU6, STM32H503EBY6TR, STM32H503KBU6, STM32H503RBT6, STM32H523CCT6, STM32H523CCU6, STM32H523CET6, STM32H523CEU6, STM32H523HEY6TR, STM32H523RCT6, STM32H523RET6, STM32H523VCI6, STM32H523VCT6, STM32H523VEI6, STM32H523VET6, STM32H523ZCJ6, STM32H523ZCT6, STM32H523ZEJ6, STM32H523ZET6, STM32H533CET6, STM32H533CEU6, STM32H533HEY6TR, STM32H533RET6, STM32H533VEI6, STM32H533VET6, STM32H533ZEJ6, STM32H533ZET6, STM32H562AGI6, STM32H562AII6, STM32H562IGK6, STM32H562IGT6, STM32H562IIK6, STM32H562IIT6, STM32H562RGT6, STM32H562RGV6, STM32H562RIT6, STM32H562RIV6, STM32H562VGT6, STM32H562VIT6, STM32H562ZGT6, STM32H562ZIT6, STM32H563AGI6, STM32H563AII3Q, STM32H563AII6, STM32H563IGK6, STM32H563IGT6, STM32H563IIK3Q, STM32H563IIK6, STM32H563IIT3Q, STM32H563IIT6, STM32H563MIY3QTR, STM32H563RGT6, STM32H563RGV6, STM32H563RIT6, STM32H563RIV6, STM32H563VGT6, STM32H563VIT3Q, STM32H563VIT6, STM32H563ZGT6, STM32H563ZIT3Q, STM32H563ZIT6, STM32H573AII3Q, STM32H573AII6, STM32H573I-DK, STM32H573IIK3Q, STM32H573IIK6, STM32H573IIT3Q, STM32H573IIT6, STM32H573MIY3QTR, STM32H573RIT6, STM32H573RIV6, STM32H573VIT3Q, STM32H573VIT6, STM32H573ZIT3Q, STM32H573ZIT6, STM32H7R3A8I6, STM32H7R3I8K6, STM32H7R3I8T6, STM32H7R3L8H6, STM32H7R3L8H6H, STM32H7R3R8V6, STM32H7R3V8H6, STM32H7R3V8T6, STM32H7R3V8Y6TR, STM32H7R3Z8J6, STM32H7R3Z8T6, STM32H7R7A8I6, STM32H7R7I8K6, STM32H7R7I8T6, STM32H7R7L8H6, STM32H7R7L8H6H, STM32H7R7Z8J6, STM32H7S3A8I6, STM32H7S3I8K6, STM32H7S3I8T6, STM32H7S3L8H6, STM32H7S3L8H6H, STM32H7S3R8V6, STM32H7S3V8H6, STM32H7S3V8T6, STM32H7S3V8Y6TR, STM32H7S3Z8J6, STM32H7S3Z8T6, STM32H7S78-DK, STM32H7S7A8I6, STM32H7S7I8K6, STM32H7S7I8T6, STM32H7S7L8H6, STM32H7S7L8H6H, STM32H7S7Z8J6, STM32L4R5QGI6STR, STM32MP131AAE3, STM32MP131AAF3, STM32MP131AAG3, STM32MP131CAE3, STM32MP131CAF3, STM32MP131CAG3, STM32MP131DAE7, STM32MP131DAF7, STM32MP131DAG7, STM32MP131FAE7, STM32MP131FAF7, STM32MP131FAG7, STM32MP133AAE3, STM32MP133AAF3, STM32MP133AAG3, STM32MP133CAE3, STM32MP133CAF3, STM32MP133CAG3, STM32MP133DAE7, STM32MP133DAF7, STM32MP133DAG7, STM32MP133FAE7, STM32MP133FAF7, STM32MP133FAG7, STM32MP135AAE3, STM32MP135AAF3, STM32MP135AAG3, STM32MP135CAE3, STM32MP135CAF3, STM32MP135CAG3, STM32MP135DAE7, STM32MP135DAF7, STM32MP135DAG7, STM32MP135F-DK, STM32MP135FAE7, STM32MP135FAF7, STM32MP135FAF7T, STM32MP135FAF7U, STM32MP135FAG7, STM32MP251AAI3, STM32MP251AAK3, STM32MP251AAL3, STM32MP251CAI3, STM32MP251CAK3, STM32MP251CAL3, STM32MP251DAI3, STM32MP251DAK3, STM32MP251DAL3, STM32MP251FAI3, STM32MP251FAK3, STM32MP251FAL3, STM32MP253AAI3, STM32MP253AAK3, STM32MP253AAL3, STM32MP253CAI3, STM32MP253CAK3, STM32MP253CAL3, STM32MP253DAI3, STM32MP253DAK3, STM32MP253DAL3, STM32MP253FAI3, STM32MP253FAK3, STM32MP253FAL3, STM32MP255AAI3, STM32MP255AAK3, STM32MP255AAL3, STM32MP255CAI3, STM32MP255CAK3, STM32MP255CAL3, STM32MP255DAI3, STM32MP255DAK3, STM32MP255DAL3, STM32MP255FAI3, STM32MP255FAK3, STM32MP255FAL3, STM32MP257AAI3, STM32MP257AAK3, STM32MP257AAL3, STM32MP257CAI3, STM32MP257CAK3, STM32MP257CAL3, STM32MP257DAI3, STM32MP257DAK3, STM32MP257DAL3, STM32MP257F-DK, STM32MP257F-EV1, STM32MP257FAI3, STM32MP257FAK3, STM32MP257FAL3, STM32U031C6T6, STM32U031C6U6, STM32U031C8T6, STM32U031C8U6, STM32U031F4P6, STM32U031F6P6, STM32U031F8P6, STM32U031G6Y6TR, STM32U031G8Y6TR, STM32U031K4U6, STM32U031K6U6, STM32U031K8U6, STM32U031R6I6, STM32U031R6T6, STM32U031R8I6, STM32U031R8T6, STM32U073C8T6, STM32U073C8U6, STM32U073CBT6, STM32U073CBU6, STM32U073CCT6, STM32U073CCU6, STM32U073H8Y6TR, STM32U073HBY6TR, STM32U073HCY6TR, STM32U073K8U6, STM32U073KBU6, STM32U073KCU6, STM32U073M8I6, STM32U073M8T6, STM32U073MBI6, STM32U073MBT6, STM32U073MCI6, STM32U073MCT6, STM32U073R8I6, STM32U073R8T6, STM32U073RBI6, STM32U073RBT6, STM32U073RCI6, STM32U073RCT6, STM32U083C-DK, STM32U083CCT6, STM32U083CCU6, STM32U083HCY6TR, STM32U083KCU6, STM32U083MCI6, STM32U083MCT6, STM32U083RCI6, STM32U083RCT6, STM32U535CBT6, STM32U535CBT6Q, STM32U535CBU6, STM32U535CBU6Q, STM32U535CCT6, STM32U535CCT6Q, STM32U535CCU6, STM32U535CCU6Q, STM32U535CET6, STM32U535CET6Q, STM32U535CEU6, STM32U535CEU6Q, STM32U535JEY6QTR, STM32U535NCY6QTR, STM32U535NEY6QTR, STM32U535RBI6, STM32U535RBI6Q, STM32U535RBT6, STM32U535RBT6Q, STM32U535RCI6, STM32U535RCI6Q, STM32U535RCT6, STM32U535RCT6Q, STM32U535REI6, STM32U535REI6Q, STM32U535RET6, STM32U535RET6Q, STM32U535VCI6, STM32U535VCI6Q, STM32U535VCT6, STM32U535VCT6Q, STM32U535VEI6, STM32U535VEI6Q, STM32U535VET6, STM32U535VET6Q, STM32U545CET6, STM32U545CET6Q, STM32U545CEU6, STM32U545CEU6Q, STM32U545JEY6QTR, STM32U545NEY6QTR, STM32U545REI6, STM32U545REI6Q, STM32U545RET6, STM32U545RET6Q, STM32U545VEI6, STM32U545VEI6Q, STM32U545VET6, STM32U545VET6Q, STM32U595AIH6, STM32U595AIH6Q, STM32U595AJH6, STM32U595AJH6Q, STM32U595QII6, STM32U595QII6Q, STM32U595QJI6, STM32U595QJI6Q, STM32U595RIT6, STM32U595RIT6Q, STM32U595RJT6, STM32U595RJT6Q, STM32U595VIT6, STM32U595VIT6Q, STM32U595VJT6, STM32U595VJT6Q, STM32U595ZIT6, STM32U595ZIT6Q, STM32U595ZIY6QTR, STM32U595ZJT6, STM32U595ZJT6Q, STM32U595ZJY6QTR, STM32U599BJY6QTR, STM32U599NIH6Q, STM32U599NJH6Q, STM32U599VIT6Q, STM32U599VJT6, STM32U599VJT6Q, STM32U599ZIT6Q, STM32U599ZIY6QTR, STM32U599ZJT6Q, STM32U599ZJY6QTR, STM32U5A5AJH6, STM32U5A5AJH6Q, STM32U5A5QII3Q , STM32U5A5QJI6, STM32U5A5QJI6Q, STM32U5A5RJT6, STM32U5A5RJT6Q, STM32U5A5VJT6, STM32U5A5VJT6Q, STM32U5A5ZJT6, STM32U5A5ZJT6Q, STM32U5A5ZJY6QTR, STM32U5A9BJY6QTR, STM32U5A9J-DK, STM32U5A9NJH6Q, STM32U5A9VJT6Q, STM32U5A9ZJT6Q, STM32U5A9ZJY6QTR, STM32U5F7VIT6, STM32U5F7VIT6Q, STM32U5F7VJT6, STM32U5F7VJT6Q, STM32U5F9BJY6QTR, STM32U5F9NJH6Q, STM32U5F9VIT6Q, STM32U5F9VJT6Q, STM32U5F9ZIJ6QTR, STM32U5F9ZIT6Q, STM32U5F9ZJJ6QTR, STM32U5F9ZJT6Q, STM32U5G7VJT6, STM32U5G7VJT6Q, STM32U5G9BJY6QTR, STM32U5G9J-DK1, STM32U5G9J-DK2, STM32U5G9NJH6Q, STM32U5G9VJT6Q, STM32U5G9ZJJ6QTR, STM32U5G9ZJT6Q, STM32WB05KZV6TR, STM32WB05KZV7TR, STM32WB05TZF6TR, STM32WB05TZF7TR, STM32WB06CCF6TR, STM32WB06CCF7TR, STM32WB06CCV6TR, STM32WB06CCV7TR, STM32WB06KCV6TR, STM32WB06KCV7TR, STM32WB07CCF6TR, STM32WB07CCF7TR, STM32WB07CCV6TR, STM32WB07CCV7TR, STM32WB07KCV6TR, STM32WB07KCV7TR, STM32WB09KEV6TR, STM32WB09KEV7TR, STM32WB09TEF6TR, STM32WB09TEF7TR, STM32WB1MMCH6, STM32WBA50KGU6, STM32WBA50KGU6TR, STM32WBA52CEU6, STM32WBA52CEU6TR, STM32WBA52CEU7, STM32WBA52CEU7TR, STM32WBA52CGU6, STM32WBA52CGU6TR, STM32WBA52CGU6U, STM32WBA52CGU7, STM32WBA52CGU7TR, STM32WBA52KEU6, STM32WBA52KEU6TR, STM32WBA52KGU6, STM32WBA52KGU6TR, STM32WBA54CEU6, STM32WBA54CEU6TR, STM32WBA54CEU7, STM32WBA54CEU7TR, STM32WBA54CGU6, STM32WBA54CGU6TR, STM32WBA54CGU7, STM32WBA54CGU7TR, STM32WBA54KEU6, STM32WBA54KEU6TR, STM32WBA54KEU7, STM32WBA54KEU7TR, STM32WBA54KGU6, STM32WBA54KGU6TR, STM32WBA54KGU7, STM32WBA54KGU7TR, STM32WBA55CEU6, STM32WBA55CEU6TR, STM32WBA55CEU7, STM32WBA55CEU7TR, STM32WBA55CGU6, STM32WBA55CGU6TR, STM32WBA55CGU6U, STM32WBA55CGU7, STM32WBA55CGU7TR, STM32WBA55G-DK1, STM32WBA55HEF6, STM32WBA55HEF7, STM32WBA55HGF6, STM32WBA55HGF7, STM32WBA55UEI6, STM32WBA55UEI6TR, STM32WBA55UEI7, STM32WBA55UEI7TR, STM32WBA55UGI6, STM32WBA55UGI6TR, STM32WBA55UGI7, STM32WBA55UGI7TR, STM32WL5MOCH6, STM32WL5MOCH6TR]
2024-11-24 12:18:17,278 [INFO] BoardInfo:889 - No configuration file found for board P-NUCLEO-WB55
2024-11-24 12:18:17,278 [INFO] DbBoards:161 - Kit is not supported: P-NUCLEO-WB55
2024-11-24 12:18:17,281 [INFO] BoardInfo:889 - No configuration file found for board STEVAL-BFA001V1B
2024-11-24 12:18:17,281 [INFO] DbBoards:161 - Kit is not supported: STEVAL-BFA001V1B
2024-11-24 12:18:17,281 [INFO] BoardInfo:889 - No configuration file found for board STEVAL-BFA001V2B
2024-11-24 12:18:17,281 [INFO] DbBoards:161 - Kit is not supported: STEVAL-BFA001V2B
2024-11-24 12:18:17,345 [INFO] DbBoards:168 - Found 201 boards, 198 are supported
2024-11-24 12:18:17,345 [INFO] DbBoards:169 - Found 201 boards, 25 of them is supported for  Bsp
2024-11-24 12:18:17,347 [INFO] ApiDb:414 - User favorites file not found: /home/sharad/.stm32cubeide/favorites.boards.txt
2024-11-24 12:18:17,347 [INFO] DbBoards:198 - Set 0 / 0 favorites Boards
2024-11-24 12:18:17,349 [INFO] ApiDb:668 - CubeFinder database Data Model version=2.1
2024-11-24 12:18:17,349 [INFO] ApiDb:669 - CubeFinder database Configuration version=3.0.39
2024-11-24 12:18:17,349 [INFO] ApiDb:670 - CubeFinder database generation date=2024-10-15 (1729006872)
2024-11-24 12:18:17,349 [INFO] ApiDb:671 - CubeFinder database FW Pack versions=[FP-ATR-ASTRA1_V2.0.0, FP-SNS-FLIGHT1_V5.0.2, FP-SNS-MOTENV1_V5.0.0, FP-SNS-MOTENVWB1_V1.4.0, FP-SNS-SMARTAG2_V1.2.0, FP-SNS-STBOX1_V2.0.0, STM32Cube_FW_C0_V1.2.0, STM32Cube_FW_F4_V1.28.1, STM32Cube_FW_F7_V1.17.2, STM32Cube_FW_G0_V1.6.2, STM32Cube_FW_G4_V1.6.0, STM32Cube_FW_H5_V1.3.0, STM32Cube_FW_H7RS_V1.1.0, STM32Cube_FW_H7_V1.11.2, STM32Cube_FW_L0_V1.12.2, STM32Cube_FW_L5_V1.5.1, STM32Cube_FW_U0_V1.1.0, STM32Cube_FW_U5_V1.6.0, STM32Cube_FW_WB0_V1.0.0, STM32Cube_FW_WBA_V1.4.1, STM32Cube_FW_WB_V1.20.0, STM32Cube_FW_WL_V1.3.0, X-CUBE-ALGOBUILD_V1.4.0, X-CUBE-ALS_V1.0.2, X-CUBE-AZRTOS-F4_V1.1.0, X-CUBE-AZRTOS-F7_V1.1.0, X-CUBE-AZRTOS-G0_V1.1.0, X-CUBE-AZRTOS-G4_V2.0.0, X-CUBE-AZRTOS-H7RS_V1.0.0, X-CUBE-AZRTOS-H7_V3.3.0, X-CUBE-AZRTOS-L4_V2.0.0, X-CUBE-AZRTOS-L5_V2.0.0, X-CUBE-AZRTOS-WB_V2.0.0, X-CUBE-AZRTOS-WL_V2.0.0, X-CUBE-BLE1_V7.0.0, X-CUBE-BLE2_V3.3.0, X-CUBE-BLEMGR_V3.1.0, X-CUBE-EEPRMA1_V5.1.0, X-CUBE-FREERTOS_V1.2.0, X-CUBE-GNSS1_V6.0.0, X-CUBE-MEMS1_V11.0.0, X-CUBE-NFC4_V3.0.0, X-CUBE-NFC7_V1.0.1, X-CUBE-SFXS2LP1_V4.0.0, X-CUBE-SUBG2_V5.0.0, X-CUBE-TOF1_V3.4.2]
2024-11-24 12:18:17,857 [ERROR] DbExamplesSqlite:437 - Missing JSON key: board_cpn
2024-11-24 12:18:17,857 [ERROR] DbExamplesSqlite:437 - Missing JSON key: board_cpn
2024-11-24 12:18:17,857 [ERROR] DbExamplesSqlite:437 - Missing JSON key: board_cpn
2024-11-24 12:18:17,858 [ERROR] DbExamplesSqlite:437 - Missing JSON key: board_cpn
2024-11-24 12:18:17,962 [ERROR] DbExamplesSqlite:437 - Missing JSON key: board_cpn
2024-11-24 12:18:17,962 [ERROR] DbExamplesSqlite:437 - Missing JSON key: board_cpn
2024-11-24 12:18:17,962 [ERROR] DbExamplesSqlite:437 - Missing JSON key: board_cpn
2024-11-24 12:18:17,962 [ERROR] DbExamplesSqlite:437 - Missing JSON key: board_cpn
2024-11-24 12:18:17,962 [ERROR] DbExamplesSqlite:437 - Missing JSON key: board_cpn
2024-11-24 12:18:17,962 [ERROR] DbExamplesSqlite:437 - Missing JSON key: board_cpn
2024-11-24 12:18:17,963 [ERROR] DbExamplesSqlite:437 - Missing JSON key: board_cpn
2024-11-24 12:18:17,963 [ERROR] DbExamplesSqlite:437 - Missing JSON key: board_cpn
2024-11-24 12:18:17,963 [ERROR] DbExamplesSqlite:437 - Missing JSON key: board_cpn
2024-11-24 12:18:17,964 [INFO] DbExamplesSqlite:395 - Ignored 28 examples not supported by CubeIDE
2024-11-24 12:18:17,964 [INFO] DbExamplesSqlite:396 - Found 8617 examples active
2024-11-24 12:18:17,964 [INFO] DbExamplesSqlite:397 - Found 0 examples obsolete
2024-11-24 12:18:17,964 [INFO] DbExamplesSqlite:398 - Found 0 examples under development
2024-11-24 12:18:17,964 [INFO] DbExamplesSqlite:399 - Found 10 examples not building
2024-11-24 12:18:17,966 [INFO] DbExamples:125 - Found 8599 examples
2024-11-24 12:18:17,977 [INFO] DbExamples:222 - Found 108 boards with related examples
2024-11-24 12:18:17,978 [INFO] DbExamples:235 - Found 90 MCUs with related examples
2024-11-24 12:18:18,001 [INFO] ApiDb:414 - User favorites file not found: /home/sharad/.stm32cubeide/favorites.examples.txt
2024-11-24 12:18:18,001 [INFO] DbExamples:250 - Set 0 / 0 favorites Examples
2024-11-24 12:18:18,084 [INFO] McuFinderGlobals:76 - Set McuFinderConnectedMode to true
2024-11-24 12:18:18,091 [INFO] MultiScanPanel:200 - Auto-refresh data requested => check proxy status ongoing
2024-11-24 12:18:18,093 [INFO] FinderPluginLoader:95 - Searching for filters in installed packs
2024-11-24 12:18:19,132 [INFO] LoadUrlFilesThread:185 - End of LoadServerUrlFiles without Thread
2024-11-24 12:18:19,170 [INFO] DetailPanel:341 - Set advertising image to /home/sharad/STM32Cube/Repository//en.prom-stm32c071-usb-memories-mcu-finder.png
2024-11-24 12:22:05,726 [INFO] MainUpdater:2873 - connection check result : 10
2024-11-24 12:22:05,814 [INFO] McuFinderGlobals:76 - Set McuFinderConnectedMode to true
2024-11-24 12:22:05,814 [INFO] MultiScanPanel:200 - Auto-refresh data requested => check proxy status ongoing
2024-11-24 12:22:05,814 [INFO] FinderPluginLoader:95 - Searching for filters in installed packs
2024-11-24 12:22:06,565 [INFO] LoadUrlFilesThread:185 - End of LoadServerUrlFiles without Thread
2024-11-24 12:22:06,566 [INFO] DetailPanel:341 - Set advertising image to /home/sharad/STM32Cube/Repository//en.prom-stm32c071-usb-memories-mcu-finder.png
2024-11-24 12:23:30,523 [INFO] MainUpdater:2873 - connection check result : 10
2024-11-24 12:23:30,599 [INFO] McuFinderGlobals:76 - Set McuFinderConnectedMode to true
2024-11-24 12:23:30,599 [INFO] MultiScanPanel:200 - Auto-refresh data requested => check proxy status ongoing
2024-11-24 12:23:30,599 [INFO] FinderPluginLoader:95 - Searching for filters in installed packs
2024-11-24 12:23:30,928 [INFO] LoadUrlFilesThread:185 - End of LoadServerUrlFiles without Thread
2024-11-24 12:23:30,928 [INFO] DetailPanel:341 - Set advertising image to /home/sharad/STM32Cube/Repository//en.prom-stm32c071-usb-memories-mcu-finder.png
2024-11-24 12:23:42,500 [INFO] McuFinderGlobals:76 - Set McuFinderConnectedMode to true
2024-11-24 12:23:42,599 [INFO] ApiDb:448 - Save user favorites file /home/sharad/.stm32cubeide/favorites.mcus.txt: 0 item(s)
2024-11-24 12:23:42,599 [INFO] ApiDb:452 - User favorites MCUs=[]
2024-11-24 12:25:00,487 [ERROR] LogOutputStream:75 - [STDERR_REDIRECT] Exception in thread "AWT-EventQueue-0" org.eclipse.swt.SWTException: Device is disposed
2024-11-24 12:25:00,488 [ERROR] LogOutputStream:75 - [STDERR_REDIRECT] 	at org.eclipse.swt.SWT.error(SWT.java:4918)
2024-11-24 12:25:00,488 [ERROR] LogOutputStream:75 - [STDERR_REDIRECT] 	at org.eclipse.swt.SWT.error(SWT.java:4833)
2024-11-24 12:25:00,488 [ERROR] LogOutputStream:75 - [STDERR_REDIRECT] 	at org.eclipse.swt.SWT.error(SWT.java:4804)
2024-11-24 12:25:00,488 [ERROR] LogOutputStream:75 - [STDERR_REDIRECT] 	at org.eclipse.swt.widgets.Display.error(Display.java:1550)
2024-11-24 12:25:00,488 [ERROR] LogOutputStream:75 - [STDERR_REDIRECT] 	at org.eclipse.swt.widgets.Display.asyncExec(Display.java:919)
2024-11-24 12:25:00,488 [ERROR] LogOutputStream:75 - [STDERR_REDIRECT] 	at com.st.stm32cube.common.mx.oss.core.awtswtbridge.AwtEnvironment$2.run(AwtEnvironment.java:168)
2024-11-24 12:25:00,488 [ERROR] LogOutputStream:75 - [STDERR_REDIRECT] 	at java.desktop/java.awt.event.InvocationEvent.dispatch(InvocationEvent.java:318)
2024-11-24 12:25:00,488 [ERROR] LogOutputStream:75 - [STDERR_REDIRECT] 	at java.desktop/java.awt.EventQueue.dispatchEventImpl(EventQueue.java:773)
2024-11-24 12:25:00,488 [ERROR] LogOutputStream:75 - [STDERR_REDIRECT] 	at java.desktop/java.awt.EventQueue$4.run(EventQueue.java:720)
2024-11-24 12:25:00,488 [ERROR] LogOutputStream:75 - [STDERR_REDIRECT] 	at java.desktop/java.awt.EventQueue$4.run(EventQueue.java:714)
2024-11-24 12:25:00,489 [ERROR] LogOutputStream:75 - [STDERR_REDIRECT] 	at java.base/java.security.AccessController.doPrivileged(AccessController.java:399)
2024-11-24 12:25:00,489 [ERROR] LogOutputStream:75 - [STDERR_REDIRECT] 	at java.base/java.security.ProtectionDomain$JavaSecurityAccessImpl.doIntersectionPrivilege(ProtectionDomain.java:86)
2024-11-24 12:25:00,489 [ERROR] LogOutputStream:75 - [STDERR_REDIRECT] 	at java.desktop/java.awt.EventQueue.dispatchEvent(EventQueue.java:742)
2024-11-24 12:25:00,489 [ERROR] LogOutputStream:75 - [STDERR_REDIRECT] 	at java.desktop/java.awt.EventDispatchThread.pumpOneEventForFilters(EventDispatchThread.java:203)
2024-11-24 12:25:00,489 [ERROR] LogOutputStream:75 - [STDERR_REDIRECT] 	at java.desktop/java.awt.EventDispatchThread.pumpEventsForFilter(EventDispatchThread.java:124)
2024-11-24 12:25:00,489 [ERROR] LogOutputStream:75 - [STDERR_REDIRECT] 	at java.desktop/java.awt.EventDispatchThread.pumpEventsForHierarchy(EventDispatchThread.java:113)
2024-11-24 12:25:00,489 [ERROR] LogOutputStream:75 - [STDERR_REDIRECT] 	at java.desktop/java.awt.EventDispatchThread.pumpEvents(EventDispatchThread.java:109)
2024-11-24 12:25:00,489 [ERROR] LogOutputStream:75 - [STDERR_REDIRECT] 	at java.desktop/java.awt.EventDispatchThread.pumpEvents(EventDispatchThread.java:101)
2024-11-24 12:25:00,489 [ERROR] LogOutputStream:75 - [STDERR_REDIRECT] 	at java.desktop/java.awt.EventDispatchThread.run(EventDispatchThread.java:90)
2024-11-24 12:25:00,510 [ERROR] LogOutputStream:75 - [STDERR_REDIRECT] Exception in thread "AWT-EventQueue-0" org.eclipse.swt.SWTException: Device is disposed
2024-11-24 12:25:00,511 [ERROR] LogOutputStream:75 - [STDERR_REDIRECT] 	at org.eclipse.swt.SWT.error(SWT.java:4918)
2024-11-24 12:25:00,511 [ERROR] LogOutputStream:75 - [STDERR_REDIRECT] 	at org.eclipse.swt.SWT.error(SWT.java:4833)
2024-11-24 12:25:00,511 [ERROR] LogOutputStream:75 - [STDERR_REDIRECT] 	at org.eclipse.swt.SWT.error(SWT.java:4804)
2024-11-24 12:25:00,511 [ERROR] LogOutputStream:75 - [STDERR_REDIRECT] 	at org.eclipse.swt.widgets.Display.error(Display.java:1550)
2024-11-24 12:25:00,511 [ERROR] LogOutputStream:75 - [STDERR_REDIRECT] 	at org.eclipse.swt.widgets.Display.asyncExec(Display.java:919)
2024-11-24 12:25:00,511 [ERROR] LogOutputStream:75 - [STDERR_REDIRECT] 	at com.st.stm32cube.common.mx.oss.core.awtswtbridge.AwtEnvironment$2.run(AwtEnvironment.java:168)
2024-11-24 12:25:00,511 [ERROR] LogOutputStream:75 - [STDERR_REDIRECT] 	at java.desktop/java.awt.event.InvocationEvent.dispatch(InvocationEvent.java:318)
2024-11-24 12:25:00,511 [ERROR] LogOutputStream:75 - [STDERR_REDIRECT] 	at java.desktop/java.awt.EventQueue.dispatchEventImpl(EventQueue.java:773)
2024-11-24 12:25:00,511 [ERROR] LogOutputStream:75 - [STDERR_REDIRECT] 	at java.desktop/java.awt.EventQueue$4.run(EventQueue.java:720)
2024-11-24 12:25:00,511 [ERROR] LogOutputStream:75 - [STDERR_REDIRECT] 	at java.desktop/java.awt.EventQueue$4.run(EventQueue.java:714)
2024-11-24 12:25:00,512 [ERROR] LogOutputStream:75 - [STDERR_REDIRECT] 	at java.base/java.security.AccessController.doPrivileged(AccessController.java:399)
2024-11-24 12:25:00,512 [ERROR] LogOutputStream:75 - [STDERR_REDIRECT] 	at java.base/java.security.ProtectionDomain$JavaSecurityAccessImpl.doIntersectionPrivilege(ProtectionDomain.java:86)
2024-11-24 12:25:00,512 [ERROR] LogOutputStream:75 - [STDERR_REDIRECT] 	at java.desktop/java.awt.EventQueue.dispatchEvent(EventQueue.java:742)
2024-11-24 12:25:00,512 [ERROR] LogOutputStream:75 - [STDERR_REDIRECT] 	at java.desktop/java.awt.EventDispatchThread.pumpOneEventForFilters(EventDispatchThread.java:203)
2024-11-24 12:25:00,512 [ERROR] LogOutputStream:75 - [STDERR_REDIRECT] 	at java.desktop/java.awt.EventDispatchThread.pumpEventsForFilter(EventDispatchThread.java:124)
2024-11-24 12:25:00,512 [ERROR] LogOutputStream:75 - [STDERR_REDIRECT] 	at java.desktop/java.awt.EventDispatchThread.pumpEventsForHierarchy(EventDispatchThread.java:113)
2024-11-24 12:25:00,512 [ERROR] LogOutputStream:75 - [STDERR_REDIRECT] 	at java.desktop/java.awt.EventDispatchThread.pumpEvents(EventDispatchThread.java:109)
2024-11-24 12:25:00,512 [ERROR] LogOutputStream:75 - [STDERR_REDIRECT] 	at java.desktop/java.awt.EventDispatchThread.pumpEvents(EventDispatchThread.java:101)
2024-11-24 12:25:00,512 [ERROR] LogOutputStream:75 - [STDERR_REDIRECT] 	at java.desktop/java.awt.EventDispatchThread.run(EventDispatchThread.java:90)
2024-11-24 12:25:00,532 [ERROR] LogOutputStream:75 - [STDERR_REDIRECT] 
2024-11-24 12:25:07,253 [INFO] Activator:176 - 


2024-11-24 12:25:07,254 [INFO] Activator:177 - !SESSION log4j initialized
2024-11-24 12:25:09,185 [INFO] LogOutputStream:77 - [STDOUT_REDIRECT] 
2024-11-24 12:25:10,903 [INFO] ApplicationProperties:184 - Using Application install path: /opt/st/stm32cubeide_1.16.1/plugins/com.st.stm32cube.common.mx_6.12.1.202409122256
2024-11-24 12:25:10,915 [INFO] DbMcusXml:78 - Set database path to: /opt/st/stm32cubeide_1.16.1/plugins/com.st.stm32cube.common.mx_6.12.1.202409122256//db//mcu/
2024-11-24 12:25:10,915 [INFO] ApiDb:274 - Set plugin database path to: /opt/st/stm32cubeide_1.16.1/plugins/com.st.stm32cube.common.mx_6.12.1.202409122256//db//plugins/boardmanager/
2024-11-24 12:25:10,916 [WARN] ApiDb:259 - Overriding images path with different value:  => /opt/st/stm32cubeide_1.16.1/plugins/com.st.stm32cube.common.mx_6.12.1.202409122256//db//plugins/mcufinder/images/
2024-11-24 12:25:10,919 [INFO] ApiDb:250 - Set database path to: /home/sharad/.stmcufinder/plugins/mcufinder//mcu/
2024-11-24 12:25:10,919 [INFO] DbMcusAds:125 - Set database path to: /home/sharad/.stmcufinder/plugins/mcufinder//mcu/
2024-11-24 12:25:10,921 [INFO] CrossReferenceDbSqlite:203 - Set database path to: /home/sharad/.stmcufinder/plugins/mcufinder//mcu/cs/
2024-11-24 12:25:10,997 [INFO] RulesReader:64 - Compatibility file has been processed (297 Rules)
2024-11-24 12:25:11,042 [INFO] DbMcusXml:78 - Set database path to: /opt/st/stm32cubeide_1.16.1/plugins/com.st.stm32cube.common.mx_6.12.1.202409122256//db//mcu/
2024-11-24 12:25:11,042 [INFO] ApiDb:274 - Set plugin database path to: /opt/st/stm32cubeide_1.16.1/plugins/com.st.stm32cube.common.mx_6.12.1.202409122256//db//plugins/boardmanager/
2024-11-24 12:25:11,042 [INFO] ApiDb:261 - Set plugin images path to: /opt/st/stm32cubeide_1.16.1/plugins/com.st.stm32cube.common.mx_6.12.1.202409122256//db//plugins/mcufinder/images/
2024-11-24 12:25:11,042 [WARN] DbFile:41 - Overriding database path with different value: /home/sharad/.stmcufinder/plugins/mcufinder/ => /home/sharad/.stmcufinder/plugins/mcufinder
2024-11-24 12:25:11,043 [INFO] ApiDb:250 - Set database path to: /home/sharad/.stmcufinder/plugins/mcufinder//mcu/
2024-11-24 12:25:11,043 [WARN] DbFile:41 - Overriding database path with different value: /home/sharad/.stmcufinder/plugins/mcufinder/ => /home/sharad/.stmcufinder/plugins/mcufinder
2024-11-24 12:25:11,043 [INFO] DbMcusAds:125 - Set database path to: /home/sharad/.stmcufinder/plugins/mcufinder//mcu/
2024-11-24 12:25:11,043 [WARN] DbFile:41 - Overriding database path with different value: /home/sharad/.stmcufinder/plugins/mcufinder/ => /home/sharad/.stmcufinder/plugins/mcufinder
2024-11-24 12:25:11,043 [WARN] DbFile:41 - Overriding database path with different value: /home/sharad/.stmcufinder/plugins/mcufinder/ => /home/sharad/.stmcufinder/plugins/mcufinder
2024-11-24 12:25:11,043 [INFO] CrossReferenceDbSqlite:203 - Set database path to: /home/sharad/.stmcufinder/plugins/mcufinder//mcu/cs/
2024-11-24 12:25:11,092 [INFO] MainPanel:268 - HeapMemory: 268435456
2024-11-24 12:25:11,168 [INFO] DbMcusXml:78 - Set database path to: /opt/st/stm32cubeide_1.16.1/plugins/com.st.stm32cube.common.mx_6.12.1.202409122256//db//mcu/
2024-11-24 12:25:11,168 [INFO] ApiDb:274 - Set plugin database path to: /opt/st/stm32cubeide_1.16.1/plugins/com.st.stm32cube.common.mx_6.12.1.202409122256//db//plugins/boardmanager/
2024-11-24 12:25:11,168 [INFO] ApiDb:261 - Set plugin images path to: /opt/st/stm32cubeide_1.16.1/plugins/com.st.stm32cube.common.mx_6.12.1.202409122256//db//plugins/mcufinder/images/
2024-11-24 12:25:11,169 [WARN] DbFile:41 - Overriding database path with different value: /home/sharad/.stmcufinder/plugins/mcufinder/ => /home/sharad/.stmcufinder/plugins/mcufinder
2024-11-24 12:25:11,169 [INFO] ApiDb:250 - Set database path to: /home/sharad/.stmcufinder/plugins/mcufinder//mcu/
2024-11-24 12:25:11,169 [WARN] DbFile:41 - Overriding database path with different value: /home/sharad/.stmcufinder/plugins/mcufinder/ => /home/sharad/.stmcufinder/plugins/mcufinder
2024-11-24 12:25:11,169 [INFO] DbMcusAds:125 - Set database path to: /home/sharad/.stmcufinder/plugins/mcufinder//mcu/
2024-11-24 12:25:11,169 [WARN] DbFile:41 - Overriding database path with different value: /home/sharad/.stmcufinder/plugins/mcufinder/ => /home/sharad/.stmcufinder/plugins/mcufinder
2024-11-24 12:25:11,169 [WARN] DbFile:41 - Overriding database path with different value: /home/sharad/.stmcufinder/plugins/mcufinder/ => /home/sharad/.stmcufinder/plugins/mcufinder
2024-11-24 12:25:11,169 [INFO] CrossReferenceDbSqlite:203 - Set database path to: /home/sharad/.stmcufinder/plugins/mcufinder//mcu/cs/
2024-11-24 12:25:11,180 [INFO] ApplicationProperties:184 - Using Application install path: /opt/st/stm32cubeide_1.16.1/plugins/com.st.stm32cube.common.mx_6.12.1.202409122256
2024-11-24 12:25:11,181 [INFO] PluginManage:196 - Search for loadable plugins [exclusion list=, ]
2024-11-24 12:25:11,182 [INFO] PluginManage:310 - Check plugin analytics
2024-11-24 12:25:11,283 [INFO] AnalyticsPlugin:253 - Accepted Software Licenses: 
2024-11-24 12:25:11,283 [INFO] AnalyticsPlugin:255 - Accepted CMSIS Pack Licenses: 
2024-11-24 12:25:11,284 [INFO] AnalyticsPlugin:257 - Accepted Firmware Licenses: 
2024-11-24 12:25:11,284 [INFO] PluginManage:359 - Loaded plugin analytics (category:tool,tabindex:-1)
2024-11-24 12:25:11,284 [INFO] PluginManage:310 - Check plugin cadmodel
2024-11-24 12:25:11,287 [INFO] CADModel:105 - Init CAD model plugin
2024-11-24 12:25:11,287 [INFO] PluginManage:359 - Loaded plugin cadmodel (category:power,tabindex:5)
2024-11-24 12:25:11,287 [INFO] PluginManage:310 - Check plugin clock
2024-11-24 12:25:11,293 [INFO] PluginManage:359 - Loaded plugin clock (category:base,tabindex:2)
2024-11-24 12:25:11,293 [INFO] PluginManage:310 - Check plugin ddr
2024-11-24 12:25:11,295 [INFO] PluginManage:359 - Loaded plugin ddr (category:tool,tabindex:6)
2024-11-24 12:25:11,295 [INFO] PluginManage:310 - Check plugin filemanager
2024-11-24 12:25:11,396 [INFO] PluginManage:359 - Loaded plugin filemanager (category:base,tabindex:10)
2024-11-24 12:25:11,396 [INFO] PluginManage:310 - Check plugin ipmanager
2024-11-24 12:25:11,403 [INFO] PluginManage:359 - Loaded plugin ipmanager (category:base,tabindex:5)
2024-11-24 12:25:11,404 [INFO] PluginManage:310 - Check plugin lpbam
2024-11-24 12:25:11,411 [INFO] PluginManage:359 - Loaded plugin lpbam (category:base,tabindex:0)
2024-11-24 12:25:11,411 [INFO] PluginManage:310 - Check plugin memorymap
2024-11-24 12:25:11,420 [INFO] PluginManage:359 - Loaded plugin memorymap (category:base,tabindex:4)
2024-11-24 12:25:11,420 [INFO] PluginManage:310 - Check plugin pinoutandconfiguration
2024-11-24 12:25:11,425 [INFO] PluginManage:359 - Loaded plugin pinoutandconfiguration (category:base,tabindex:1)
2024-11-24 12:25:11,425 [INFO] PluginManage:310 - Check plugin pinoutconfig
2024-11-24 12:25:11,487 [WARN] SupportedApi:132 - Cannot load RTOS API schema: s4s-elt-must-match.1: The content of 'definitions' must match (annotation?, (simpleType | complexType)?, (unique | key | keyref)*)). A problem was found starting at: attribute.
2024-11-24 12:25:11,576 [INFO] PluginManage:359 - Loaded plugin pinoutconfig (category:base,tabindex:0)
2024-11-24 12:25:11,576 [INFO] PluginManage:310 - Check plugin power
2024-11-24 12:25:11,580 [INFO] PluginManage:359 - Loaded plugin power (category:power,tabindex:4)
2024-11-24 12:25:11,581 [INFO] PluginManage:310 - Check plugin projectmanager
2024-11-24 12:25:11,591 [INFO] PluginManage:359 - Loaded plugin projectmanager (category:projectmanager,tabindex:4)
2024-11-24 12:25:11,591 [INFO] PluginManage:310 - Check plugin rif
2024-11-24 12:25:11,594 [INFO] PluginManage:359 - Loaded plugin rif (category:base,tabindex:3)
2024-11-24 12:25:11,594 [INFO] PluginManage:310 - Check plugin thirdparty
2024-11-24 12:25:11,663 [INFO] PluginManage:359 - Loaded plugin thirdparty (category:base,tabindex:-1)
2024-11-24 12:25:11,663 [WARN] IntegrityCheckThread:84 - waiting for thirdparty lock release [integrity check]
2024-11-24 12:25:11,664 [INFO] PluginManage:310 - Check plugin tools
2024-11-24 12:25:11,664 [INFO] IntegrityCheckThread:86 - entering critical section [integrity check]
2024-11-24 12:25:11,664 [INFO] ThirdPartyUpdaterWithRetryManager:70 - Updater plugin not ready yet. [1/15]
2024-11-24 12:25:11,665 [INFO] PluginManage:359 - Loaded plugin tools (category:base,tabindex:7)
2024-11-24 12:25:11,665 [INFO] PluginManage:310 - Check plugin tutovideos
2024-11-24 12:25:11,783 [INFO] PluginManage:359 - Loaded plugin tutovideos (category:base,tabindex:-1)
2024-11-24 12:25:11,784 [INFO] PluginManage:310 - Check plugin updater
2024-11-24 12:25:11,797 [INFO] PluginManage:359 - Loaded plugin updater (category:base,tabindex:12)
2024-11-24 12:25:11,797 [INFO] PluginManage:310 - Check plugin userauth
2024-11-24 12:25:11,801 [INFO] UserAuth:113 - Init User Auth plugin
2024-11-24 12:25:11,801 [INFO] PluginManage:359 - Loaded plugin userauth (category:base,tabindex:14)
2024-11-24 12:25:11,801 [INFO] PluginManage:283 - PluginManage : Loaded plugins [18]
2024-11-24 12:25:11,922 [INFO] PinOutPanel:1561 - setPackage(No Configuration,No Configuration)
2024-11-24 12:25:11,975 [INFO] CADModel:165 - CPN selected for project level
2024-11-24 12:25:11,976 [INFO] CADModel:114 - Register for checkConnection events
2024-11-24 12:25:11,983 [INFO] IPUIPlugin:80 - create IPUIPlugin
2024-11-24 12:25:11,983 [INFO] PluginManager:220 - loadIPPluginJar : add gtzc
2024-11-24 12:25:11,984 [INFO] IPUIPlugin:80 - create IPUIPlugin
2024-11-24 12:25:11,984 [INFO] PluginManager:220 - loadIPPluginJar : add comp
2024-11-24 12:25:11,987 [INFO] IPUIPlugin:80 - create IPUIPlugin
2024-11-24 12:25:11,987 [INFO] PluginManager:220 - loadIPPluginJar : add hash
2024-11-24 12:25:11,989 [INFO] IPUIPlugin:80 - create IPUIPlugin
2024-11-24 12:25:11,989 [INFO] PluginManager:220 - loadIPPluginJar : add dma3
2024-11-24 12:25:11,991 [INFO] IPUIPlugin:80 - create IPUIPlugin
2024-11-24 12:25:11,991 [INFO] PluginManager:220 - loadIPPluginJar : add touchsensing
2024-11-24 12:25:11,992 [INFO] IPUIPlugin:80 - create IPUIPlugin
2024-11-24 12:25:11,993 [INFO] PluginManager:220 - loadIPPluginJar : add lorawan
2024-11-24 12:25:11,993 [INFO] IPUIPlugin:80 - create IPUIPlugin
2024-11-24 12:25:11,994 [INFO] PluginManager:220 - loadIPPluginJar : add ts
2024-11-24 12:25:11,994 [INFO] IPUIPlugin:80 - create IPUIPlugin
2024-11-24 12:25:11,995 [INFO] PluginManager:220 - loadIPPluginJar : add genericplugin
2024-11-24 12:25:11,996 [INFO] IPUIPlugin:80 - create IPUIPlugin
2024-11-24 12:25:11,996 [INFO] PluginManager:220 - loadIPPluginJar : add tracer_emb
2024-11-24 12:25:11,998 [INFO] IPUIPlugin:80 - create IPUIPlugin
2024-11-24 12:25:11,998 [INFO] PluginManager:220 - loadIPPluginJar : add extmemmanager
2024-11-24 12:25:12,000 [INFO] IPUIPlugin:80 - create IPUIPlugin
2024-11-24 12:25:12,000 [INFO] PluginManager:220 - loadIPPluginJar : add can
2024-11-24 12:25:12,002 [INFO] IPUIPlugin:80 - create IPUIPlugin
2024-11-24 12:25:12,003 [INFO] PluginManager:220 - loadIPPluginJar : add nvic
2024-11-24 12:25:12,008 [INFO] IPUIPlugin:80 - create IPUIPlugin
2024-11-24 12:25:12,008 [INFO] PluginManager:220 - loadIPPluginJar : add adc
2024-11-24 12:25:12,009 [INFO] IPUIPlugin:80 - create IPUIPlugin
2024-11-24 12:25:12,009 [INFO] PluginManager:220 - loadIPPluginJar : add i3c
2024-11-24 12:25:12,010 [INFO] IPUIPlugin:80 - create IPUIPlugin
2024-11-24 12:25:12,010 [INFO] PluginManager:220 - loadIPPluginJar : add ltdc
2024-11-24 12:25:12,011 [INFO] IPUIPlugin:80 - create IPUIPlugin
2024-11-24 12:25:12,012 [INFO] PluginManager:220 - loadIPPluginJar : add openamp
2024-11-24 12:25:12,013 [INFO] IPUIPlugin:80 - create IPUIPlugin
2024-11-24 12:25:12,013 [INFO] PluginManager:220 - loadIPPluginJar : add i2c
2024-11-24 12:25:12,015 [INFO] IPUIPlugin:80 - create IPUIPlugin
2024-11-24 12:25:12,015 [INFO] PluginManager:220 - loadIPPluginJar : add pdm2pcm
2024-11-24 12:25:12,018 [INFO] IPUIPlugin:80 - create IPUIPlugin
2024-11-24 12:25:12,018 [INFO] PluginManager:220 - loadIPPluginJar : add fmc
2024-11-24 12:25:12,019 [INFO] IPUIPlugin:80 - create IPUIPlugin
2024-11-24 12:25:12,019 [INFO] PluginManager:220 - loadIPPluginJar : add spi
2024-11-24 12:25:12,020 [INFO] IPUIPlugin:80 - create IPUIPlugin
2024-11-24 12:25:12,020 [INFO] PluginManager:220 - loadIPPluginJar : add fatfs
2024-11-24 12:25:12,021 [INFO] IPUIPlugin:80 - create IPUIPlugin
2024-11-24 12:25:12,021 [INFO] PluginManager:220 - loadIPPluginJar : add dfsdm
2024-11-24 12:25:12,026 [INFO] IPUIPlugin:80 - create IPUIPlugin
2024-11-24 12:25:12,026 [INFO] PluginManager:220 - loadIPPluginJar : add linkedlist
2024-11-24 12:25:12,028 [INFO] IPUIPlugin:80 - create IPUIPlugin
2024-11-24 12:25:12,028 [INFO] PluginManager:220 - loadIPPluginJar : add tim
2024-11-24 12:25:12,030 [INFO] IPUIPlugin:80 - create IPUIPlugin
2024-11-24 12:25:12,030 [INFO] PluginManager:220 - loadIPPluginJar : add quadspi
2024-11-24 12:25:12,032 [INFO] IPUIPlugin:80 - create IPUIPlugin
2024-11-24 12:25:12,032 [INFO] PluginManager:220 - loadIPPluginJar : add ddr_ctrl_phy
2024-11-24 12:25:12,037 [INFO] IPUIPlugin:80 - create IPUIPlugin
2024-11-24 12:25:12,039 [INFO] PluginManager:220 - loadIPPluginJar : add plateformsettings
2024-11-24 12:25:12,043 [INFO] IPUIPlugin:80 - create IPUIPlugin
2024-11-24 12:25:12,043 [INFO] PluginManager:220 - loadIPPluginJar : add mdma
2024-11-24 12:25:12,047 [INFO] IPUIPlugin:80 - create IPUIPlugin
2024-11-24 12:25:12,047 [INFO] PluginManager:220 - loadIPPluginJar : add stm32_wpan
2024-11-24 12:25:12,050 [INFO] IPUIPlugin:80 - create IPUIPlugin
2024-11-24 12:25:12,050 [INFO] PluginManager:220 - loadIPPluginJar : add freertos
2024-11-24 12:25:12,054 [INFO] IPUIPlugin:80 - create IPUIPlugin
2024-11-24 12:25:12,054 [INFO] PluginManager:220 - loadIPPluginJar : add dma
2024-11-24 12:25:12,055 [INFO] IPUIPlugin:80 - create IPUIPlugin
2024-11-24 12:25:12,055 [INFO] PluginManager:220 - loadIPPluginJar : add cryp
2024-11-24 12:25:12,056 [INFO] IPUIPlugin:80 - create IPUIPlugin
2024-11-24 12:25:12,056 [INFO] PluginManager:220 - loadIPPluginJar : add gfxmmu
2024-11-24 12:25:12,057 [INFO] IPUIPlugin:80 - create IPUIPlugin
2024-11-24 12:25:12,057 [INFO] PluginManager:220 - loadIPPluginJar : add sai
2024-11-24 12:25:12,058 [INFO] IPUIPlugin:80 - create IPUIPlugin
2024-11-24 12:25:12,058 [INFO] PluginManager:220 - loadIPPluginJar : add ucpd
2024-11-24 12:25:12,060 [INFO] IPUIPlugin:80 - create IPUIPlugin
2024-11-24 12:25:12,060 [INFO] PluginManager:220 - loadIPPluginJar : add usart
2024-11-24 12:25:12,061 [INFO] IPUIPlugin:80 - create IPUIPlugin
2024-11-24 12:25:12,061 [INFO] PluginManager:220 - loadIPPluginJar : add aes
2024-11-24 12:25:12,062 [INFO] IPUIPlugin:80 - create IPUIPlugin
2024-11-24 12:25:12,062 [INFO] PluginManager:220 - loadIPPluginJar : add i2s
2024-11-24 12:25:12,065 [INFO] IPUIPlugin:80 - create IPUIPlugin
2024-11-24 12:25:12,065 [INFO] PluginManager:220 - loadIPPluginJar : add gpio
2024-11-24 12:25:12,067 [INFO] IPUIPlugin:80 - create IPUIPlugin
2024-11-24 12:25:12,068 [INFO] PluginManager:220 - loadIPPluginJar : add gic
2024-11-24 12:25:12,069 [INFO] IPUIPlugin:80 - create IPUIPlugin
2024-11-24 12:25:12,069 [INFO] PluginManager:220 - loadIPPluginJar : add ipddr
2024-11-24 12:25:12,070 [INFO] IPUIPlugin:80 - create IPUIPlugin
2024-11-24 12:25:12,070 [INFO] PluginManager:220 - loadIPPluginJar : add tsc
2024-11-24 12:25:12,072 [INFO] IPUIPlugin:80 - create IPUIPlugin
2024-11-24 12:25:12,072 [INFO] PluginManager:220 - loadIPPluginJar : add resmgrutility
2024-11-24 12:25:12,073 [INFO] IPUIPlugin:80 - create IPUIPlugin
2024-11-24 12:25:12,073 [INFO] PluginManager:220 - loadIPPluginJar : add usbx
2024-11-24 12:25:12,074 [INFO] IPUIPlugin:80 - create IPUIPlugin
2024-11-24 12:25:12,074 [INFO] PluginManager:220 - loadIPPluginJar : add radio
2024-11-24 12:25:12,076 [INFO] IPUIPlugin:80 - create IPUIPlugin
2024-11-24 12:25:12,076 [INFO] PluginManager:220 - loadIPPluginJar : add opamp
2024-11-24 12:25:12,167 [INFO] CADModel:165 - CPN selected for project level
2024-11-24 12:25:12,168 [INFO] CADModel:114 - Register for checkConnection events
2024-11-24 12:25:12,168 [FATAL] Updater:334 - Updater called before beeing initialized
2024-11-24 12:25:12,168 [ERROR] CADModel:125 - Updater not yet initialized, retry later 
2024-11-24 12:25:12,247 [INFO] CADModel:165 - CPN selected for project level
2024-11-24 12:25:12,247 [INFO] CADModel:114 - Register for checkConnection events
2024-11-24 12:25:12,247 [FATAL] Updater:334 - Updater called before beeing initialized
2024-11-24 12:25:12,247 [ERROR] CADModel:125 - Updater not yet initialized, retry later 
2024-11-24 12:25:12,249 [FATAL] Updater:334 - Updater called before beeing initialized
2024-11-24 12:25:12,308 [FATAL] Updater:334 - Updater called before beeing initialized
2024-11-24 12:25:12,311 [INFO] DbMcusAds:53 - JSON generation date=Fri Sep 20 18:34:38 IST 2024 (1726837478367)
2024-11-24 12:25:12,311 [FATAL] Updater:334 - Updater called before beeing initialized
2024-11-24 12:25:12,335 [WARN] DetailPanel:346 - Failed to get advertising image, set to default
2024-11-24 12:25:12,399 [FATAL] Updater:334 - Updater called before beeing initialized
2024-11-24 12:25:12,401 [FATAL] Updater:334 - Updater called before beeing initialized
2024-11-24 12:25:12,401 [FATAL] Updater:334 - Updater called before beeing initialized
2024-11-24 12:25:12,401 [WARN] DetailPanel:346 - Failed to get advertising image, set to default
2024-11-24 12:25:12,402 [FATAL] Updater:334 - Updater called before beeing initialized
2024-11-24 12:25:12,424 [ERROR] Updater:1164 - MainUpdater not yet initialized. External WinMGr cannot be set.
2024-11-24 12:25:12,425 [INFO] Updater:1100 - Updater Version found : 6.12.1
2024-11-24 12:25:12,437 [INFO] ApplicationProperties:184 - Using Application install path: /opt/st/stm32cubeide_1.16.1/plugins/com.st.stm32cube.common.mx_6.12.1.202409122256
2024-11-24 12:25:13,781 [INFO] MainUpdater:2873 - connection check result : 10
2024-11-24 12:25:13,781 [INFO] MainUpdater:290 - Updater Check For Update Now.
2024-11-24 12:25:13,781 [INFO] MicroXplorer:498 - Change Database Version : DB.6.0.121
2024-11-24 12:25:13,786 [INFO] McuFinderGlobals:63 - Set McuFinder mode to 2 (CubeIDE integrated)
2024-11-24 12:25:13,786 [INFO] UserAuth:179 - activating auth plugin
2024-11-24 12:25:13,789 [INFO] UserAuth:417 - Internet connection configuration mode: 1
2024-11-24 12:25:13,798 [INFO] JxBrowserEngine:152 - Initiate JxBrowser Engine with user profile folder
2024-11-24 12:25:13,934 [INFO] CheckServerUpdateThread:120 - End of CheckServer Thread
2024-11-24 12:25:14,239 [INFO] WebApp:167 - Instantiating new browser for Auth
2024-11-24 12:25:14,760 [WARN] PackLoader:240 - Cannot read IP mode file for STMicroelectronics.FP-SNS-MOTENVWB1.1.4.0
2024-11-24 12:25:14,768 [WARN] PackLoader:240 - Cannot read IP mode file for STMicroelectronics.FP-ATR-ASTRA1.2.0.1
2024-11-24 12:25:14,776 [WARN] PackLoader:240 - Cannot read IP mode file for STMicroelectronics.X-CUBE-SMBUS.2.1.0
2024-11-24 12:25:14,784 [WARN] PackLoader:240 - Cannot read IP mode file for STMicroelectronics.X-CUBE-WB05N.1.1.0
2024-11-24 12:25:14,794 [INFO] WebApp:448 - Apply proxy settings
2024-11-24 12:25:14,794 [INFO] WebApp:533 - Chromium requires no authentication
2024-11-24 12:25:14,801 [INFO] WebApp:476 - Direct internet connection detected
2024-11-24 12:25:14,818 [WARN] PackLoader:240 - Cannot read IP mode file for STMicroelectronics.X-CUBE-AZRTOS-F7.1.1.0
2024-11-24 12:25:14,819 [INFO] WebApp:869 - Register for checkConnection events
2024-11-24 12:25:14,819 [INFO] WebApp:448 - Apply proxy settings
2024-11-24 12:25:14,820 [INFO] WebApp:533 - Chromium requires no authentication
2024-11-24 12:25:14,820 [INFO] WebApp:476 - Direct internet connection detected
2024-11-24 12:25:14,886 [WARN] PackLoader:240 - Cannot read IP mode file for STMicroelectronics.X-CUBE-MEMS1.11.0.0
2024-11-24 12:25:14,995 [INFO] WebApp:220 - Starting web application
2024-11-24 12:25:14,995 [INFO] WebApp:578 - Web application path used /opt/st/stm32cubeide_1.16.1/plugins/com.st.stm32cube.common.mx_6.12.1.202409122256/db/plugins/mcufinder/reactClient1/index.html
2024-11-24 12:25:15,083 [WARN] PackLoader:240 - Cannot read IP mode file for STMicroelectronics.FP-SNS-FLIGHT1.5.0.2
2024-11-24 12:25:15,092 [WARN] PackLoader:240 - Cannot read IP mode file for STMicroelectronics.X-CUBE-DISPLAY.3.0.0
2024-11-24 12:25:15,102 [WARN] PackLoader:240 - Cannot read IP mode file for STMicroelectronics.X-CUBE-BLE1.7.0.0
2024-11-24 12:25:15,112 [WARN] PackLoader:240 - Cannot read IP mode file for STMicroelectronics.X-CUBE-NFC10.1.0.0
2024-11-24 12:25:15,120 [WARN] PackLoader:240 - Cannot read IP mode file for emotas.I-CUBE-CANOPEN.1.3.0
2024-11-24 12:25:15,133 [WARN] PackLoader:240 - Cannot read IP mode file for STMicroelectronics.X-CUBE-BLEMGR.3.1.0
2024-11-24 12:25:15,142 [WARN] PackLoader:240 - Cannot read IP mode file for STMicroelectronics.FP-SNS-SMARTAG2.1.2.0
2024-11-24 12:25:15,152 [INFO] LogOutputStream:77 - [STDOUT_REDIRECT] 1 : Invalid condition id : UX_CORESTACK_Condition cause : null
2024-11-24 12:25:15,156 [INFO] LogOutputStream:77 - [STDOUT_REDIRECT] 1 : Invalid condition id : UX_CORESTACK_Condition cause : null
2024-11-24 12:25:15,156 [INFO] LogOutputStream:77 - [STDOUT_REDIRECT] 1 : Invalid condition id : UX_CORESTACK_Condition cause : null
2024-11-24 12:25:15,158 [INFO] LogOutputStream:77 - [STDOUT_REDIRECT] 1 : Invalid condition id : UX_CORESTACK_Condition cause : null
2024-11-24 12:25:15,160 [INFO] LogOutputStream:77 - [STDOUT_REDIRECT] 1 : Invalid condition id : UX_CORESTACK_Condition cause : null
2024-11-24 12:25:15,165 [WARN] PackLoader:240 - Cannot read IP mode file for STMicroelectronics.X-CUBE-AZRTOS-WL.2.0.0
2024-11-24 12:25:15,172 [WARN] PackLoader:240 - Cannot read IP mode file for STMicroelectronics.FP-SNS-MOTENV1.5.0.0
2024-11-24 12:25:15,177 [WARN] PackLoader:240 - Cannot read IP mode file for wolfSSL.I-CUBE-wolfMQTT.1.19.0
2024-11-24 12:25:15,185 [WARN] PackLoader:240 - Cannot read IP mode file for WES.I-CUBE-Cesium.1.3.0
2024-11-24 12:25:15,191 [WARN] PackLoader:240 - Cannot read IP mode file for STMicroelectronics.X-CUBE-BLE2.3.3.0
2024-11-24 12:25:15,197 [WARN] PackLoader:240 - Cannot read IP mode file for STMicroelectronics.X-CUBE-NFC9.1.0.0
2024-11-24 12:25:15,197 [INFO] WebApp:186 - Connection restablished
2024-11-24 12:25:15,211 [WARN] PackLoader:240 - Cannot read IP mode file for STMicroelectronics.X-CUBE-TCPP.4.1.0
2024-11-24 12:25:15,226 [WARN] PackLoader:240 - Cannot read IP mode file for STMicroelectronics.X-CUBE-AZRTOS-G0.1.1.0
2024-11-24 12:25:15,234 [WARN] PackLoader:240 - Cannot read IP mode file for STMicroelectronics.X-CUBE-SAFEA1.1.2.2
2024-11-24 12:25:15,241 [WARN] PackLoader:240 - Cannot read IP mode file for STMicroelectronics.X-CUBE-NFC4.3.0.0
2024-11-24 12:25:15,249 [WARN] PackLoader:240 - Cannot read IP mode file for EmbeddedOffice.I-CUBE-FS-RTOS.1.0.1
2024-11-24 12:25:15,250 [ERROR] ConditionMgr:805 - Attr not supported : Dmpu
2024-11-24 12:25:15,250 [ERROR] ConditionMgr:805 - Attr not supported : Dmpu
2024-11-24 12:25:15,250 [ERROR] ConditionMgr:805 - Attr not supported : Dmpu
2024-11-24 12:25:15,250 [ERROR] ConditionMgr:805 - Attr not supported : Dmpu
2024-11-24 12:25:15,250 [ERROR] ConditionMgr:805 - Attr not supported : Dmpu
2024-11-24 12:25:15,251 [ERROR] ConditionMgr:805 - Attr not supported : Dmpu
2024-11-24 12:25:15,251 [ERROR] ConditionMgr:805 - Attr not supported : Dmpu
2024-11-24 12:25:15,251 [ERROR] ConditionMgr:805 - Attr not supported : Dmpu
2024-11-24 12:25:15,251 [ERROR] ConditionMgr:805 - Attr not supported : Dmpu
2024-11-24 12:25:15,251 [ERROR] ConditionMgr:805 - Attr not supported : Dmpu
2024-11-24 12:25:15,251 [ERROR] ConditionMgr:805 - Attr not supported : Dmpu
2024-11-24 12:25:15,251 [ERROR] ConditionMgr:805 - Attr not supported : Dmpu
2024-11-24 12:25:15,251 [ERROR] ConditionMgr:805 - Attr not supported : Dmpu
2024-11-24 12:25:15,251 [ERROR] ConditionMgr:805 - Attr not supported : Dmpu
2024-11-24 12:25:15,251 [ERROR] ConditionMgr:805 - Attr not supported : Dmpu
2024-11-24 12:25:15,251 [ERROR] ConditionMgr:805 - Attr not supported : Dmpu
2024-11-24 12:25:15,251 [ERROR] ConditionMgr:805 - Attr not supported : Dmpu
2024-11-24 12:25:15,252 [ERROR] ConditionMgr:805 - Attr not supported : Dmpu
2024-11-24 12:25:15,252 [ERROR] ConditionMgr:805 - Attr not supported : Dmpu
2024-11-24 12:25:15,252 [ERROR] ConditionMgr:805 - Attr not supported : Dmpu
2024-11-24 12:25:15,252 [ERROR] ConditionMgr:805 - Attr not supported : Dmpu
2024-11-24 12:25:15,252 [ERROR] ConditionMgr:805 - Attr not supported : Dmpu
2024-11-24 12:25:15,252 [ERROR] ConditionMgr:805 - Attr not supported : Dmpu
2024-11-24 12:25:15,252 [ERROR] ConditionMgr:805 - Attr not supported : Dmpu
2024-11-24 12:25:15,252 [ERROR] ConditionMgr:805 - Attr not supported : Dmpu
2024-11-24 12:25:15,252 [ERROR] ConditionMgr:805 - Attr not supported : Dmpu
2024-11-24 12:25:15,252 [ERROR] ConditionMgr:805 - Attr not supported : Dmpu
2024-11-24 12:25:15,252 [ERROR] ConditionMgr:805 - Attr not supported : Dmpu
2024-11-24 12:25:15,252 [ERROR] ConditionMgr:805 - Attr not supported : Dmpu
2024-11-24 12:25:15,252 [ERROR] ConditionMgr:805 - Attr not supported : Dmpu
2024-11-24 12:25:15,252 [ERROR] ConditionMgr:805 - Attr not supported : Dmpu
2024-11-24 12:25:15,252 [ERROR] ConditionMgr:805 - Attr not supported : Dmpu
2024-11-24 12:25:15,253 [ERROR] ConditionMgr:805 - Attr not supported : Dmpu
2024-11-24 12:25:15,253 [ERROR] ConditionMgr:805 - Attr not supported : Dmpu
2024-11-24 12:25:15,253 [ERROR] ConditionMgr:805 - Attr not supported : Dmpu
2024-11-24 12:25:15,253 [ERROR] ConditionMgr:805 - Attr not supported : Dmpu
2024-11-24 12:25:15,253 [ERROR] ConditionMgr:805 - Attr not supported : Dmpu
2024-11-24 12:25:15,253 [ERROR] ConditionMgr:805 - Attr not supported : Dmpu
2024-11-24 12:25:15,253 [ERROR] ConditionMgr:805 - Attr not supported : Dmpu
2024-11-24 12:25:15,253 [ERROR] ConditionMgr:805 - Attr not supported : Dmpu
2024-11-24 12:25:15,253 [ERROR] ConditionMgr:805 - Attr not supported : Dmpu
2024-11-24 12:25:15,253 [ERROR] ConditionMgr:805 - Attr not supported : Dmpu
2024-11-24 12:25:15,254 [ERROR] ConditionMgr:805 - Attr not supported : Dmpu
2024-11-24 12:25:15,254 [ERROR] ConditionMgr:805 - Attr not supported : Dmpu
2024-11-24 12:25:15,254 [ERROR] ConditionMgr:805 - Attr not supported : Dmpu
2024-11-24 12:25:15,254 [ERROR] ConditionMgr:805 - Attr not supported : Dmpu
2024-11-24 12:25:15,254 [ERROR] ConditionMgr:805 - Attr not supported : Dmpu
2024-11-24 12:25:15,255 [ERROR] ConditionMgr:805 - Attr not supported : Dmpu
2024-11-24 12:25:15,255 [ERROR] ConditionMgr:805 - Attr not supported : Dmpu
2024-11-24 12:25:15,256 [ERROR] ConditionMgr:805 - Attr not supported : Dmpu
2024-11-24 12:25:15,256 [ERROR] ConditionMgr:805 - Attr not supported : Dmpu
2024-11-24 12:25:15,256 [ERROR] ConditionMgr:805 - Attr not supported : Dmpu
2024-11-24 12:25:15,256 [ERROR] ConditionMgr:805 - Attr not supported : Dmpu
2024-11-24 12:25:15,256 [ERROR] ConditionMgr:805 - Attr not supported : Dmpu
2024-11-24 12:25:15,256 [ERROR] ConditionMgr:805 - Attr not supported : Dmpu
2024-11-24 12:25:15,256 [ERROR] ConditionMgr:805 - Attr not supported : Dmpu
2024-11-24 12:25:15,256 [ERROR] ConditionMgr:805 - Attr not supported : Dmpu
2024-11-24 12:25:15,257 [ERROR] ConditionMgr:805 - Attr not supported : Dmpu
2024-11-24 12:25:15,257 [ERROR] ConditionMgr:805 - Attr not supported : Dmpu
2024-11-24 12:25:15,257 [ERROR] ConditionMgr:805 - Attr not supported : Dmpu
2024-11-24 12:25:15,257 [ERROR] ConditionMgr:805 - Attr not supported : Dmpu
2024-11-24 12:25:15,257 [ERROR] ConditionMgr:805 - Attr not supported : Dmpu
2024-11-24 12:25:15,257 [ERROR] ConditionMgr:805 - Attr not supported : Dmpu
2024-11-24 12:25:15,257 [ERROR] ConditionMgr:805 - Attr not supported : Dmpu
2024-11-24 12:25:15,261 [WARN] PackLoader:240 - Cannot read IP mode file for RealThread.X-CUBE-RT-Thread_Nano.4.1.1
2024-11-24 12:25:15,266 [WARN] PackLoader:240 - Cannot read IP mode file for STMicroelectronics.FP-ATR-SIGFOX1.3.2.0
2024-11-24 12:25:15,271 [WARN] ConditionMgr:438 - getConditionDescription Invalid condition id : Cortex-A Device cause : null
2024-11-24 12:25:15,287 [WARN] ConditionMgr:1039 - genDependencies : Invalid condition id : Cortex-A Device cause : null
2024-11-24 12:25:15,287 [WARN] ConditionMgr:1039 - genDependencies : Invalid condition id : Cortex-A Device cause : null
2024-11-24 12:25:15,287 [WARN] ConditionMgr:1039 - genDependencies : Invalid condition id : Cortex-A Device cause : null
2024-11-24 12:25:15,294 [WARN] PackLoader:240 - Cannot read IP mode file for STMicroelectronics.X-CUBE-EEPRMA1.5.1.0
2024-11-24 12:25:15,300 [WARN] PackLoader:240 - Cannot read IP mode file for wolfSSL.I-CUBE-wolfSSL.5.7.4
2024-11-24 12:25:15,305 [WARN] PackLoader:240 - Cannot read IP mode file for ITTIA_DB.I-CUBE-ITTIADB.8.9.0
2024-11-24 12:25:15,330 [WARN] PackLoader:240 - Cannot read IP mode file for SEGGER.I-CUBE-embOS.1.3.1
2024-11-24 12:25:15,385 [WARN] PackLoader:240 - Cannot read IP mode file for STMicroelectronics.X-CUBE-ALGOBUILD.1.4.0
2024-11-24 12:25:15,388 [WARN] PackLoader:240 - Cannot read IP mode file for STMicroelectronics.X-CUBE-AI.9.1.0
2024-11-24 12:25:15,400 [WARN] PackLoader:240 - Cannot read IP mode file for STMicroelectronics.X-CUBE-AZRTOS-F4.1.1.0
2024-11-24 12:25:15,406 [WARN] PackLoader:240 - Cannot read IP mode file for STMicroelectronics.X-CUBE-ISPU.2.1.0
2024-11-24 12:25:15,411 [WARN] PackLoader:240 - Cannot read IP mode file for STMicroelectronics.X-CUBE-FREERTOS.1.2.0
2024-11-24 12:25:15,424 [WARN] PackLoader:240 - Cannot read IP mode file for STMicroelectronics.X-CUBE-AZRTOS-L5.2.0.0
2024-11-24 12:25:15,433 [WARN] PackLoader:240 - Cannot read IP mode file for STMicroelectronics.X-CUBE-NFC6.3.1.0
2024-11-24 12:25:15,440 [WARN] PackLoader:240 - Cannot read IP mode file for STMicroelectronics.X-CUBE-DPower.1.2.0
2024-11-24 12:25:15,445 [WARN] PackLoader:240 - Cannot read IP mode file for STMicroelectronics.X-CUBE-NFC7.1.0.1
2024-11-24 12:25:15,463 [WARN] ConditionMgr:438 - getConditionDescription Invalid condition id : LAN8742 Phy interface Condition cause : null
2024-11-24 12:25:15,464 [WARN] PackLoader:240 - Cannot read IP mode file for STMicroelectronics.X-CUBE-AZRTOS-L4.2.0.0
2024-11-24 12:25:15,466 [WARN] ConditionMgr:1039 - genDependencies : Invalid condition id : LAN8742 Phy interface Condition cause : null
2024-11-24 12:25:15,467 [WARN] ConditionMgr:1039 - genDependencies : Invalid condition id : LAN8742 Phy interface Condition cause : null
2024-11-24 12:25:15,467 [WARN] ConditionMgr:1039 - genDependencies : Invalid condition id : LAN8742 Phy interface Condition cause : null
2024-11-24 12:25:15,475 [WARN] PackLoader:240 - Cannot read IP mode file for STMicroelectronics.X-CUBE-SFXS2LP1.4.0.0
2024-11-24 12:25:15,492 [WARN] PackLoader:240 - Cannot read IP mode file for STMicroelectronics.X-CUBE-AZRTOS-H7.3.3.0
2024-11-24 12:25:15,505 [WARN] PackLoader:240 - Cannot read IP mode file for STMicroelectronics.X-CUBE-IPS.3.0.0
2024-11-24 12:25:15,520 [WARN] ConditionMgr:438 - getConditionDescription Invalid condition id : UX DEVICE CLASS RTOS Condition cause : null
2024-11-24 12:25:15,521 [WARN] ConditionMgr:438 - getConditionDescription Invalid condition id : UX DEVICE CLASS RTOS Condition cause : null
2024-11-24 12:25:15,523 [WARN] PackLoader:240 - Cannot read IP mode file for STMicroelectronics.X-CUBE-AZRTOS-WB.2.0.0
2024-11-24 12:25:15,524 [WARN] ConditionMgr:1039 - genDependencies : Invalid condition id : UX DEVICE CLASS RTOS Condition cause : null
2024-11-24 12:25:15,524 [WARN] ConditionMgr:1039 - genDependencies : Invalid condition id : UX DEVICE CLASS RTOS Condition cause : null
2024-11-24 12:25:15,524 [WARN] ConditionMgr:1039 - genDependencies : Invalid condition id : UX DEVICE CLASS RTOS Condition cause : null
2024-11-24 12:25:15,525 [WARN] ConditionMgr:1039 - genDependencies : Invalid condition id : UX DEVICE CLASS RTOS Condition cause : null
2024-11-24 12:25:15,525 [WARN] ConditionMgr:1039 - genDependencies : Invalid condition id : UX DEVICE CLASS RTOS Condition cause : null
2024-11-24 12:25:15,530 [WARN] PackLoader:240 - Cannot read IP mode file for STMicroelectronics.X-CUBE-GNSS1.7.0.0
2024-11-24 12:25:15,536 [WARN] PackLoader:240 - Cannot read IP mode file for STMicroelectronics.FP-SNS-STBOX1.2.0.0
2024-11-24 12:25:15,547 [WARN] PackLoader:240 - Cannot read IP mode file for STMicroelectronics.X-CUBE-SUBG2.5.0.0
2024-11-24 12:25:15,557 [WARN] PackLoader:240 - Cannot read IP mode file for Cesanta.I-CUBE-Mongoose.7.13.0
2024-11-24 12:25:15,565 [WARN] PackLoader:240 - Cannot read IP mode file for STMicroelectronics.X-CUBE-AZRTOS-G4.2.0.0
2024-11-24 12:25:15,571 [WARN] PackLoader:240 - Cannot read IP mode file for STMicroelectronics.X-CUBE-ALS.1.0.2
2024-11-24 12:25:15,575 [WARN] PackLoader:240 - Cannot read IP mode file for STMicroelectronics.X-CUBE-TOUCHGFX.4.24.1
2024-11-24 12:25:15,577 [WARN] PackLoader:240 - Cannot read IP mode file for wolfSSL.I-CUBE-wolfTPM.3.4.0
2024-11-24 12:25:15,580 [WARN] PackLoader:240 - Cannot read IP mode file for portGmbH.I-Cube-SoM-uGOAL.1.1.0
2024-11-24 12:25:15,592 [WARN] PackLoader:240 - Cannot read IP mode file for STMicroelectronics.X-CUBE-AZRTOS-H7RS.1.0.0
2024-11-24 12:25:15,603 [WARN] PackLoader:240 - Cannot read IP mode file for STMicroelectronics.X-CUBE-TOF1.3.4.2
2024-11-24 12:25:15,632 [WARN] PackLoader:240 - Cannot read IP mode file for Infineon.AIROC-Wi-Fi-Bluetooth-STM32.1.6.1
2024-11-24 12:25:15,639 [WARN] PackLoader:240 - Cannot read IP mode file for wolfSSL.I-CUBE-wolfSSH.1.4.17
2024-11-24 12:25:15,640 [INFO] ThirdParty:978 - Integrity check success = true
2024-11-24 12:25:15,640 [INFO] IntegrityCheckThread:100 - exiting critical section [integrity check]
2024-11-24 12:25:15,640 [INFO] IntegrityCheckThread:103 - End integrity checks thread
2024-11-24 12:25:38,635 [INFO] McuFinderGlobals:63 - Set McuFinder mode to 2 (CubeIDE integrated)
2024-11-24 12:25:38,637 [INFO] MainUpdater:2873 - connection check result : 10
2024-11-24 12:25:38,822 [INFO] ApiDb:581 - Connected to CubeFinder SQLite database (/home/sharad/.stmcufinder/plugins/mcufinder/mcu/cube-finder-db.db)
2024-11-24 12:25:38,863 [INFO] ApiDb:668 - CubeFinder database Data Model version=2.1
2024-11-24 12:25:38,863 [INFO] ApiDb:669 - CubeFinder database Configuration version=3.0.39
2024-11-24 12:25:38,863 [INFO] ApiDb:670 - CubeFinder database generation date=2024-10-15 (1729006872)
2024-11-24 12:25:38,863 [INFO] ApiDb:671 - CubeFinder database FW Pack versions=[FP-ATR-ASTRA1_V2.0.0, FP-SNS-FLIGHT1_V5.0.2, FP-SNS-MOTENV1_V5.0.0, FP-SNS-MOTENVWB1_V1.4.0, FP-SNS-SMARTAG2_V1.2.0, FP-SNS-STBOX1_V2.0.0, STM32Cube_FW_C0_V1.2.0, STM32Cube_FW_F4_V1.28.1, STM32Cube_FW_F7_V1.17.2, STM32Cube_FW_G0_V1.6.2, STM32Cube_FW_G4_V1.6.0, STM32Cube_FW_H5_V1.3.0, STM32Cube_FW_H7RS_V1.1.0, STM32Cube_FW_H7_V1.11.2, STM32Cube_FW_L0_V1.12.2, STM32Cube_FW_L5_V1.5.1, STM32Cube_FW_U0_V1.1.0, STM32Cube_FW_U5_V1.6.0, STM32Cube_FW_WB0_V1.0.0, STM32Cube_FW_WBA_V1.4.1, STM32Cube_FW_WB_V1.20.0, STM32Cube_FW_WL_V1.3.0, X-CUBE-ALGOBUILD_V1.4.0, X-CUBE-ALS_V1.0.2, X-CUBE-AZRTOS-F4_V1.1.0, X-CUBE-AZRTOS-F7_V1.1.0, X-CUBE-AZRTOS-G0_V1.1.0, X-CUBE-AZRTOS-G4_V2.0.0, X-CUBE-AZRTOS-H7RS_V1.0.0, X-CUBE-AZRTOS-H7_V3.3.0, X-CUBE-AZRTOS-L4_V2.0.0, X-CUBE-AZRTOS-L5_V2.0.0, X-CUBE-AZRTOS-WB_V2.0.0, X-CUBE-AZRTOS-WL_V2.0.0, X-CUBE-BLE1_V7.0.0, X-CUBE-BLE2_V3.3.0, X-CUBE-BLEMGR_V3.1.0, X-CUBE-EEPRMA1_V5.1.0, X-CUBE-FREERTOS_V1.2.0, X-CUBE-GNSS1_V6.0.0, X-CUBE-MEMS1_V11.0.0, X-CUBE-NFC4_V3.0.0, X-CUBE-NFC7_V1.0.1, X-CUBE-SFXS2LP1_V4.0.0, X-CUBE-SUBG2_V5.0.0, X-CUBE-TOF1_V3.4.2]
2024-11-24 12:25:38,909 [INFO] DbBoardsSqlite:226 - include board P-NUCLEO-WB55-NUCLEO as a kit item of type 'Nucleo-64'
2024-11-24 12:25:38,910 [INFO] DbBoardsSqlite:226 - include board P-NUCLEO-WB55-USBDONGLE as a kit item of type 'Nucleo USB Dongle'
2024-11-24 12:25:38,910 [INFO] DbBoardsSqlite:226 - include board STEVAL-IDP005V1 as a kit item of type 'Evaluation Board'
2024-11-24 12:25:38,910 [INFO] DbBoardsSqlite:226 - include board STEVAL-IDP005V2 as a kit item of type 'Evaluation Board'
2024-11-24 12:25:38,937 [INFO] ApiDb:240 - Found 646 in-development CPN: [B-G473E-ZEST1S, B-WB1M-WPAN1, B-WL5M-SUBG1, NUCLEO-C031C6, NUCLEO-C071RB, NUCLEO-H503RB, NUCLEO-H533RE, NUCLEO-H563ZI, NUCLEO-H7S3L8, NUCLEO-U031R8, NUCLEO-U083RC, NUCLEO-U545RE-Q, NUCLEO-U5A5ZJ-Q, NUCLEO-WB05KZ, NUCLEO-WB07CC, NUCLEO-WB09KE, NUCLEO-WBA52CG, NUCLEO-WBA55CG, STEVAL-PROTEUS1, STEVAL-SMARTAG2, STEVAL-STWINBX1, STM320518-EVAL, STM32C0116-DK, STM32C011D6Y3TR, STM32C011D6Y6TR, STM32C011F4P3, STM32C011F4P6, STM32C011F4U3, STM32C011F4U6TR, STM32C011F6P3, STM32C011F6P6, STM32C011F6U3, STM32C011F6U6TR, STM32C011J4M3, STM32C011J4M6, STM32C011J6M3, STM32C011J6M6, STM32C0316-DK, STM32C031C4T3, STM32C031C4T6, STM32C031C4U3, STM32C031C4U6, STM32C031C6T3, STM32C031C6T6, STM32C031C6U3, STM32C031C6U6, STM32C031F4P3, STM32C031F4P6, STM32C031F6P3, STM32C031F6P6, STM32C031G4U3, STM32C031G4U6, STM32C031G6U3, STM32C031G6U6, STM32C031K4T3, STM32C031K4T6, STM32C031K4U3, STM32C031K4U6, STM32C031K6T3, STM32C031K6T6, STM32C031K6U3, STM32C031K6U6, STM32C071C8T6, STM32C071C8T6N, STM32C071C8U6, STM32C071C8U6N, STM32C071CBT6, STM32C071CBT6N, STM32C071CBU6, STM32C071CBU6N, STM32C071F8P6, STM32C071F8P6N, STM32C071FBP6, STM32C071FBP6N, STM32C071FBY6TR, STM32C071G8U6, STM32C071G8U6N, STM32C071GBU6, STM32C071GBU6N, STM32C071K8T6, STM32C071K8T6N, STM32C071K8U6, STM32C071K8U6N, STM32C071KBT6, STM32C071KBT6N, STM32C071KBU6, STM32C071KBU6N, STM32C071R8T6, STM32C071R8T6N, STM32C071RBI6N, STM32C071RBT6, STM32C071RBT6N, STM32G071K8TXN, STM32G071K8UXN, STM32G081GBU6N, STM32G081KBT6N, STM32G081KBUXN, STM32G0B1CCT6N, STM32G0B1KCT6, STM32G0B1NEY6TR, STM32G0B1RCT6N, STM32G0C1CCT6, STM32G0C1CCT6N, STM32G0C1CCU6N, STM32G0C1CET6N, STM32G0C1CEU6N, STM32G0C1KCT6, STM32G0C1NEY6TR, STM32G0C1RCI6N, STM32G0C1RCT6N, STM32G0C1REI6N, STM32G0C1RET6N, STM32G0C1VCI6, STM32G0C1VEI6, STM32G411C6T3, STM32G411C6T6, STM32G411C6U3, STM32G411C6U6, STM32G411C8T3, STM32G411C8T6, STM32G411C8U3, STM32G411C8U6, STM32G411CBT3, STM32G411CBT6, STM32G411CBU3, STM32G411CBU6, STM32G411K6T3, STM32G411K6T6, STM32G411K6U3, STM32G411K6U6, STM32G411K8T3, STM32G411K8T6, STM32G411K8U3, STM32G411K8U6, STM32G411KBT3, STM32G411KBT6, STM32G411KBU3, STM32G411KBU6, STM32G411M6T3, STM32G411M6T6, STM32G411M8T3, STM32G411M8T6, STM32G411MBT3, STM32G411MBT6, STM32G411R6T3, STM32G411R6T6, STM32G411R8T3, STM32G411R8T6, STM32G411RBT3, STM32G411RBT6, STM32G414CBT3, STM32G414CBT6, STM32G414CBU3, STM32G414CBU6, STM32G414CCT3, STM32G414CCT6, STM32G414CCU3, STM32G414CCU6, STM32G414MBT3, STM32G414MBT6, STM32G414MCT3, STM32G414MCT6, STM32G414RBT3, STM32G414RBT6, STM32G414RCT3, STM32G414RCT6, STM32G414VBT3, STM32G414VBT6, STM32G414VCT3, STM32G414VCT6, STM32G431CBT3Z, STM32G431RBT3Z, STM32G471CCT6, STM32G471CCU6, STM32G471CET3, STM32G471CET6, STM32G471CEU3, STM32G471CEU6, STM32G471MCT6, STM32G471MET3, STM32G471MET6, STM32G471MEY6TR, STM32G471QCT6, STM32G471QET3, STM32G471RCT6, STM32G471RET3, STM32G471RET6, STM32G471VCH6, STM32G471VCI6, STM32G471VCT6, STM32G471VEH3, STM32G471VEH6, STM32G471VEI3, STM32G471VEI6, STM32G471VET3, STM32G471VET6, STM32G473QET3Z, STM32G473RET3Z, STM32G474CCT6, STM32G491RET3Z, STM32H503CBT6, STM32H503CBU6, STM32H503EBY6TR, STM32H503KBU6, STM32H503RBT6, STM32H523CCT6, STM32H523CCU6, STM32H523CET6, STM32H523CEU6, STM32H523HEY6TR, STM32H523RCT6, STM32H523RET6, STM32H523VCI6, STM32H523VCT6, STM32H523VEI6, STM32H523VET6, STM32H523ZCJ6, STM32H523ZCT6, STM32H523ZEJ6, STM32H523ZET6, STM32H533CET6, STM32H533CEU6, STM32H533HEY6TR, STM32H533RET6, STM32H533VEI6, STM32H533VET6, STM32H533ZEJ6, STM32H533ZET6, STM32H562AGI6, STM32H562AII6, STM32H562IGK6, STM32H562IGT6, STM32H562IIK6, STM32H562IIT6, STM32H562RGT6, STM32H562RGV6, STM32H562RIT6, STM32H562RIV6, STM32H562VGT6, STM32H562VIT6, STM32H562ZGT6, STM32H562ZIT6, STM32H563AGI6, STM32H563AII3Q, STM32H563AII6, STM32H563IGK6, STM32H563IGT6, STM32H563IIK3Q, STM32H563IIK6, STM32H563IIT3Q, STM32H563IIT6, STM32H563MIY3QTR, STM32H563RGT6, STM32H563RGV6, STM32H563RIT6, STM32H563RIV6, STM32H563VGT6, STM32H563VIT3Q, STM32H563VIT6, STM32H563ZGT6, STM32H563ZIT3Q, STM32H563ZIT6, STM32H573AII3Q, STM32H573AII6, STM32H573I-DK, STM32H573IIK3Q, STM32H573IIK6, STM32H573IIT3Q, STM32H573IIT6, STM32H573MIY3QTR, STM32H573RIT6, STM32H573RIV6, STM32H573VIT3Q, STM32H573VIT6, STM32H573ZIT3Q, STM32H573ZIT6, STM32H7R3A8I6, STM32H7R3I8K6, STM32H7R3I8T6, STM32H7R3L8H6, STM32H7R3L8H6H, STM32H7R3R8V6, STM32H7R3V8H6, STM32H7R3V8T6, STM32H7R3V8Y6TR, STM32H7R3Z8J6, STM32H7R3Z8T6, STM32H7R7A8I6, STM32H7R7I8K6, STM32H7R7I8T6, STM32H7R7L8H6, STM32H7R7L8H6H, STM32H7R7Z8J6, STM32H7S3A8I6, STM32H7S3I8K6, STM32H7S3I8T6, STM32H7S3L8H6, STM32H7S3L8H6H, STM32H7S3R8V6, STM32H7S3V8H6, STM32H7S3V8T6, STM32H7S3V8Y6TR, STM32H7S3Z8J6, STM32H7S3Z8T6, STM32H7S78-DK, STM32H7S7A8I6, STM32H7S7I8K6, STM32H7S7I8T6, STM32H7S7L8H6, STM32H7S7L8H6H, STM32H7S7Z8J6, STM32L4R5QGI6STR, STM32MP131AAE3, STM32MP131AAF3, STM32MP131AAG3, STM32MP131CAE3, STM32MP131CAF3, STM32MP131CAG3, STM32MP131DAE7, STM32MP131DAF7, STM32MP131DAG7, STM32MP131FAE7, STM32MP131FAF7, STM32MP131FAG7, STM32MP133AAE3, STM32MP133AAF3, STM32MP133AAG3, STM32MP133CAE3, STM32MP133CAF3, STM32MP133CAG3, STM32MP133DAE7, STM32MP133DAF7, STM32MP133DAG7, STM32MP133FAE7, STM32MP133FAF7, STM32MP133FAG7, STM32MP135AAE3, STM32MP135AAF3, STM32MP135AAG3, STM32MP135CAE3, STM32MP135CAF3, STM32MP135CAG3, STM32MP135DAE7, STM32MP135DAF7, STM32MP135DAG7, STM32MP135F-DK, STM32MP135FAE7, STM32MP135FAF7, STM32MP135FAF7T, STM32MP135FAF7U, STM32MP135FAG7, STM32MP251AAI3, STM32MP251AAK3, STM32MP251AAL3, STM32MP251CAI3, STM32MP251CAK3, STM32MP251CAL3, STM32MP251DAI3, STM32MP251DAK3, STM32MP251DAL3, STM32MP251FAI3, STM32MP251FAK3, STM32MP251FAL3, STM32MP253AAI3, STM32MP253AAK3, STM32MP253AAL3, STM32MP253CAI3, STM32MP253CAK3, STM32MP253CAL3, STM32MP253DAI3, STM32MP253DAK3, STM32MP253DAL3, STM32MP253FAI3, STM32MP253FAK3, STM32MP253FAL3, STM32MP255AAI3, STM32MP255AAK3, STM32MP255AAL3, STM32MP255CAI3, STM32MP255CAK3, STM32MP255CAL3, STM32MP255DAI3, STM32MP255DAK3, STM32MP255DAL3, STM32MP255FAI3, STM32MP255FAK3, STM32MP255FAL3, STM32MP257AAI3, STM32MP257AAK3, STM32MP257AAL3, STM32MP257CAI3, STM32MP257CAK3, STM32MP257CAL3, STM32MP257DAI3, STM32MP257DAK3, STM32MP257DAL3, STM32MP257F-DK, STM32MP257F-EV1, STM32MP257FAI3, STM32MP257FAK3, STM32MP257FAL3, STM32U031C6T6, STM32U031C6U6, STM32U031C8T6, STM32U031C8U6, STM32U031F4P6, STM32U031F6P6, STM32U031F8P6, STM32U031G6Y6TR, STM32U031G8Y6TR, STM32U031K4U6, STM32U031K6U6, STM32U031K8U6, STM32U031R6I6, STM32U031R6T6, STM32U031R8I6, STM32U031R8T6, STM32U073C8T6, STM32U073C8U6, STM32U073CBT6, STM32U073CBU6, STM32U073CCT6, STM32U073CCU6, STM32U073H8Y6TR, STM32U073HBY6TR, STM32U073HCY6TR, STM32U073K8U6, STM32U073KBU6, STM32U073KCU6, STM32U073M8I6, STM32U073M8T6, STM32U073MBI6, STM32U073MBT6, STM32U073MCI6, STM32U073MCT6, STM32U073R8I6, STM32U073R8T6, STM32U073RBI6, STM32U073RBT6, STM32U073RCI6, STM32U073RCT6, STM32U083C-DK, STM32U083CCT6, STM32U083CCU6, STM32U083HCY6TR, STM32U083KCU6, STM32U083MCI6, STM32U083MCT6, STM32U083RCI6, STM32U083RCT6, STM32U535CBT6, STM32U535CBT6Q, STM32U535CBU6, STM32U535CBU6Q, STM32U535CCT6, STM32U535CCT6Q, STM32U535CCU6, STM32U535CCU6Q, STM32U535CET6, STM32U535CET6Q, STM32U535CEU6, STM32U535CEU6Q, STM32U535JEY6QTR, STM32U535NCY6QTR, STM32U535NEY6QTR, STM32U535RBI6, STM32U535RBI6Q, STM32U535RBT6, STM32U535RBT6Q, STM32U535RCI6, STM32U535RCI6Q, STM32U535RCT6, STM32U535RCT6Q, STM32U535REI6, STM32U535REI6Q, STM32U535RET6, STM32U535RET6Q, STM32U535VCI6, STM32U535VCI6Q, STM32U535VCT6, STM32U535VCT6Q, STM32U535VEI6, STM32U535VEI6Q, STM32U535VET6, STM32U535VET6Q, STM32U545CET6, STM32U545CET6Q, STM32U545CEU6, STM32U545CEU6Q, STM32U545JEY6QTR, STM32U545NEY6QTR, STM32U545REI6, STM32U545REI6Q, STM32U545RET6, STM32U545RET6Q, STM32U545VEI6, STM32U545VEI6Q, STM32U545VET6, STM32U545VET6Q, STM32U595AIH6, STM32U595AIH6Q, STM32U595AJH6, STM32U595AJH6Q, STM32U595QII6, STM32U595QII6Q, STM32U595QJI6, STM32U595QJI6Q, STM32U595RIT6, STM32U595RIT6Q, STM32U595RJT6, STM32U595RJT6Q, STM32U595VIT6, STM32U595VIT6Q, STM32U595VJT6, STM32U595VJT6Q, STM32U595ZIT6, STM32U595ZIT6Q, STM32U595ZIY6QTR, STM32U595ZJT6, STM32U595ZJT6Q, STM32U595ZJY6QTR, STM32U599BJY6QTR, STM32U599NIH6Q, STM32U599NJH6Q, STM32U599VIT6Q, STM32U599VJT6, STM32U599VJT6Q, STM32U599ZIT6Q, STM32U599ZIY6QTR, STM32U599ZJT6Q, STM32U599ZJY6QTR, STM32U5A5AJH6, STM32U5A5AJH6Q, STM32U5A5QII3Q , STM32U5A5QJI6, STM32U5A5QJI6Q, STM32U5A5RJT6, STM32U5A5RJT6Q, STM32U5A5VJT6, STM32U5A5VJT6Q, STM32U5A5ZJT6, STM32U5A5ZJT6Q, STM32U5A5ZJY6QTR, STM32U5A9BJY6QTR, STM32U5A9J-DK, STM32U5A9NJH6Q, STM32U5A9VJT6Q, STM32U5A9ZJT6Q, STM32U5A9ZJY6QTR, STM32U5F7VIT6, STM32U5F7VIT6Q, STM32U5F7VJT6, STM32U5F7VJT6Q, STM32U5F9BJY6QTR, STM32U5F9NJH6Q, STM32U5F9VIT6Q, STM32U5F9VJT6Q, STM32U5F9ZIJ6QTR, STM32U5F9ZIT6Q, STM32U5F9ZJJ6QTR, STM32U5F9ZJT6Q, STM32U5G7VJT6, STM32U5G7VJT6Q, STM32U5G9BJY6QTR, STM32U5G9J-DK1, STM32U5G9J-DK2, STM32U5G9NJH6Q, STM32U5G9VJT6Q, STM32U5G9ZJJ6QTR, STM32U5G9ZJT6Q, STM32WB05KZV6TR, STM32WB05KZV7TR, STM32WB05TZF6TR, STM32WB05TZF7TR, STM32WB06CCF6TR, STM32WB06CCF7TR, STM32WB06CCV6TR, STM32WB06CCV7TR, STM32WB06KCV6TR, STM32WB06KCV7TR, STM32WB07CCF6TR, STM32WB07CCF7TR, STM32WB07CCV6TR, STM32WB07CCV7TR, STM32WB07KCV6TR, STM32WB07KCV7TR, STM32WB09KEV6TR, STM32WB09KEV7TR, STM32WB09TEF6TR, STM32WB09TEF7TR, STM32WB1MMCH6, STM32WBA50KGU6, STM32WBA50KGU6TR, STM32WBA52CEU6, STM32WBA52CEU6TR, STM32WBA52CEU7, STM32WBA52CEU7TR, STM32WBA52CGU6, STM32WBA52CGU6TR, STM32WBA52CGU6U, STM32WBA52CGU7, STM32WBA52CGU7TR, STM32WBA52KEU6, STM32WBA52KEU6TR, STM32WBA52KGU6, STM32WBA52KGU6TR, STM32WBA54CEU6, STM32WBA54CEU6TR, STM32WBA54CEU7, STM32WBA54CEU7TR, STM32WBA54CGU6, STM32WBA54CGU6TR, STM32WBA54CGU7, STM32WBA54CGU7TR, STM32WBA54KEU6, STM32WBA54KEU6TR, STM32WBA54KEU7, STM32WBA54KEU7TR, STM32WBA54KGU6, STM32WBA54KGU6TR, STM32WBA54KGU7, STM32WBA54KGU7TR, STM32WBA55CEU6, STM32WBA55CEU6TR, STM32WBA55CEU7, STM32WBA55CEU7TR, STM32WBA55CGU6, STM32WBA55CGU6TR, STM32WBA55CGU6U, STM32WBA55CGU7, STM32WBA55CGU7TR, STM32WBA55G-DK1, STM32WBA55HEF6, STM32WBA55HEF7, STM32WBA55HGF6, STM32WBA55HGF7, STM32WBA55UEI6, STM32WBA55UEI6TR, STM32WBA55UEI7, STM32WBA55UEI7TR, STM32WBA55UGI6, STM32WBA55UGI6TR, STM32WBA55UGI7, STM32WBA55UGI7TR, STM32WL5MOCH6, STM32WL5MOCH6TR]
2024-11-24 12:25:39,010 [INFO] BoardInfo:889 - No configuration file found for board P-NUCLEO-WB55
2024-11-24 12:25:39,010 [INFO] DbBoards:161 - Kit is not supported: P-NUCLEO-WB55
2024-11-24 12:25:39,013 [INFO] BoardInfo:889 - No configuration file found for board STEVAL-BFA001V1B
2024-11-24 12:25:39,013 [INFO] DbBoards:161 - Kit is not supported: STEVAL-BFA001V1B
2024-11-24 12:25:39,014 [INFO] BoardInfo:889 - No configuration file found for board STEVAL-BFA001V2B
2024-11-24 12:25:39,014 [INFO] DbBoards:161 - Kit is not supported: STEVAL-BFA001V2B
2024-11-24 12:25:39,106 [INFO] DbBoards:168 - Found 201 boards, 198 are supported
2024-11-24 12:25:39,107 [INFO] DbBoards:169 - Found 201 boards, 25 of them is supported for  Bsp
2024-11-24 12:25:39,109 [INFO] ApiDb:668 - CubeFinder database Data Model version=2.1
2024-11-24 12:25:39,109 [INFO] ApiDb:669 - CubeFinder database Configuration version=3.0.39
2024-11-24 12:25:39,109 [INFO] ApiDb:670 - CubeFinder database generation date=2024-10-15 (1729006872)
2024-11-24 12:25:39,109 [INFO] ApiDb:671 - CubeFinder database FW Pack versions=[FP-ATR-ASTRA1_V2.0.0, FP-SNS-FLIGHT1_V5.0.2, FP-SNS-MOTENV1_V5.0.0, FP-SNS-MOTENVWB1_V1.4.0, FP-SNS-SMARTAG2_V1.2.0, FP-SNS-STBOX1_V2.0.0, STM32Cube_FW_C0_V1.2.0, STM32Cube_FW_F4_V1.28.1, STM32Cube_FW_F7_V1.17.2, STM32Cube_FW_G0_V1.6.2, STM32Cube_FW_G4_V1.6.0, STM32Cube_FW_H5_V1.3.0, STM32Cube_FW_H7RS_V1.1.0, STM32Cube_FW_H7_V1.11.2, STM32Cube_FW_L0_V1.12.2, STM32Cube_FW_L5_V1.5.1, STM32Cube_FW_U0_V1.1.0, STM32Cube_FW_U5_V1.6.0, STM32Cube_FW_WB0_V1.0.0, STM32Cube_FW_WBA_V1.4.1, STM32Cube_FW_WB_V1.20.0, STM32Cube_FW_WL_V1.3.0, X-CUBE-ALGOBUILD_V1.4.0, X-CUBE-ALS_V1.0.2, X-CUBE-AZRTOS-F4_V1.1.0, X-CUBE-AZRTOS-F7_V1.1.0, X-CUBE-AZRTOS-G0_V1.1.0, X-CUBE-AZRTOS-G4_V2.0.0, X-CUBE-AZRTOS-H7RS_V1.0.0, X-CUBE-AZRTOS-H7_V3.3.0, X-CUBE-AZRTOS-L4_V2.0.0, X-CUBE-AZRTOS-L5_V2.0.0, X-CUBE-AZRTOS-WB_V2.0.0, X-CUBE-AZRTOS-WL_V2.0.0, X-CUBE-BLE1_V7.0.0, X-CUBE-BLE2_V3.3.0, X-CUBE-BLEMGR_V3.1.0, X-CUBE-EEPRMA1_V5.1.0, X-CUBE-FREERTOS_V1.2.0, X-CUBE-GNSS1_V6.0.0, X-CUBE-MEMS1_V11.0.0, X-CUBE-NFC4_V3.0.0, X-CUBE-NFC7_V1.0.1, X-CUBE-SFXS2LP1_V4.0.0, X-CUBE-SUBG2_V5.0.0, X-CUBE-TOF1_V3.4.2]
2024-11-24 12:25:40,607 [INFO] ApiDb:240 - Found 646 in-development CPN: [B-G473E-ZEST1S, B-WB1M-WPAN1, B-WL5M-SUBG1, NUCLEO-C031C6, NUCLEO-C071RB, NUCLEO-H503RB, NUCLEO-H533RE, NUCLEO-H563ZI, NUCLEO-H7S3L8, NUCLEO-U031R8, NUCLEO-U083RC, NUCLEO-U545RE-Q, NUCLEO-U5A5ZJ-Q, NUCLEO-WB05KZ, NUCLEO-WB07CC, NUCLEO-WB09KE, NUCLEO-WBA52CG, NUCLEO-WBA55CG, STEVAL-PROTEUS1, STEVAL-SMARTAG2, STEVAL-STWINBX1, STM320518-EVAL, STM32C0116-DK, STM32C011D6Y3TR, STM32C011D6Y6TR, STM32C011F4P3, STM32C011F4P6, STM32C011F4U3, STM32C011F4U6TR, STM32C011F6P3, STM32C011F6P6, STM32C011F6U3, STM32C011F6U6TR, STM32C011J4M3, STM32C011J4M6, STM32C011J6M3, STM32C011J6M6, STM32C0316-DK, STM32C031C4T3, STM32C031C4T6, STM32C031C4U3, STM32C031C4U6, STM32C031C6T3, STM32C031C6T6, STM32C031C6U3, STM32C031C6U6, STM32C031F4P3, STM32C031F4P6, STM32C031F6P3, STM32C031F6P6, STM32C031G4U3, STM32C031G4U6, STM32C031G6U3, STM32C031G6U6, STM32C031K4T3, STM32C031K4T6, STM32C031K4U3, STM32C031K4U6, STM32C031K6T3, STM32C031K6T6, STM32C031K6U3, STM32C031K6U6, STM32C071C8T6, STM32C071C8T6N, STM32C071C8U6, STM32C071C8U6N, STM32C071CBT6, STM32C071CBT6N, STM32C071CBU6, STM32C071CBU6N, STM32C071F8P6, STM32C071F8P6N, STM32C071FBP6, STM32C071FBP6N, STM32C071FBY6TR, STM32C071G8U6, STM32C071G8U6N, STM32C071GBU6, STM32C071GBU6N, STM32C071K8T6, STM32C071K8T6N, STM32C071K8U6, STM32C071K8U6N, STM32C071KBT6, STM32C071KBT6N, STM32C071KBU6, STM32C071KBU6N, STM32C071R8T6, STM32C071R8T6N, STM32C071RBI6N, STM32C071RBT6, STM32C071RBT6N, STM32G071K8TXN, STM32G071K8UXN, STM32G081GBU6N, STM32G081KBT6N, STM32G081KBUXN, STM32G0B1CCT6N, STM32G0B1KCT6, STM32G0B1NEY6TR, STM32G0B1RCT6N, STM32G0C1CCT6, STM32G0C1CCT6N, STM32G0C1CCU6N, STM32G0C1CET6N, STM32G0C1CEU6N, STM32G0C1KCT6, STM32G0C1NEY6TR, STM32G0C1RCI6N, STM32G0C1RCT6N, STM32G0C1REI6N, STM32G0C1RET6N, STM32G0C1VCI6, STM32G0C1VEI6, STM32G411C6T3, STM32G411C6T6, STM32G411C6U3, STM32G411C6U6, STM32G411C8T3, STM32G411C8T6, STM32G411C8U3, STM32G411C8U6, STM32G411CBT3, STM32G411CBT6, STM32G411CBU3, STM32G411CBU6, STM32G411K6T3, STM32G411K6T6, STM32G411K6U3, STM32G411K6U6, STM32G411K8T3, STM32G411K8T6, STM32G411K8U3, STM32G411K8U6, STM32G411KBT3, STM32G411KBT6, STM32G411KBU3, STM32G411KBU6, STM32G411M6T3, STM32G411M6T6, STM32G411M8T3, STM32G411M8T6, STM32G411MBT3, STM32G411MBT6, STM32G411R6T3, STM32G411R6T6, STM32G411R8T3, STM32G411R8T6, STM32G411RBT3, STM32G411RBT6, STM32G414CBT3, STM32G414CBT6, STM32G414CBU3, STM32G414CBU6, STM32G414CCT3, STM32G414CCT6, STM32G414CCU3, STM32G414CCU6, STM32G414MBT3, STM32G414MBT6, STM32G414MCT3, STM32G414MCT6, STM32G414RBT3, STM32G414RBT6, STM32G414RCT3, STM32G414RCT6, STM32G414VBT3, STM32G414VBT6, STM32G414VCT3, STM32G414VCT6, STM32G431CBT3Z, STM32G431RBT3Z, STM32G471CCT6, STM32G471CCU6, STM32G471CET3, STM32G471CET6, STM32G471CEU3, STM32G471CEU6, STM32G471MCT6, STM32G471MET3, STM32G471MET6, STM32G471MEY6TR, STM32G471QCT6, STM32G471QET3, STM32G471RCT6, STM32G471RET3, STM32G471RET6, STM32G471VCH6, STM32G471VCI6, STM32G471VCT6, STM32G471VEH3, STM32G471VEH6, STM32G471VEI3, STM32G471VEI6, STM32G471VET3, STM32G471VET6, STM32G473QET3Z, STM32G473RET3Z, STM32G474CCT6, STM32G491RET3Z, STM32H503CBT6, STM32H503CBU6, STM32H503EBY6TR, STM32H503KBU6, STM32H503RBT6, STM32H523CCT6, STM32H523CCU6, STM32H523CET6, STM32H523CEU6, STM32H523HEY6TR, STM32H523RCT6, STM32H523RET6, STM32H523VCI6, STM32H523VCT6, STM32H523VEI6, STM32H523VET6, STM32H523ZCJ6, STM32H523ZCT6, STM32H523ZEJ6, STM32H523ZET6, STM32H533CET6, STM32H533CEU6, STM32H533HEY6TR, STM32H533RET6, STM32H533VEI6, STM32H533VET6, STM32H533ZEJ6, STM32H533ZET6, STM32H562AGI6, STM32H562AII6, STM32H562IGK6, STM32H562IGT6, STM32H562IIK6, STM32H562IIT6, STM32H562RGT6, STM32H562RGV6, STM32H562RIT6, STM32H562RIV6, STM32H562VGT6, STM32H562VIT6, STM32H562ZGT6, STM32H562ZIT6, STM32H563AGI6, STM32H563AII3Q, STM32H563AII6, STM32H563IGK6, STM32H563IGT6, STM32H563IIK3Q, STM32H563IIK6, STM32H563IIT3Q, STM32H563IIT6, STM32H563MIY3QTR, STM32H563RGT6, STM32H563RGV6, STM32H563RIT6, STM32H563RIV6, STM32H563VGT6, STM32H563VIT3Q, STM32H563VIT6, STM32H563ZGT6, STM32H563ZIT3Q, STM32H563ZIT6, STM32H573AII3Q, STM32H573AII6, STM32H573I-DK, STM32H573IIK3Q, STM32H573IIK6, STM32H573IIT3Q, STM32H573IIT6, STM32H573MIY3QTR, STM32H573RIT6, STM32H573RIV6, STM32H573VIT3Q, STM32H573VIT6, STM32H573ZIT3Q, STM32H573ZIT6, STM32H7R3A8I6, STM32H7R3I8K6, STM32H7R3I8T6, STM32H7R3L8H6, STM32H7R3L8H6H, STM32H7R3R8V6, STM32H7R3V8H6, STM32H7R3V8T6, STM32H7R3V8Y6TR, STM32H7R3Z8J6, STM32H7R3Z8T6, STM32H7R7A8I6, STM32H7R7I8K6, STM32H7R7I8T6, STM32H7R7L8H6, STM32H7R7L8H6H, STM32H7R7Z8J6, STM32H7S3A8I6, STM32H7S3I8K6, STM32H7S3I8T6, STM32H7S3L8H6, STM32H7S3L8H6H, STM32H7S3R8V6, STM32H7S3V8H6, STM32H7S3V8T6, STM32H7S3V8Y6TR, STM32H7S3Z8J6, STM32H7S3Z8T6, STM32H7S78-DK, STM32H7S7A8I6, STM32H7S7I8K6, STM32H7S7I8T6, STM32H7S7L8H6, STM32H7S7L8H6H, STM32H7S7Z8J6, STM32L4R5QGI6STR, STM32MP131AAE3, STM32MP131AAF3, STM32MP131AAG3, STM32MP131CAE3, STM32MP131CAF3, STM32MP131CAG3, STM32MP131DAE7, STM32MP131DAF7, STM32MP131DAG7, STM32MP131FAE7, STM32MP131FAF7, STM32MP131FAG7, STM32MP133AAE3, STM32MP133AAF3, STM32MP133AAG3, STM32MP133CAE3, STM32MP133CAF3, STM32MP133CAG3, STM32MP133DAE7, STM32MP133DAF7, STM32MP133DAG7, STM32MP133FAE7, STM32MP133FAF7, STM32MP133FAG7, STM32MP135AAE3, STM32MP135AAF3, STM32MP135AAG3, STM32MP135CAE3, STM32MP135CAF3, STM32MP135CAG3, STM32MP135DAE7, STM32MP135DAF7, STM32MP135DAG7, STM32MP135F-DK, STM32MP135FAE7, STM32MP135FAF7, STM32MP135FAF7T, STM32MP135FAF7U, STM32MP135FAG7, STM32MP251AAI3, STM32MP251AAK3, STM32MP251AAL3, STM32MP251CAI3, STM32MP251CAK3, STM32MP251CAL3, STM32MP251DAI3, STM32MP251DAK3, STM32MP251DAL3, STM32MP251FAI3, STM32MP251FAK3, STM32MP251FAL3, STM32MP253AAI3, STM32MP253AAK3, STM32MP253AAL3, STM32MP253CAI3, STM32MP253CAK3, STM32MP253CAL3, STM32MP253DAI3, STM32MP253DAK3, STM32MP253DAL3, STM32MP253FAI3, STM32MP253FAK3, STM32MP253FAL3, STM32MP255AAI3, STM32MP255AAK3, STM32MP255AAL3, STM32MP255CAI3, STM32MP255CAK3, STM32MP255CAL3, STM32MP255DAI3, STM32MP255DAK3, STM32MP255DAL3, STM32MP255FAI3, STM32MP255FAK3, STM32MP255FAL3, STM32MP257AAI3, STM32MP257AAK3, STM32MP257AAL3, STM32MP257CAI3, STM32MP257CAK3, STM32MP257CAL3, STM32MP257DAI3, STM32MP257DAK3, STM32MP257DAL3, STM32MP257F-DK, STM32MP257F-EV1, STM32MP257FAI3, STM32MP257FAK3, STM32MP257FAL3, STM32U031C6T6, STM32U031C6U6, STM32U031C8T6, STM32U031C8U6, STM32U031F4P6, STM32U031F6P6, STM32U031F8P6, STM32U031G6Y6TR, STM32U031G8Y6TR, STM32U031K4U6, STM32U031K6U6, STM32U031K8U6, STM32U031R6I6, STM32U031R6T6, STM32U031R8I6, STM32U031R8T6, STM32U073C8T6, STM32U073C8U6, STM32U073CBT6, STM32U073CBU6, STM32U073CCT6, STM32U073CCU6, STM32U073H8Y6TR, STM32U073HBY6TR, STM32U073HCY6TR, STM32U073K8U6, STM32U073KBU6, STM32U073KCU6, STM32U073M8I6, STM32U073M8T6, STM32U073MBI6, STM32U073MBT6, STM32U073MCI6, STM32U073MCT6, STM32U073R8I6, STM32U073R8T6, STM32U073RBI6, STM32U073RBT6, STM32U073RCI6, STM32U073RCT6, STM32U083C-DK, STM32U083CCT6, STM32U083CCU6, STM32U083HCY6TR, STM32U083KCU6, STM32U083MCI6, STM32U083MCT6, STM32U083RCI6, STM32U083RCT6, STM32U535CBT6, STM32U535CBT6Q, STM32U535CBU6, STM32U535CBU6Q, STM32U535CCT6, STM32U535CCT6Q, STM32U535CCU6, STM32U535CCU6Q, STM32U535CET6, STM32U535CET6Q, STM32U535CEU6, STM32U535CEU6Q, STM32U535JEY6QTR, STM32U535NCY6QTR, STM32U535NEY6QTR, STM32U535RBI6, STM32U535RBI6Q, STM32U535RBT6, STM32U535RBT6Q, STM32U535RCI6, STM32U535RCI6Q, STM32U535RCT6, STM32U535RCT6Q, STM32U535REI6, STM32U535REI6Q, STM32U535RET6, STM32U535RET6Q, STM32U535VCI6, STM32U535VCI6Q, STM32U535VCT6, STM32U535VCT6Q, STM32U535VEI6, STM32U535VEI6Q, STM32U535VET6, STM32U535VET6Q, STM32U545CET6, STM32U545CET6Q, STM32U545CEU6, STM32U545CEU6Q, STM32U545JEY6QTR, STM32U545NEY6QTR, STM32U545REI6, STM32U545REI6Q, STM32U545RET6, STM32U545RET6Q, STM32U545VEI6, STM32U545VEI6Q, STM32U545VET6, STM32U545VET6Q, STM32U595AIH6, STM32U595AIH6Q, STM32U595AJH6, STM32U595AJH6Q, STM32U595QII6, STM32U595QII6Q, STM32U595QJI6, STM32U595QJI6Q, STM32U595RIT6, STM32U595RIT6Q, STM32U595RJT6, STM32U595RJT6Q, STM32U595VIT6, STM32U595VIT6Q, STM32U595VJT6, STM32U595VJT6Q, STM32U595ZIT6, STM32U595ZIT6Q, STM32U595ZIY6QTR, STM32U595ZJT6, STM32U595ZJT6Q, STM32U595ZJY6QTR, STM32U599BJY6QTR, STM32U599NIH6Q, STM32U599NJH6Q, STM32U599VIT6Q, STM32U599VJT6, STM32U599VJT6Q, STM32U599ZIT6Q, STM32U599ZIY6QTR, STM32U599ZJT6Q, STM32U599ZJY6QTR, STM32U5A5AJH6, STM32U5A5AJH6Q, STM32U5A5QII3Q , STM32U5A5QJI6, STM32U5A5QJI6Q, STM32U5A5RJT6, STM32U5A5RJT6Q, STM32U5A5VJT6, STM32U5A5VJT6Q, STM32U5A5ZJT6, STM32U5A5ZJT6Q, STM32U5A5ZJY6QTR, STM32U5A9BJY6QTR, STM32U5A9J-DK, STM32U5A9NJH6Q, STM32U5A9VJT6Q, STM32U5A9ZJT6Q, STM32U5A9ZJY6QTR, STM32U5F7VIT6, STM32U5F7VIT6Q, STM32U5F7VJT6, STM32U5F7VJT6Q, STM32U5F9BJY6QTR, STM32U5F9NJH6Q, STM32U5F9VIT6Q, STM32U5F9VJT6Q, STM32U5F9ZIJ6QTR, STM32U5F9ZIT6Q, STM32U5F9ZJJ6QTR, STM32U5F9ZJT6Q, STM32U5G7VJT6, STM32U5G7VJT6Q, STM32U5G9BJY6QTR, STM32U5G9J-DK1, STM32U5G9J-DK2, STM32U5G9NJH6Q, STM32U5G9VJT6Q, STM32U5G9ZJJ6QTR, STM32U5G9ZJT6Q, STM32WB05KZV6TR, STM32WB05KZV7TR, STM32WB05TZF6TR, STM32WB05TZF7TR, STM32WB06CCF6TR, STM32WB06CCF7TR, STM32WB06CCV6TR, STM32WB06CCV7TR, STM32WB06KCV6TR, STM32WB06KCV7TR, STM32WB07CCF6TR, STM32WB07CCF7TR, STM32WB07CCV6TR, STM32WB07CCV7TR, STM32WB07KCV6TR, STM32WB07KCV7TR, STM32WB09KEV6TR, STM32WB09KEV7TR, STM32WB09TEF6TR, STM32WB09TEF7TR, STM32WB1MMCH6, STM32WBA50KGU6, STM32WBA50KGU6TR, STM32WBA52CEU6, STM32WBA52CEU6TR, STM32WBA52CEU7, STM32WBA52CEU7TR, STM32WBA52CGU6, STM32WBA52CGU6TR, STM32WBA52CGU6U, STM32WBA52CGU7, STM32WBA52CGU7TR, STM32WBA52KEU6, STM32WBA52KEU6TR, STM32WBA52KGU6, STM32WBA52KGU6TR, STM32WBA54CEU6, STM32WBA54CEU6TR, STM32WBA54CEU7, STM32WBA54CEU7TR, STM32WBA54CGU6, STM32WBA54CGU6TR, STM32WBA54CGU7, STM32WBA54CGU7TR, STM32WBA54KEU6, STM32WBA54KEU6TR, STM32WBA54KEU7, STM32WBA54KEU7TR, STM32WBA54KGU6, STM32WBA54KGU6TR, STM32WBA54KGU7, STM32WBA54KGU7TR, STM32WBA55CEU6, STM32WBA55CEU6TR, STM32WBA55CEU7, STM32WBA55CEU7TR, STM32WBA55CGU6, STM32WBA55CGU6TR, STM32WBA55CGU6U, STM32WBA55CGU7, STM32WBA55CGU7TR, STM32WBA55G-DK1, STM32WBA55HEF6, STM32WBA55HEF7, STM32WBA55HGF6, STM32WBA55HGF7, STM32WBA55UEI6, STM32WBA55UEI6TR, STM32WBA55UEI7, STM32WBA55UEI7TR, STM32WBA55UGI6, STM32WBA55UGI6TR, STM32WBA55UGI7, STM32WBA55UGI7TR, STM32WL5MOCH6, STM32WL5MOCH6TR]
2024-11-24 12:25:40,610 [INFO] DbMcus:218 - Found 4252 MCUs, 4252 are supported
2024-11-24 12:25:40,610 [INFO] ApiDb:423 - Load user favorites file /home/sharad/.stm32cubeide/favorites.mcus.txt: 0 item(s)
2024-11-24 12:25:40,610 [INFO] ApiDb:427 - User favorites MCUs=[]
2024-11-24 12:25:40,610 [INFO] DbMcus:224 - Set 0 / 0 favorites MCUs
2024-11-24 12:25:40,816 [INFO] ApiDb:414 - User favorites file not found: /home/sharad/.stm32cubeide/favorites.boards.txt
2024-11-24 12:25:40,816 [INFO] DbBoards:198 - Set 0 / 0 favorites Boards
2024-11-24 12:25:40,817 [INFO] McuFinderGlobals:76 - Set McuFinderConnectedMode to true
2024-11-24 12:25:40,821 [INFO] MultiScanPanel:200 - Auto-refresh data requested => check proxy status ongoing
2024-11-24 12:25:40,823 [INFO] FinderPluginLoader:95 - Searching for filters in installed packs
2024-11-24 12:25:41,755 [INFO] LoadUrlFilesThread:185 - End of LoadServerUrlFiles without Thread
2024-11-24 12:25:41,801 [INFO] DetailPanel:341 - Set advertising image to /home/sharad/STM32Cube/Repository//en.prom-stm32c071-usb-memories-mcu-finder.png
2024-11-24 12:26:24,279 [ERROR] LogOutputStream:75 - [STDERR_REDIRECT] Exception in thread "AWT-EventQueue-0" org.eclipse.swt.SWTException: Device is disposed
2024-11-24 12:26:24,280 [ERROR] LogOutputStream:75 - [STDERR_REDIRECT] 	at org.eclipse.swt.SWT.error(SWT.java:4918)
2024-11-24 12:26:24,280 [ERROR] LogOutputStream:75 - [STDERR_REDIRECT] 	at org.eclipse.swt.SWT.error(SWT.java:4833)
2024-11-24 12:26:24,280 [ERROR] LogOutputStream:75 - [STDERR_REDIRECT] 	at org.eclipse.swt.SWT.error(SWT.java:4804)
2024-11-24 12:26:24,280 [ERROR] LogOutputStream:75 - [STDERR_REDIRECT] 	at org.eclipse.swt.widgets.Display.error(Display.java:1550)
2024-11-24 12:26:24,280 [ERROR] LogOutputStream:75 - [STDERR_REDIRECT] 	at org.eclipse.swt.widgets.Display.asyncExec(Display.java:919)
2024-11-24 12:26:24,281 [ERROR] LogOutputStream:75 - [STDERR_REDIRECT] 	at com.st.stm32cube.common.mx.oss.core.awtswtbridge.AwtEnvironment$2.run(AwtEnvironment.java:168)
2024-11-24 12:26:24,281 [ERROR] LogOutputStream:75 - [STDERR_REDIRECT] 	at java.desktop/java.awt.event.InvocationEvent.dispatch(InvocationEvent.java:318)
2024-11-24 12:26:24,281 [ERROR] LogOutputStream:75 - [STDERR_REDIRECT] 	at java.desktop/java.awt.EventQueue.dispatchEventImpl(EventQueue.java:773)
2024-11-24 12:26:24,281 [ERROR] LogOutputStream:75 - [STDERR_REDIRECT] 	at java.desktop/java.awt.EventQueue$4.run(EventQueue.java:720)
2024-11-24 12:26:24,281 [ERROR] LogOutputStream:75 - [STDERR_REDIRECT] 	at java.desktop/java.awt.EventQueue$4.run(EventQueue.java:714)
2024-11-24 12:26:24,281 [ERROR] LogOutputStream:75 - [STDERR_REDIRECT] 	at java.base/java.security.AccessController.doPrivileged(AccessController.java:399)
2024-11-24 12:26:24,281 [ERROR] LogOutputStream:75 - [STDERR_REDIRECT] 	at java.base/java.security.ProtectionDomain$JavaSecurityAccessImpl.doIntersectionPrivilege(ProtectionDomain.java:86)
2024-11-24 12:26:24,281 [ERROR] LogOutputStream:75 - [STDERR_REDIRECT] 	at java.desktop/java.awt.EventQueue.dispatchEvent(EventQueue.java:742)
2024-11-24 12:26:24,282 [ERROR] LogOutputStream:75 - [STDERR_REDIRECT] 	at java.desktop/java.awt.EventDispatchThread.pumpOneEventForFilters(EventDispatchThread.java:203)
2024-11-24 12:26:24,282 [ERROR] LogOutputStream:75 - [STDERR_REDIRECT] 	at java.desktop/java.awt.EventDispatchThread.pumpEventsForFilter(EventDispatchThread.java:124)
2024-11-24 12:26:24,282 [ERROR] LogOutputStream:75 - [STDERR_REDIRECT] 	at java.desktop/java.awt.EventDispatchThread.pumpEventsForHierarchy(EventDispatchThread.java:113)
2024-11-24 12:26:24,282 [ERROR] LogOutputStream:75 - [STDERR_REDIRECT] 	at java.desktop/java.awt.EventDispatchThread.pumpEvents(EventDispatchThread.java:109)
2024-11-24 12:26:24,282 [ERROR] LogOutputStream:75 - [STDERR_REDIRECT] 	at java.desktop/java.awt.EventDispatchThread.pumpEvents(EventDispatchThread.java:101)
2024-11-24 12:26:24,282 [ERROR] LogOutputStream:75 - [STDERR_REDIRECT] 	at java.desktop/java.awt.EventDispatchThread.run(EventDispatchThread.java:90)
2024-11-24 12:26:24,528 [ERROR] LogOutputStream:75 - [STDERR_REDIRECT] 
2024-11-24 12:26:28,328 [INFO] Activator:176 - 


2024-11-24 12:26:28,330 [INFO] Activator:177 - !SESSION log4j initialized
2024-11-24 12:26:29,825 [INFO] LogOutputStream:77 - [STDOUT_REDIRECT] 
2024-11-24 12:26:31,761 [INFO] ApplicationProperties:184 - Using Application install path: /opt/st/stm32cubeide_1.16.1/plugins/com.st.stm32cube.common.mx_6.12.1.202409122256
2024-11-24 12:26:31,772 [INFO] DbMcusXml:78 - Set database path to: /opt/st/stm32cubeide_1.16.1/plugins/com.st.stm32cube.common.mx_6.12.1.202409122256//db//mcu/
2024-11-24 12:26:31,772 [INFO] ApiDb:274 - Set plugin database path to: /opt/st/stm32cubeide_1.16.1/plugins/com.st.stm32cube.common.mx_6.12.1.202409122256//db//plugins/boardmanager/
2024-11-24 12:26:31,772 [WARN] ApiDb:259 - Overriding images path with different value:  => /opt/st/stm32cubeide_1.16.1/plugins/com.st.stm32cube.common.mx_6.12.1.202409122256//db//plugins/mcufinder/images/
2024-11-24 12:26:31,775 [INFO] ApiDb:250 - Set database path to: /home/sharad/.stmcufinder/plugins/mcufinder//mcu/
2024-11-24 12:26:31,776 [INFO] DbMcusAds:125 - Set database path to: /home/sharad/.stmcufinder/plugins/mcufinder//mcu/
2024-11-24 12:26:31,777 [INFO] CrossReferenceDbSqlite:203 - Set database path to: /home/sharad/.stmcufinder/plugins/mcufinder//mcu/cs/
2024-11-24 12:26:31,848 [INFO] RulesReader:64 - Compatibility file has been processed (297 Rules)
2024-11-24 12:26:31,888 [INFO] DbMcusXml:78 - Set database path to: /opt/st/stm32cubeide_1.16.1/plugins/com.st.stm32cube.common.mx_6.12.1.202409122256//db//mcu/
2024-11-24 12:26:31,888 [INFO] ApiDb:274 - Set plugin database path to: /opt/st/stm32cubeide_1.16.1/plugins/com.st.stm32cube.common.mx_6.12.1.202409122256//db//plugins/boardmanager/
2024-11-24 12:26:31,888 [INFO] ApiDb:261 - Set plugin images path to: /opt/st/stm32cubeide_1.16.1/plugins/com.st.stm32cube.common.mx_6.12.1.202409122256//db//plugins/mcufinder/images/
2024-11-24 12:26:31,889 [WARN] DbFile:41 - Overriding database path with different value: /home/sharad/.stmcufinder/plugins/mcufinder/ => /home/sharad/.stmcufinder/plugins/mcufinder
2024-11-24 12:26:31,889 [INFO] ApiDb:250 - Set database path to: /home/sharad/.stmcufinder/plugins/mcufinder//mcu/
2024-11-24 12:26:31,889 [WARN] DbFile:41 - Overriding database path with different value: /home/sharad/.stmcufinder/plugins/mcufinder/ => /home/sharad/.stmcufinder/plugins/mcufinder
2024-11-24 12:26:31,889 [INFO] DbMcusAds:125 - Set database path to: /home/sharad/.stmcufinder/plugins/mcufinder//mcu/
2024-11-24 12:26:31,889 [WARN] DbFile:41 - Overriding database path with different value: /home/sharad/.stmcufinder/plugins/mcufinder/ => /home/sharad/.stmcufinder/plugins/mcufinder
2024-11-24 12:26:31,889 [WARN] DbFile:41 - Overriding database path with different value: /home/sharad/.stmcufinder/plugins/mcufinder/ => /home/sharad/.stmcufinder/plugins/mcufinder
2024-11-24 12:26:31,889 [INFO] CrossReferenceDbSqlite:203 - Set database path to: /home/sharad/.stmcufinder/plugins/mcufinder//mcu/cs/
2024-11-24 12:26:31,932 [INFO] MainPanel:268 - HeapMemory: 268435456
2024-11-24 12:26:32,003 [INFO] DbMcusXml:78 - Set database path to: /opt/st/stm32cubeide_1.16.1/plugins/com.st.stm32cube.common.mx_6.12.1.202409122256//db//mcu/
2024-11-24 12:26:32,003 [INFO] ApiDb:274 - Set plugin database path to: /opt/st/stm32cubeide_1.16.1/plugins/com.st.stm32cube.common.mx_6.12.1.202409122256//db//plugins/boardmanager/
2024-11-24 12:26:32,003 [INFO] ApiDb:261 - Set plugin images path to: /opt/st/stm32cubeide_1.16.1/plugins/com.st.stm32cube.common.mx_6.12.1.202409122256//db//plugins/mcufinder/images/
2024-11-24 12:26:32,003 [WARN] DbFile:41 - Overriding database path with different value: /home/sharad/.stmcufinder/plugins/mcufinder/ => /home/sharad/.stmcufinder/plugins/mcufinder
2024-11-24 12:26:32,003 [INFO] ApiDb:250 - Set database path to: /home/sharad/.stmcufinder/plugins/mcufinder//mcu/
2024-11-24 12:26:32,004 [WARN] DbFile:41 - Overriding database path with different value: /home/sharad/.stmcufinder/plugins/mcufinder/ => /home/sharad/.stmcufinder/plugins/mcufinder
2024-11-24 12:26:32,004 [INFO] DbMcusAds:125 - Set database path to: /home/sharad/.stmcufinder/plugins/mcufinder//mcu/
2024-11-24 12:26:32,004 [WARN] DbFile:41 - Overriding database path with different value: /home/sharad/.stmcufinder/plugins/mcufinder/ => /home/sharad/.stmcufinder/plugins/mcufinder
2024-11-24 12:26:32,004 [WARN] DbFile:41 - Overriding database path with different value: /home/sharad/.stmcufinder/plugins/mcufinder/ => /home/sharad/.stmcufinder/plugins/mcufinder
2024-11-24 12:26:32,004 [INFO] CrossReferenceDbSqlite:203 - Set database path to: /home/sharad/.stmcufinder/plugins/mcufinder//mcu/cs/
2024-11-24 12:26:32,014 [INFO] ApplicationProperties:184 - Using Application install path: /opt/st/stm32cubeide_1.16.1/plugins/com.st.stm32cube.common.mx_6.12.1.202409122256
2024-11-24 12:26:32,015 [INFO] PluginManage:196 - Search for loadable plugins [exclusion list=, ]
2024-11-24 12:26:32,015 [INFO] PluginManage:310 - Check plugin analytics
2024-11-24 12:26:32,108 [INFO] AnalyticsPlugin:253 - Accepted Software Licenses: 
2024-11-24 12:26:32,108 [INFO] AnalyticsPlugin:255 - Accepted CMSIS Pack Licenses: 
2024-11-24 12:26:32,108 [INFO] AnalyticsPlugin:257 - Accepted Firmware Licenses: 
2024-11-24 12:26:32,110 [INFO] PluginManage:359 - Loaded plugin analytics (category:tool,tabindex:-1)
2024-11-24 12:26:32,110 [INFO] PluginManage:310 - Check plugin cadmodel
2024-11-24 12:26:32,113 [INFO] CADModel:105 - Init CAD model plugin
2024-11-24 12:26:32,113 [INFO] PluginManage:359 - Loaded plugin cadmodel (category:power,tabindex:5)
2024-11-24 12:26:32,113 [INFO] PluginManage:310 - Check plugin clock
2024-11-24 12:26:32,119 [INFO] PluginManage:359 - Loaded plugin clock (category:base,tabindex:2)
2024-11-24 12:26:32,119 [INFO] PluginManage:310 - Check plugin ddr
2024-11-24 12:26:32,120 [INFO] PluginManage:359 - Loaded plugin ddr (category:tool,tabindex:6)
2024-11-24 12:26:32,120 [INFO] PluginManage:310 - Check plugin filemanager
2024-11-24 12:26:32,205 [INFO] PluginManage:359 - Loaded plugin filemanager (category:base,tabindex:10)
2024-11-24 12:26:32,206 [INFO] PluginManage:310 - Check plugin ipmanager
2024-11-24 12:26:32,209 [INFO] PluginManage:359 - Loaded plugin ipmanager (category:base,tabindex:5)
2024-11-24 12:26:32,209 [INFO] PluginManage:310 - Check plugin lpbam
2024-11-24 12:26:32,214 [INFO] PluginManage:359 - Loaded plugin lpbam (category:base,tabindex:0)
2024-11-24 12:26:32,214 [INFO] PluginManage:310 - Check plugin memorymap
2024-11-24 12:26:32,221 [INFO] PluginManage:359 - Loaded plugin memorymap (category:base,tabindex:4)
2024-11-24 12:26:32,221 [INFO] PluginManage:310 - Check plugin pinoutandconfiguration
2024-11-24 12:26:32,225 [INFO] PluginManage:359 - Loaded plugin pinoutandconfiguration (category:base,tabindex:1)
2024-11-24 12:26:32,225 [INFO] PluginManage:310 - Check plugin pinoutconfig
2024-11-24 12:26:32,281 [WARN] SupportedApi:132 - Cannot load RTOS API schema: s4s-elt-must-match.1: The content of 'definitions' must match (annotation?, (simpleType | complexType)?, (unique | key | keyref)*)). A problem was found starting at: attribute.
2024-11-24 12:26:32,363 [INFO] PluginManage:359 - Loaded plugin pinoutconfig (category:base,tabindex:0)
2024-11-24 12:26:32,363 [INFO] PluginManage:310 - Check plugin power
2024-11-24 12:26:32,368 [INFO] PluginManage:359 - Loaded plugin power (category:power,tabindex:4)
2024-11-24 12:26:32,368 [INFO] PluginManage:310 - Check plugin projectmanager
2024-11-24 12:26:32,389 [INFO] PluginManage:359 - Loaded plugin projectmanager (category:projectmanager,tabindex:4)
2024-11-24 12:26:32,390 [INFO] PluginManage:310 - Check plugin rif
2024-11-24 12:26:32,393 [INFO] PluginManage:359 - Loaded plugin rif (category:base,tabindex:3)
2024-11-24 12:26:32,393 [INFO] PluginManage:310 - Check plugin thirdparty
2024-11-24 12:26:32,474 [INFO] PluginManage:359 - Loaded plugin thirdparty (category:base,tabindex:-1)
2024-11-24 12:26:32,474 [WARN] IntegrityCheckThread:84 - waiting for thirdparty lock release [integrity check]
2024-11-24 12:26:32,474 [INFO] PluginManage:310 - Check plugin tools
2024-11-24 12:26:32,474 [INFO] IntegrityCheckThread:86 - entering critical section [integrity check]
2024-11-24 12:26:32,475 [INFO] ThirdPartyUpdaterWithRetryManager:70 - Updater plugin not ready yet. [1/15]
2024-11-24 12:26:32,476 [INFO] PluginManage:359 - Loaded plugin tools (category:base,tabindex:7)
2024-11-24 12:26:32,476 [INFO] PluginManage:310 - Check plugin tutovideos
2024-11-24 12:26:32,593 [INFO] PluginManage:359 - Loaded plugin tutovideos (category:base,tabindex:-1)
2024-11-24 12:26:32,594 [INFO] PluginManage:310 - Check plugin updater
2024-11-24 12:26:32,606 [INFO] PluginManage:359 - Loaded plugin updater (category:base,tabindex:12)
2024-11-24 12:26:32,607 [INFO] PluginManage:310 - Check plugin userauth
2024-11-24 12:26:32,610 [INFO] UserAuth:113 - Init User Auth plugin
2024-11-24 12:26:32,610 [INFO] PluginManage:359 - Loaded plugin userauth (category:base,tabindex:14)
2024-11-24 12:26:32,610 [INFO] PluginManage:283 - PluginManage : Loaded plugins [18]
2024-11-24 12:26:32,719 [INFO] PinOutPanel:1561 - setPackage(No Configuration,No Configuration)
2024-11-24 12:26:32,768 [INFO] CADModel:165 - CPN selected for project level
2024-11-24 12:26:32,769 [INFO] CADModel:114 - Register for checkConnection events
2024-11-24 12:26:32,774 [INFO] IPUIPlugin:80 - create IPUIPlugin
2024-11-24 12:26:32,775 [INFO] PluginManager:220 - loadIPPluginJar : add gtzc
2024-11-24 12:26:32,775 [INFO] IPUIPlugin:80 - create IPUIPlugin
2024-11-24 12:26:32,776 [INFO] PluginManager:220 - loadIPPluginJar : add comp
2024-11-24 12:26:32,778 [INFO] IPUIPlugin:80 - create IPUIPlugin
2024-11-24 12:26:32,778 [INFO] PluginManager:220 - loadIPPluginJar : add hash
2024-11-24 12:26:32,780 [INFO] IPUIPlugin:80 - create IPUIPlugin
2024-11-24 12:26:32,780 [INFO] PluginManager:220 - loadIPPluginJar : add dma3
2024-11-24 12:26:32,781 [INFO] IPUIPlugin:80 - create IPUIPlugin
2024-11-24 12:26:32,782 [INFO] PluginManager:220 - loadIPPluginJar : add touchsensing
2024-11-24 12:26:32,783 [INFO] IPUIPlugin:80 - create IPUIPlugin
2024-11-24 12:26:32,783 [INFO] PluginManager:220 - loadIPPluginJar : add lorawan
2024-11-24 12:26:32,784 [INFO] IPUIPlugin:80 - create IPUIPlugin
2024-11-24 12:26:32,784 [INFO] PluginManager:220 - loadIPPluginJar : add ts
2024-11-24 12:26:32,784 [INFO] IPUIPlugin:80 - create IPUIPlugin
2024-11-24 12:26:32,784 [INFO] PluginManager:220 - loadIPPluginJar : add genericplugin
2024-11-24 12:26:32,785 [INFO] IPUIPlugin:80 - create IPUIPlugin
2024-11-24 12:26:32,785 [INFO] PluginManager:220 - loadIPPluginJar : add tracer_emb
2024-11-24 12:26:32,786 [INFO] IPUIPlugin:80 - create IPUIPlugin
2024-11-24 12:26:32,787 [INFO] PluginManager:220 - loadIPPluginJar : add extmemmanager
2024-11-24 12:26:32,788 [INFO] IPUIPlugin:80 - create IPUIPlugin
2024-11-24 12:26:32,788 [INFO] PluginManager:220 - loadIPPluginJar : add can
2024-11-24 12:26:32,789 [INFO] IPUIPlugin:80 - create IPUIPlugin
2024-11-24 12:26:32,790 [INFO] PluginManager:220 - loadIPPluginJar : add nvic
2024-11-24 12:26:32,793 [INFO] IPUIPlugin:80 - create IPUIPlugin
2024-11-24 12:26:32,793 [INFO] PluginManager:220 - loadIPPluginJar : add adc
2024-11-24 12:26:32,795 [INFO] IPUIPlugin:80 - create IPUIPlugin
2024-11-24 12:26:32,795 [INFO] PluginManager:220 - loadIPPluginJar : add i3c
2024-11-24 12:26:32,795 [INFO] IPUIPlugin:80 - create IPUIPlugin
2024-11-24 12:26:32,795 [INFO] PluginManager:220 - loadIPPluginJar : add ltdc
2024-11-24 12:26:32,796 [INFO] IPUIPlugin:80 - create IPUIPlugin
2024-11-24 12:26:32,796 [INFO] PluginManager:220 - loadIPPluginJar : add openamp
2024-11-24 12:26:32,798 [INFO] IPUIPlugin:80 - create IPUIPlugin
2024-11-24 12:26:32,798 [INFO] PluginManager:220 - loadIPPluginJar : add i2c
2024-11-24 12:26:32,799 [INFO] IPUIPlugin:80 - create IPUIPlugin
2024-11-24 12:26:32,799 [INFO] PluginManager:220 - loadIPPluginJar : add pdm2pcm
2024-11-24 12:26:32,801 [INFO] IPUIPlugin:80 - create IPUIPlugin
2024-11-24 12:26:32,801 [INFO] PluginManager:220 - loadIPPluginJar : add fmc
2024-11-24 12:26:32,802 [INFO] IPUIPlugin:80 - create IPUIPlugin
2024-11-24 12:26:32,802 [INFO] PluginManager:220 - loadIPPluginJar : add spi
2024-11-24 12:26:32,803 [INFO] IPUIPlugin:80 - create IPUIPlugin
2024-11-24 12:26:32,803 [INFO] PluginManager:220 - loadIPPluginJar : add fatfs
2024-11-24 12:26:32,804 [INFO] IPUIPlugin:80 - create IPUIPlugin
2024-11-24 12:26:32,804 [INFO] PluginManager:220 - loadIPPluginJar : add dfsdm
2024-11-24 12:26:32,808 [INFO] IPUIPlugin:80 - create IPUIPlugin
2024-11-24 12:26:32,808 [INFO] PluginManager:220 - loadIPPluginJar : add linkedlist
2024-11-24 12:26:32,809 [INFO] IPUIPlugin:80 - create IPUIPlugin
2024-11-24 12:26:32,809 [INFO] PluginManager:220 - loadIPPluginJar : add tim
2024-11-24 12:26:32,810 [INFO] IPUIPlugin:80 - create IPUIPlugin
2024-11-24 12:26:32,810 [INFO] PluginManager:220 - loadIPPluginJar : add quadspi
2024-11-24 12:26:32,812 [INFO] IPUIPlugin:80 - create IPUIPlugin
2024-11-24 12:26:32,812 [INFO] PluginManager:220 - loadIPPluginJar : add ddr_ctrl_phy
2024-11-24 12:26:32,815 [INFO] IPUIPlugin:80 - create IPUIPlugin
2024-11-24 12:26:32,816 [INFO] PluginManager:220 - loadIPPluginJar : add plateformsettings
2024-11-24 12:26:32,819 [INFO] IPUIPlugin:80 - create IPUIPlugin
2024-11-24 12:26:32,819 [INFO] PluginManager:220 - loadIPPluginJar : add mdma
2024-11-24 12:26:32,822 [INFO] IPUIPlugin:80 - create IPUIPlugin
2024-11-24 12:26:32,822 [INFO] PluginManager:220 - loadIPPluginJar : add stm32_wpan
2024-11-24 12:26:32,825 [INFO] IPUIPlugin:80 - create IPUIPlugin
2024-11-24 12:26:32,825 [INFO] PluginManager:220 - loadIPPluginJar : add freertos
2024-11-24 12:26:32,828 [INFO] IPUIPlugin:80 - create IPUIPlugin
2024-11-24 12:26:32,829 [INFO] PluginManager:220 - loadIPPluginJar : add dma
2024-11-24 12:26:32,830 [INFO] IPUIPlugin:80 - create IPUIPlugin
2024-11-24 12:26:32,830 [INFO] PluginManager:220 - loadIPPluginJar : add cryp
2024-11-24 12:26:32,831 [INFO] IPUIPlugin:80 - create IPUIPlugin
2024-11-24 12:26:32,831 [INFO] PluginManager:220 - loadIPPluginJar : add gfxmmu
2024-11-24 12:26:32,833 [INFO] IPUIPlugin:80 - create IPUIPlugin
2024-11-24 12:26:32,833 [INFO] PluginManager:220 - loadIPPluginJar : add sai
2024-11-24 12:26:32,834 [INFO] IPUIPlugin:80 - create IPUIPlugin
2024-11-24 12:26:32,834 [INFO] PluginManager:220 - loadIPPluginJar : add ucpd
2024-11-24 12:26:32,836 [INFO] IPUIPlugin:80 - create IPUIPlugin
2024-11-24 12:26:32,836 [INFO] PluginManager:220 - loadIPPluginJar : add usart
2024-11-24 12:26:32,837 [INFO] IPUIPlugin:80 - create IPUIPlugin
2024-11-24 12:26:32,837 [INFO] PluginManager:220 - loadIPPluginJar : add aes
2024-11-24 12:26:32,839 [INFO] IPUIPlugin:80 - create IPUIPlugin
2024-11-24 12:26:32,839 [INFO] PluginManager:220 - loadIPPluginJar : add i2s
2024-11-24 12:26:32,842 [INFO] IPUIPlugin:80 - create IPUIPlugin
2024-11-24 12:26:32,842 [INFO] PluginManager:220 - loadIPPluginJar : add gpio
2024-11-24 12:26:32,845 [INFO] IPUIPlugin:80 - create IPUIPlugin
2024-11-24 12:26:32,845 [INFO] PluginManager:220 - loadIPPluginJar : add gic
2024-11-24 12:26:32,848 [INFO] IPUIPlugin:80 - create IPUIPlugin
2024-11-24 12:26:32,848 [INFO] PluginManager:220 - loadIPPluginJar : add ipddr
2024-11-24 12:26:32,849 [INFO] IPUIPlugin:80 - create IPUIPlugin
2024-11-24 12:26:32,849 [INFO] PluginManager:220 - loadIPPluginJar : add tsc
2024-11-24 12:26:32,851 [INFO] IPUIPlugin:80 - create IPUIPlugin
2024-11-24 12:26:32,851 [INFO] PluginManager:220 - loadIPPluginJar : add resmgrutility
2024-11-24 12:26:32,853 [INFO] IPUIPlugin:80 - create IPUIPlugin
2024-11-24 12:26:32,853 [INFO] PluginManager:220 - loadIPPluginJar : add usbx
2024-11-24 12:26:32,855 [INFO] IPUIPlugin:80 - create IPUIPlugin
2024-11-24 12:26:32,855 [INFO] PluginManager:220 - loadIPPluginJar : add radio
2024-11-24 12:26:32,857 [INFO] IPUIPlugin:80 - create IPUIPlugin
2024-11-24 12:26:32,857 [INFO] PluginManager:220 - loadIPPluginJar : add opamp
2024-11-24 12:26:32,956 [INFO] CADModel:165 - CPN selected for project level
2024-11-24 12:26:32,956 [INFO] CADModel:114 - Register for checkConnection events
2024-11-24 12:26:32,956 [FATAL] Updater:334 - Updater called before beeing initialized
2024-11-24 12:26:32,956 [ERROR] CADModel:125 - Updater not yet initialized, retry later 
2024-11-24 12:26:33,033 [INFO] CADModel:165 - CPN selected for project level
2024-11-24 12:26:33,033 [INFO] CADModel:114 - Register for checkConnection events
2024-11-24 12:26:33,033 [FATAL] Updater:334 - Updater called before beeing initialized
2024-11-24 12:26:33,033 [ERROR] CADModel:125 - Updater not yet initialized, retry later 
2024-11-24 12:26:33,035 [FATAL] Updater:334 - Updater called before beeing initialized
2024-11-24 12:26:33,086 [FATAL] Updater:334 - Updater called before beeing initialized
2024-11-24 12:26:33,089 [INFO] DbMcusAds:53 - JSON generation date=Fri Sep 20 18:34:38 IST 2024 (1726837478367)
2024-11-24 12:26:33,089 [FATAL] Updater:334 - Updater called before beeing initialized
2024-11-24 12:26:33,112 [WARN] DetailPanel:346 - Failed to get advertising image, set to default
2024-11-24 12:26:33,171 [FATAL] Updater:334 - Updater called before beeing initialized
2024-11-24 12:26:33,172 [FATAL] Updater:334 - Updater called before beeing initialized
2024-11-24 12:26:33,173 [FATAL] Updater:334 - Updater called before beeing initialized
2024-11-24 12:26:33,173 [WARN] DetailPanel:346 - Failed to get advertising image, set to default
2024-11-24 12:26:33,173 [FATAL] Updater:334 - Updater called before beeing initialized
2024-11-24 12:26:33,196 [ERROR] Updater:1164 - MainUpdater not yet initialized. External WinMGr cannot be set.
2024-11-24 12:26:33,197 [INFO] Updater:1100 - Updater Version found : 6.12.1
2024-11-24 12:26:33,208 [INFO] ApplicationProperties:184 - Using Application install path: /opt/st/stm32cubeide_1.16.1/plugins/com.st.stm32cube.common.mx_6.12.1.202409122256
2024-11-24 12:26:33,558 [INFO] MainUpdater:2873 - connection check result : 10
2024-11-24 12:26:33,558 [INFO] MainUpdater:290 - Updater Check For Update Now.
2024-11-24 12:26:33,558 [INFO] MicroXplorer:498 - Change Database Version : DB.6.0.121
2024-11-24 12:26:33,563 [INFO] McuFinderGlobals:63 - Set McuFinder mode to 2 (CubeIDE integrated)
2024-11-24 12:26:33,563 [INFO] UserAuth:179 - activating auth plugin
2024-11-24 12:26:33,565 [INFO] UserAuth:417 - Internet connection configuration mode: 1
2024-11-24 12:26:33,572 [INFO] JxBrowserEngine:152 - Initiate JxBrowser Engine with user profile folder
2024-11-24 12:26:33,714 [INFO] CheckServerUpdateThread:120 - End of CheckServer Thread
2024-11-24 12:26:33,993 [INFO] WebApp:167 - Instantiating new browser for Auth
2024-11-24 12:26:34,463 [INFO] WebApp:448 - Apply proxy settings
2024-11-24 12:26:34,463 [INFO] WebApp:533 - Chromium requires no authentication
2024-11-24 12:26:34,468 [INFO] WebApp:476 - Direct internet connection detected
2024-11-24 12:26:34,480 [INFO] WebApp:869 - Register for checkConnection events
2024-11-24 12:26:34,480 [INFO] WebApp:448 - Apply proxy settings
2024-11-24 12:26:34,480 [INFO] WebApp:533 - Chromium requires no authentication
2024-11-24 12:26:34,480 [INFO] WebApp:476 - Direct internet connection detected
2024-11-24 12:26:34,567 [INFO] WebApp:220 - Starting web application
2024-11-24 12:26:34,567 [INFO] WebApp:578 - Web application path used /opt/st/stm32cubeide_1.16.1/plugins/com.st.stm32cube.common.mx_6.12.1.202409122256/db/plugins/mcufinder/reactClient1/index.html
2024-11-24 12:26:34,796 [INFO] WebApp:186 - Connection restablished
2024-11-24 12:26:35,551 [WARN] PackLoader:240 - Cannot read IP mode file for STMicroelectronics.FP-SNS-MOTENVWB1.1.4.0
2024-11-24 12:26:35,557 [WARN] PackLoader:240 - Cannot read IP mode file for STMicroelectronics.FP-ATR-ASTRA1.2.0.1
2024-11-24 12:26:35,562 [WARN] PackLoader:240 - Cannot read IP mode file for STMicroelectronics.X-CUBE-SMBUS.2.1.0
2024-11-24 12:26:35,567 [WARN] PackLoader:240 - Cannot read IP mode file for STMicroelectronics.X-CUBE-WB05N.1.1.0
2024-11-24 12:26:35,599 [WARN] PackLoader:240 - Cannot read IP mode file for STMicroelectronics.X-CUBE-AZRTOS-F7.1.1.0
2024-11-24 12:26:35,681 [WARN] PackLoader:240 - Cannot read IP mode file for STMicroelectronics.X-CUBE-MEMS1.11.0.0
2024-11-24 12:26:35,852 [WARN] PackLoader:240 - Cannot read IP mode file for STMicroelectronics.FP-SNS-FLIGHT1.5.0.2
2024-11-24 12:26:35,858 [WARN] PackLoader:240 - Cannot read IP mode file for STMicroelectronics.X-CUBE-DISPLAY.3.0.0
2024-11-24 12:26:35,866 [WARN] PackLoader:240 - Cannot read IP mode file for STMicroelectronics.X-CUBE-BLE1.7.0.0
2024-11-24 12:26:35,870 [WARN] PackLoader:240 - Cannot read IP mode file for STMicroelectronics.X-CUBE-NFC10.1.0.0
2024-11-24 12:26:35,875 [WARN] PackLoader:240 - Cannot read IP mode file for emotas.I-CUBE-CANOPEN.1.3.0
2024-11-24 12:26:35,880 [WARN] PackLoader:240 - Cannot read IP mode file for STMicroelectronics.X-CUBE-BLEMGR.3.1.0
2024-11-24 12:26:35,884 [WARN] PackLoader:240 - Cannot read IP mode file for STMicroelectronics.FP-SNS-SMARTAG2.1.2.0
2024-11-24 12:26:35,890 [INFO] LogOutputStream:77 - [STDOUT_REDIRECT] 1 : Invalid condition id : UX_CORESTACK_Condition cause : null
2024-11-24 12:26:35,891 [INFO] LogOutputStream:77 - [STDOUT_REDIRECT] 1 : Invalid condition id : UX_CORESTACK_Condition cause : null
2024-11-24 12:26:35,891 [INFO] LogOutputStream:77 - [STDOUT_REDIRECT] 1 : Invalid condition id : UX_CORESTACK_Condition cause : null
2024-11-24 12:26:35,891 [INFO] LogOutputStream:77 - [STDOUT_REDIRECT] 1 : Invalid condition id : UX_CORESTACK_Condition cause : null
2024-11-24 12:26:35,892 [INFO] LogOutputStream:77 - [STDOUT_REDIRECT] 1 : Invalid condition id : UX_CORESTACK_Condition cause : null
2024-11-24 12:26:35,893 [WARN] PackLoader:240 - Cannot read IP mode file for STMicroelectronics.X-CUBE-AZRTOS-WL.2.0.0
2024-11-24 12:26:35,897 [WARN] PackLoader:240 - Cannot read IP mode file for STMicroelectronics.FP-SNS-MOTENV1.5.0.0
2024-11-24 12:26:35,901 [WARN] PackLoader:240 - Cannot read IP mode file for wolfSSL.I-CUBE-wolfMQTT.1.19.0
2024-11-24 12:26:35,905 [WARN] PackLoader:240 - Cannot read IP mode file for WES.I-CUBE-Cesium.1.3.0
2024-11-24 12:26:35,908 [WARN] PackLoader:240 - Cannot read IP mode file for STMicroelectronics.X-CUBE-BLE2.3.3.0
2024-11-24 12:26:35,912 [WARN] PackLoader:240 - Cannot read IP mode file for STMicroelectronics.X-CUBE-NFC9.1.0.0
2024-11-24 12:26:35,917 [WARN] PackLoader:240 - Cannot read IP mode file for STMicroelectronics.X-CUBE-TCPP.4.1.0
2024-11-24 12:26:35,929 [WARN] PackLoader:240 - Cannot read IP mode file for STMicroelectronics.X-CUBE-AZRTOS-G0.1.1.0
2024-11-24 12:26:35,934 [WARN] PackLoader:240 - Cannot read IP mode file for STMicroelectronics.X-CUBE-SAFEA1.1.2.2
2024-11-24 12:26:35,939 [WARN] PackLoader:240 - Cannot read IP mode file for STMicroelectronics.X-CUBE-NFC4.3.0.0
2024-11-24 12:26:35,945 [WARN] PackLoader:240 - Cannot read IP mode file for EmbeddedOffice.I-CUBE-FS-RTOS.1.0.1
2024-11-24 12:26:35,945 [ERROR] ConditionMgr:805 - Attr not supported : Dmpu
2024-11-24 12:26:35,945 [ERROR] ConditionMgr:805 - Attr not supported : Dmpu
2024-11-24 12:26:35,945 [ERROR] ConditionMgr:805 - Attr not supported : Dmpu
2024-11-24 12:26:35,945 [ERROR] ConditionMgr:805 - Attr not supported : Dmpu
2024-11-24 12:26:35,945 [ERROR] ConditionMgr:805 - Attr not supported : Dmpu
2024-11-24 12:26:35,945 [ERROR] ConditionMgr:805 - Attr not supported : Dmpu
2024-11-24 12:26:35,946 [ERROR] ConditionMgr:805 - Attr not supported : Dmpu
2024-11-24 12:26:35,946 [ERROR] ConditionMgr:805 - Attr not supported : Dmpu
2024-11-24 12:26:35,946 [ERROR] ConditionMgr:805 - Attr not supported : Dmpu
2024-11-24 12:26:35,946 [ERROR] ConditionMgr:805 - Attr not supported : Dmpu
2024-11-24 12:26:35,946 [ERROR] ConditionMgr:805 - Attr not supported : Dmpu
2024-11-24 12:26:35,946 [ERROR] ConditionMgr:805 - Attr not supported : Dmpu
2024-11-24 12:26:35,946 [ERROR] ConditionMgr:805 - Attr not supported : Dmpu
2024-11-24 12:26:35,946 [ERROR] ConditionMgr:805 - Attr not supported : Dmpu
2024-11-24 12:26:35,946 [ERROR] ConditionMgr:805 - Attr not supported : Dmpu
2024-11-24 12:26:35,946 [ERROR] ConditionMgr:805 - Attr not supported : Dmpu
2024-11-24 12:26:35,946 [ERROR] ConditionMgr:805 - Attr not supported : Dmpu
2024-11-24 12:26:35,946 [ERROR] ConditionMgr:805 - Attr not supported : Dmpu
2024-11-24 12:26:35,947 [ERROR] ConditionMgr:805 - Attr not supported : Dmpu
2024-11-24 12:26:35,947 [ERROR] ConditionMgr:805 - Attr not supported : Dmpu
2024-11-24 12:26:35,947 [ERROR] ConditionMgr:805 - Attr not supported : Dmpu
2024-11-24 12:26:35,947 [ERROR] ConditionMgr:805 - Attr not supported : Dmpu
2024-11-24 12:26:35,947 [ERROR] ConditionMgr:805 - Attr not supported : Dmpu
2024-11-24 12:26:35,947 [ERROR] ConditionMgr:805 - Attr not supported : Dmpu
2024-11-24 12:26:35,947 [ERROR] ConditionMgr:805 - Attr not supported : Dmpu
2024-11-24 12:26:35,947 [ERROR] ConditionMgr:805 - Attr not supported : Dmpu
2024-11-24 12:26:35,947 [ERROR] ConditionMgr:805 - Attr not supported : Dmpu
2024-11-24 12:26:35,947 [ERROR] ConditionMgr:805 - Attr not supported : Dmpu
2024-11-24 12:26:35,948 [ERROR] ConditionMgr:805 - Attr not supported : Dmpu
2024-11-24 12:26:35,948 [ERROR] ConditionMgr:805 - Attr not supported : Dmpu
2024-11-24 12:26:35,948 [ERROR] ConditionMgr:805 - Attr not supported : Dmpu
2024-11-24 12:26:35,948 [ERROR] ConditionMgr:805 - Attr not supported : Dmpu
2024-11-24 12:26:35,948 [ERROR] ConditionMgr:805 - Attr not supported : Dmpu
2024-11-24 12:26:35,948 [ERROR] ConditionMgr:805 - Attr not supported : Dmpu
2024-11-24 12:26:35,948 [ERROR] ConditionMgr:805 - Attr not supported : Dmpu
2024-11-24 12:26:35,948 [ERROR] ConditionMgr:805 - Attr not supported : Dmpu
2024-11-24 12:26:35,948 [ERROR] ConditionMgr:805 - Attr not supported : Dmpu
2024-11-24 12:26:35,948 [ERROR] ConditionMgr:805 - Attr not supported : Dmpu
2024-11-24 12:26:35,948 [ERROR] ConditionMgr:805 - Attr not supported : Dmpu
2024-11-24 12:26:35,948 [ERROR] ConditionMgr:805 - Attr not supported : Dmpu
2024-11-24 12:26:35,948 [ERROR] ConditionMgr:805 - Attr not supported : Dmpu
2024-11-24 12:26:35,948 [ERROR] ConditionMgr:805 - Attr not supported : Dmpu
2024-11-24 12:26:35,949 [ERROR] ConditionMgr:805 - Attr not supported : Dmpu
2024-11-24 12:26:35,949 [ERROR] ConditionMgr:805 - Attr not supported : Dmpu
2024-11-24 12:26:35,949 [ERROR] ConditionMgr:805 - Attr not supported : Dmpu
2024-11-24 12:26:35,949 [ERROR] ConditionMgr:805 - Attr not supported : Dmpu
2024-11-24 12:26:35,949 [ERROR] ConditionMgr:805 - Attr not supported : Dmpu
2024-11-24 12:26:35,949 [ERROR] ConditionMgr:805 - Attr not supported : Dmpu
2024-11-24 12:26:35,949 [ERROR] ConditionMgr:805 - Attr not supported : Dmpu
2024-11-24 12:26:35,949 [ERROR] ConditionMgr:805 - Attr not supported : Dmpu
2024-11-24 12:26:35,949 [ERROR] ConditionMgr:805 - Attr not supported : Dmpu
2024-11-24 12:26:35,949 [ERROR] ConditionMgr:805 - Attr not supported : Dmpu
2024-11-24 12:26:35,949 [ERROR] ConditionMgr:805 - Attr not supported : Dmpu
2024-11-24 12:26:35,949 [ERROR] ConditionMgr:805 - Attr not supported : Dmpu
2024-11-24 12:26:35,949 [ERROR] ConditionMgr:805 - Attr not supported : Dmpu
2024-11-24 12:26:35,950 [ERROR] ConditionMgr:805 - Attr not supported : Dmpu
2024-11-24 12:26:35,950 [ERROR] ConditionMgr:805 - Attr not supported : Dmpu
2024-11-24 12:26:35,950 [ERROR] ConditionMgr:805 - Attr not supported : Dmpu
2024-11-24 12:26:35,950 [ERROR] ConditionMgr:805 - Attr not supported : Dmpu
2024-11-24 12:26:35,950 [ERROR] ConditionMgr:805 - Attr not supported : Dmpu
2024-11-24 12:26:35,950 [ERROR] ConditionMgr:805 - Attr not supported : Dmpu
2024-11-24 12:26:35,950 [ERROR] ConditionMgr:805 - Attr not supported : Dmpu
2024-11-24 12:26:35,950 [ERROR] ConditionMgr:805 - Attr not supported : Dmpu
2024-11-24 12:26:35,950 [ERROR] ConditionMgr:805 - Attr not supported : Dmpu
2024-11-24 12:26:35,953 [WARN] PackLoader:240 - Cannot read IP mode file for RealThread.X-CUBE-RT-Thread_Nano.4.1.1
2024-11-24 12:26:35,955 [WARN] PackLoader:240 - Cannot read IP mode file for STMicroelectronics.FP-ATR-SIGFOX1.3.2.0
2024-11-24 12:26:35,959 [WARN] ConditionMgr:438 - getConditionDescription Invalid condition id : Cortex-A Device cause : null
2024-11-24 12:26:35,968 [WARN] ConditionMgr:1039 - genDependencies : Invalid condition id : Cortex-A Device cause : null
2024-11-24 12:26:35,968 [WARN] ConditionMgr:1039 - genDependencies : Invalid condition id : Cortex-A Device cause : null
2024-11-24 12:26:35,969 [WARN] ConditionMgr:1039 - genDependencies : Invalid condition id : Cortex-A Device cause : null
2024-11-24 12:26:35,972 [WARN] PackLoader:240 - Cannot read IP mode file for STMicroelectronics.X-CUBE-EEPRMA1.5.1.0
2024-11-24 12:26:35,976 [WARN] PackLoader:240 - Cannot read IP mode file for wolfSSL.I-CUBE-wolfSSL.5.7.4
2024-11-24 12:26:35,979 [WARN] PackLoader:240 - Cannot read IP mode file for ITTIA_DB.I-CUBE-ITTIADB.8.9.0
2024-11-24 12:26:35,995 [WARN] PackLoader:240 - Cannot read IP mode file for SEGGER.I-CUBE-embOS.1.3.1
2024-11-24 12:26:36,057 [WARN] PackLoader:240 - Cannot read IP mode file for STMicroelectronics.X-CUBE-ALGOBUILD.1.4.0
2024-11-24 12:26:36,061 [WARN] PackLoader:240 - Cannot read IP mode file for STMicroelectronics.X-CUBE-AI.9.1.0
2024-11-24 12:26:36,073 [WARN] PackLoader:240 - Cannot read IP mode file for STMicroelectronics.X-CUBE-AZRTOS-F4.1.1.0
2024-11-24 12:26:36,079 [WARN] PackLoader:240 - Cannot read IP mode file for STMicroelectronics.X-CUBE-ISPU.2.1.0
2024-11-24 12:26:36,084 [WARN] PackLoader:240 - Cannot read IP mode file for STMicroelectronics.X-CUBE-FREERTOS.1.2.0
2024-11-24 12:26:36,097 [WARN] PackLoader:240 - Cannot read IP mode file for STMicroelectronics.X-CUBE-AZRTOS-L5.2.0.0
2024-11-24 12:26:36,106 [WARN] PackLoader:240 - Cannot read IP mode file for STMicroelectronics.X-CUBE-NFC6.3.1.0
2024-11-24 12:26:36,112 [WARN] PackLoader:240 - Cannot read IP mode file for STMicroelectronics.X-CUBE-DPower.1.2.0
2024-11-24 12:26:36,116 [WARN] PackLoader:240 - Cannot read IP mode file for STMicroelectronics.X-CUBE-NFC7.1.0.1
2024-11-24 12:26:36,131 [WARN] ConditionMgr:438 - getConditionDescription Invalid condition id : LAN8742 Phy interface Condition cause : null
2024-11-24 12:26:36,132 [WARN] PackLoader:240 - Cannot read IP mode file for STMicroelectronics.X-CUBE-AZRTOS-L4.2.0.0
2024-11-24 12:26:36,133 [WARN] ConditionMgr:1039 - genDependencies : Invalid condition id : LAN8742 Phy interface Condition cause : null
2024-11-24 12:26:36,134 [WARN] ConditionMgr:1039 - genDependencies : Invalid condition id : LAN8742 Phy interface Condition cause : null
2024-11-24 12:26:36,135 [WARN] ConditionMgr:1039 - genDependencies : Invalid condition id : LAN8742 Phy interface Condition cause : null
2024-11-24 12:26:36,140 [WARN] PackLoader:240 - Cannot read IP mode file for STMicroelectronics.X-CUBE-SFXS2LP1.4.0.0
2024-11-24 12:26:36,157 [WARN] PackLoader:240 - Cannot read IP mode file for STMicroelectronics.X-CUBE-AZRTOS-H7.3.3.0
2024-11-24 12:26:36,169 [WARN] PackLoader:240 - Cannot read IP mode file for STMicroelectronics.X-CUBE-IPS.3.0.0
2024-11-24 12:26:36,189 [WARN] ConditionMgr:438 - getConditionDescription Invalid condition id : UX DEVICE CLASS RTOS Condition cause : null
2024-11-24 12:26:36,189 [WARN] ConditionMgr:438 - getConditionDescription Invalid condition id : UX DEVICE CLASS RTOS Condition cause : null
2024-11-24 12:26:36,191 [WARN] PackLoader:240 - Cannot read IP mode file for STMicroelectronics.X-CUBE-AZRTOS-WB.2.0.0
2024-11-24 12:26:36,192 [WARN] ConditionMgr:1039 - genDependencies : Invalid condition id : UX DEVICE CLASS RTOS Condition cause : null
2024-11-24 12:26:36,192 [WARN] ConditionMgr:1039 - genDependencies : Invalid condition id : UX DEVICE CLASS RTOS Condition cause : null
2024-11-24 12:26:36,193 [WARN] ConditionMgr:1039 - genDependencies : Invalid condition id : UX DEVICE CLASS RTOS Condition cause : null
2024-11-24 12:26:36,193 [WARN] ConditionMgr:1039 - genDependencies : Invalid condition id : UX DEVICE CLASS RTOS Condition cause : null
2024-11-24 12:26:36,193 [WARN] ConditionMgr:1039 - genDependencies : Invalid condition id : UX DEVICE CLASS RTOS Condition cause : null
2024-11-24 12:26:36,198 [WARN] PackLoader:240 - Cannot read IP mode file for STMicroelectronics.X-CUBE-GNSS1.7.0.0
2024-11-24 12:26:36,204 [WARN] PackLoader:240 - Cannot read IP mode file for STMicroelectronics.FP-SNS-STBOX1.2.0.0
2024-11-24 12:26:36,218 [WARN] PackLoader:240 - Cannot read IP mode file for STMicroelectronics.X-CUBE-SUBG2.5.0.0
2024-11-24 12:26:36,228 [WARN] PackLoader:240 - Cannot read IP mode file for Cesanta.I-CUBE-Mongoose.7.13.0
2024-11-24 12:26:36,238 [WARN] PackLoader:240 - Cannot read IP mode file for STMicroelectronics.X-CUBE-AZRTOS-G4.2.0.0
2024-11-24 12:26:36,243 [WARN] PackLoader:240 - Cannot read IP mode file for STMicroelectronics.X-CUBE-ALS.1.0.2
2024-11-24 12:26:36,248 [WARN] PackLoader:240 - Cannot read IP mode file for STMicroelectronics.X-CUBE-TOUCHGFX.4.24.1
2024-11-24 12:26:36,251 [WARN] PackLoader:240 - Cannot read IP mode file for wolfSSL.I-CUBE-wolfTPM.3.4.0
2024-11-24 12:26:36,254 [WARN] PackLoader:240 - Cannot read IP mode file for portGmbH.I-Cube-SoM-uGOAL.1.1.0
2024-11-24 12:26:36,265 [WARN] PackLoader:240 - Cannot read IP mode file for STMicroelectronics.X-CUBE-AZRTOS-H7RS.1.0.0
2024-11-24 12:26:36,275 [WARN] PackLoader:240 - Cannot read IP mode file for STMicroelectronics.X-CUBE-TOF1.3.4.2
2024-11-24 12:26:36,303 [WARN] PackLoader:240 - Cannot read IP mode file for Infineon.AIROC-Wi-Fi-Bluetooth-STM32.1.6.1
2024-11-24 12:26:36,311 [WARN] PackLoader:240 - Cannot read IP mode file for wolfSSL.I-CUBE-wolfSSH.1.4.17
2024-11-24 12:26:36,311 [INFO] ThirdParty:978 - Integrity check success = true
2024-11-24 12:26:36,311 [INFO] IntegrityCheckThread:100 - exiting critical section [integrity check]
2024-11-24 12:26:36,311 [INFO] IntegrityCheckThread:103 - End integrity checks thread
2024-11-24 13:35:06,473 [ERROR] LogOutputStream:75 - [STDERR_REDIRECT] 
